2019-10-09 08:39:50,颜色分类:米色（现货）尺码:35,跟店里的一样，价格便宜很多，一下子也高了好多，值得购入。颜色也看着干净，不像春天买的那双发黄的感觉
2019-10-06 09:43:32,颜色分类:米色（现货）尺码:38,鞋头款式：小圆头，显瘦，很喜欢的款式！ 鞋底材质：鞋底看着很厚实，其实很轻，唯一缺陷就是有气泡洞洞！平时穿37的，这回买的38。37的长短合适，但是左右有点挤了，所以选择了38。 鞋面材质：鞋面走线很好！ 风格：不错！
2019-10-02 00:51:20,颜色分类:米白尺码:37,鞋头款式：不挤脚，显瘦 鞋底材质：柔软舒适，不累脚 鞋面材质：纯皮不易起褶 风格：休闲风非常百搭，显高显腿长 爱不释手啊！观望的不要再犹豫了，我穿了好长一段时间，真的非常好，买过最成功的鞋子就是它了
2019-10-08 09:54:19,颜色分类:米色（现货）尺码:38,鞋头款式：鞋头很小，脚宽的朋友别入了，真的挤脚 鞋底材质：鞋底很轻，轻的让人怀疑这个价格，重要的是气泡气泡气泡，真的很多气泡 鞋面材质：鞋面皮质挺好的，为什么这双鞋后还没退，因为显高阿，6厘米不是盖的，价格398入的。
2019-10-07 17:49:25,颜色分类:米白（预计付款后20天发货）尺码:36,上脚秀气 不磨脚 很轻便 重点高度合适 对小个友好 打call
2019-10-10 19:53:11,颜色分类:米白（预计付款后20天发货）尺码:36,好轻巧吖～最近买的两双老爹鞋都棒呆啦～感觉穿着走上两万步都不会累～爱了爱了
2019-10-08 18:44:39,颜色分类:米色（现货）尺码:36,第一次寄到的时候有一只有瑕疵 选择了换货 第二次收到的还是有同样的毛病 这就不太开心了 看着款式还喜欢的  价格也没有很贵 就懒得退了 我都怀疑是不是不好的货才在网上销售呢 发货之前难到不检查一下物品的质量吗 两次都是其中一只是这样的问题 这样的购物体验很不好 希望能做到线上线下同质量 毕竟价格并没有差别很大 一双鞋三四百不说贵 但也不是很便宜
2019-10-09 13:01:14,颜色分类:米色（现货）尺码:37,说实话，应该不是正品，一打开鞋盒刺鼻气味扑鼻而来，非常浓重，放阳台上一个星期了还挺浓的，鞋底边缘有劣质微小泡沫气孔，扫描条形码无此产品。鞋子整体远观还可以，又因退货麻烦故留下了，若很在意正品的建设别拍
2019-10-08 15:35:59,颜色分类:米白（预计付款后20天发货）尺码:37,给这个差评是因为售后巨慢，申请的换货客服永远不回复，过了两天还给我取消了！鞋子鞋舌也不对称，一个长一个短，也懒得再折腾换了！虽然是实体店发的货，但鞋子不是全新的，都是在店里试穿过的。鞋子码数偏小吧，平时37的大点，这个拍了37的顶脚，感觉以后还是去实体店比较好，毕竟看的见的。
2019-10-04 09:12:36,颜色分类:米白尺码:38,此用户没有填写评论!
2019-10-09 00:03:40,颜色分类:米白（预计付款后20天发货）尺码:37,米白色百搭，穿上柔软舒适，走路不累脚，还有增高的效果，鞋型秀气显脚小，唯一不足就是内底有点打滑。
2019-10-07 10:02:36,颜色分类:米色（现货）尺码:38,鞋子很好看，穿着舒服，大牌的就是不一样，质量好，很满意
2019-10-05 16:37:56,颜色分类:米白（预计付款后20天发货）尺码:34,实物很喜欢 皮质很软 鞋底也软 走路超舒适
2019-10-10 19:35:02,颜色分类:米白（预计付款后20天发货）尺码:36,鞋头款式：圆头秀气 鞋底材质：柔软舒适 鞋面材质：真皮软皮 风格：喜欢这样的风格
2019-10-08 13:34:23,颜色分类:米色（现货）尺码:38,鞋子很轻   穿着特别舒服  走路也不累  还保暖 物流也挺快的  好评
2019-10-09 20:13:07,颜色分类:米白（预计付款后20天发货）尺码:37,虽然写的预售，不过发货速度很快，担心老爹鞋偏大，所以买小一码，结果穿不了，还是按正常码买就好了，鞋子整体来说很不错，百丽品质还是值得信赖，价格多多做做活动，好评。卖家服务态度很好，很及时回复及解决问题。
2019-10-08 11:43:41,颜色分类:米色（现货）尺码:38,很喜欢！这一款显脚秀气～秋天不闷脚，穿着也很舒服～就是容易脏要注意
2019-10-06 22:40:47,颜色分类:米色（现货）尺码:39,挺喜欢的，好看舒服～
2019-09-29 19:54:46,颜色分类:米色（现货）尺码:38,鞋子的鞋垫很软和，鞋型可以中肯，妈妈就喜欢百丽的，一直都是忠实支持者，好评
2019-10-06 19:17:59,颜色分类:米色（现货）尺码:38,纯皮，质量棒棒，大品牌
2019-09-29 18:38:58,颜色分类:米白（预计付款后20天发货）尺码:37,百利的老顾客了，柜子里的鞋都是这个牌子的，轻便舒适，脚感好，值得选择～～
2019-10-04 10:00:14,颜色分类:米白（预计付款后20天发货）尺码:36,先买的35码，左脚有点小，果断换了36码，鞋子上脚很好看，鞋底软非常满意，家里有8双百丽鞋，算是百丽的花痴粉了，希望百丽越做越好，价格越做越低。
2019-10-06 14:28:37,颜色分类:米色（现货）尺码:36,不错，上脚好看
2019-10-07 23:19:50,颜色分类:米白（预计付款后20天发货）尺码:34,鞋面材质：皮 鞋头款式：非常喜欢，穿着也非常舒服
2019-09-23 14:59:34,颜色分类:米白（预计付款后20天发货）尺码:38,大牌就是大牌 钱花那那舒服 穿着爬山一天下来 脚一点都不疼 也不磨脚 确实舒服 鞋底很软 款式好看 还是内增高 对于我们小个子来说简直就是读音啊 阿哈哈哈哈
2019-09-28 12:36:50,颜色分类:米白（预计付款后20天发货）尺码:38,鞋面材质：软真皮 风格：显高显瘦能跑能跳可以的 《培根随笔》是英国哲学家、文学家弗朗西斯&middot;培根创作的随笔集。随笔主要是收录了一些议论性质的短文，涉及到政治、经济、宗教、爱情、婚姻、友谊、艺术、教育、伦理等方方面面，其中的《论读书》、 《论真理》、《论嫉妒》、 《论死亡》写得语言简洁文笔优美，说理透彻，警句迭出，蕴含着培根的思想精华，是培根文学方面的代表作。
2019-10-04 14:26:32,颜色分类:米白（预计付款后20天发货）尺码:36,好看、穿着也舒服、是真皮，值得购买
2019-09-25 19:23:41,颜色分类:米色（现货）尺码:35,鞋头款式：好看 鞋底材质：不硌脚 鞋面材质：舒服 风格：喜欢，缺一双小白鞋，碰到百丽家搞活动，赶紧入手了
2019-10-05 14:48:04,颜色分类:米色（现货）尺码:37,脚尖不舒适，款型不错
2019-10-07 12:58:04,颜色分类:米白（预计付款后20天发货）尺码:38,很舒服轻巧，就是37稍微小点，换了38大很多
2019-10-09 22:33:48,颜色分类:米白（预计付款后20天发货）尺码:34,比较轻便，款式80分，脚感还可以
2019-10-09 21:08:15,颜色分类:米白（预计付款后20天发货）尺码:39,质量真的好，好穿舒服，不显脚大，很棒的一款
2019-10-08 13:04:19,颜色分类:米色（现货）尺码:39,款式还好，就是鞋子是脏的，鞋底都发黑了，明显是试穿过的。 样式可以，就不退货了
2019-10-10 18:40:04,颜色分类:米白（预计付款后20天发货）尺码:36,很轻巧，不显脚大
2019-09-29 08:53:57,颜色分类:米白（预计付款后20天发货）尺码:37,我穿有点大，鞋型还不错，也很轻
2019-10-04 10:00:54,颜色分类:米白（预计付款后20天发货）尺码:39,鞋底很软 穿着舒服 没有想象中的笨拙 轻巧 方便走路
2019-10-02 08:01:04,颜色分类:米白（预计付款后20天发货）尺码:36,喜欢百丽家的鞋  鞋子很好  穿着舒服  卖家态度好  物流也快  很赞  值得购买
2019-09-23 13:55:17,颜色分类:米色尺码:35,收到第一眼有点吓到我了 看起来好大一双 后面穿上就还好习惯了就好了 穿上立马高了好多 哈哈哈  码数正常 配什么都好看 喜欢哦
2019-10-09 18:10:19,颜色分类:米白（预计付款后20天发货）尺码:34,完美，很漂亮，最近买了两双鞋，脚感舒适，赞👍
2019-09-07 11:58:38,颜色分类:米白尺码:35,此用户没有填写评论!
2019-10-04 23:38:06,颜色分类:米白（预计付款后20天发货）尺码:39,好久买东西没发表个评论了，这次购物很满意，先说物流，本来我看标着半月后才能发货，我做好了一月的心理准备了，结果半夜下的单，天亮就收到货了，怀疑我家隔壁是卖鞋的，速度惊人。再说这鞋，皮的没错，轻便显脚小，就颜色跟我想的不一样，但可以接受，给个满分是应该的
2019-10-07 20:06:34,颜色分类:米色（现货）尺码:39,宝妈穿上穿上很不错，棒棒哒
2019-09-27 10:07:59,颜色分类:米色（现货）尺码:35,鞋子很好看，老爹鞋看着底这么厚重，还担心太重不好走，结果上脚试了下，还挺轻便的不重，活动价格很美丽
2019-09-23 20:48:31,颜色分类:米白尺码:37,百丽的鞋子就是好，这款老爷鞋款式好看，很轻便，脚感也好
2019-10-03 15:52:17,颜色分类:米色（现货）尺码:40,去年的款，小熊鞋，穿起来显脚丫大，但是鞋子轻快，穿起来也舒服，
2019-10-07 21:32:55,颜色分类:米白（预计付款后20天发货）尺码:37,还行吧，有只鞋后跟粘在一起，有点磨脚
2019-09-26 19:48:30,颜色分类:米色（现货）尺码:35,鞋头款式：圆头 鞋底材质：软 鞋面材质：牛皮 风格：老爹
2019-09-23 12:09:59,颜色分类:米白尺码:37,鞋子收到了 特意穿一阵子才来评价的  穿起来显脚瘦 很秀气
2019-09-26 23:50:57,颜色分类:米色尺码:40,买的米色40的，原本担心笨重，结果还不错！舒适度可以的！满意！
2019-09-17 15:10:02,颜色分类:米色尺码:37,鞋子收到很多天了，开始拍小了，换了大1码的，皮质很好，鞋头设计也漂亮，很好看，和描述一样，穿起轻便，舒适鞋底厚而不重，我是他家的回头客了，买过多次我都满意。
2019-09-23 13:18:56,颜色分类:米白尺码:38,穿上非常舒服，而且不显脚胖，超级满意
2019-10-06 20:01:09,颜色分类:米色（现货）尺码:38,皮质挺好，鞋子没有异味，但是，但是，左脚鞋子内侧的小气泡让我难受。
2019-10-04 22:17:48,颜色分类:米白（预计付款后20天发货）尺码:34,穿着它去旅游的，舒服，脚不疼！
2019-10-09 21:47:39,颜色分类:米白（预计付款后20天发货）尺码:38,不错不错，挺好
2019-10-07 08:31:51,颜色分类:米色（现货）尺码:38,很满意的一次购物，鞋挺轻盈
2019-10-09 15:29:05,颜色分类:米白（预计付款后20天发货）尺码:35,喜欢，正适合现在穿。
2019-10-02 07:06:59,颜色分类:米白（预计付款后20天发货）尺码:35,鞋子不错，很轻，穿着很舒服，很满意呢
2019-10-05 13:43:21,颜色分类:米白（预计付款后20天发货）尺码:36,穿着很舒服，值得推荐。下次还来
2019-09-19 20:07:46,颜色分类:米色（现货）尺码:36,顺丰包邮啊！头一天买，第二天就到了。尺码还挺准的，上脚很适合，很轻，一直不敢买老爹鞋的原因是怕鞋子太重了，这款真的完全不用担心，而且鞋底很软，穿着不累脚，拿回来就穿上了！！应该是正品的，相信大品牌！
2019-09-16 08:04:40,颜色分类:米白尺码:36,鞋头款式：微圆，挺好看的，显脚小～  鞋底材质：鞋底柔软，而且鞋型好看，有特点，鞋底是一只熊猫。  鞋面材质：是皮的，摸起来很柔软啊。 风格：颜色是乳白色，偏米色。
2019-10-05 11:19:36,颜色分类:米色（现货）尺码:37,被人试穿过的，鞋底很脏，左脚的鞋底的边缘踩着很硬，有轮廓感，粘胶工在粘的时候没粘好，右边舒适，国庆急着穿就没退，不是很满意。
2019-09-30 09:16:16,颜色分类:米色（现货）尺码:38,刚开始穿有点磨小脚趾，穿了几天适应就好了，很好看
2019-09-26 11:38:08,颜色分类:米白（预计付款后20天发货）尺码:38,此用户没有填写评论!
2019-10-09 07:20:07,颜色分类:米白（预计付款后20天发货）尺码:38,很不错，母亲很喜欢
2019-09-28 10:37:00,颜色分类:米色（现货）尺码:37,喜欢收货就穿上了，不重起脚，发货也很快给力，下次还会买的
2019-09-29 19:04:20,颜色分类:米色（现货）尺码:40,穿着舒适度比较好
2019-09-26 09:27:22,颜色分类:米白（预计付款后20天发货）尺码:39,很舒服，鞋底也很软，喜欢！
2019-09-23 16:36:40,颜色分类:米白尺码:36,非常满意，穿了很舒服，同事看到要了链接
2019-09-17 18:22:33,颜色分类:米白（预计付款后20天发货）尺码:37,特快的速度！宝贝巳收到马上打开，哇真的很好，漂亮柔软，试穿了一下真的舒服，弹性可好呢。真皮同事们都说好，优惠，下次买鞋就认百丽贵店。
2019-09-27 18:57:19,颜色分类:米白（预计付款后20天发货）尺码:39,非常好啊，鞋底很舒服，很软很轻快，显瘦显高
2019-09-28 15:26:55,颜色分类:米白（预计付款后20天发货）尺码:36,宝贝不错，挺好的，穿在脚上很舒服的
2019-09-13 13:16:37,颜色分类:米白（预计付款后20天发货）尺码:37,鞋头款式：显瘦的款式，鞋码很正。 鞋面材质：感觉像皮的 风格：可甜可咸，都很百搭。
2019-10-02 06:07:10,颜色分类:米色（现货）尺码:37,感觉还可以吧
2019-09-28 21:34:30,颜色分类:米白（预计付款后20天发货）尺码:39,穿上很好看，也不显脚大，本地商场顺丰发货，当天就到啦，穿着比较轻便，感觉质量有保障。
2019-10-02 19:04:30,颜色分类:米白（预计付款后20天发货）尺码:38,鞋子里面很宽松的，一定要按正常码数购买，我平时穿37码，为了宽松点，和穿厚袜子，我就会买38码。 但是，这个38码，里面好大。不过对比别的37，38看着一样长啦。
2019-10-02 20:03:44,颜色分类:米白（预计付款后20天发货）尺码:35,非常舒服！
2019-09-26 21:00:30,颜色分类:米白（预计付款后20天发货）尺码:37,超喜欢的宝贝，穿上显脚小，也很养脚，值得拥有。
2019-09-29 07:16:53,颜色分类:米白（预计付款后20天发货）尺码:35,正品，质量很好
2019-10-05 11:42:13,颜色分类:米色（现货）尺码:38,鞋子好穿，正常尺码，就是看起来有点大呀，
2019-09-17 09:14:42,颜色分类:米色尺码:40,码数稍微偏小一点，鞋子内部很软很舒服，购买的时候建议大家看下鞋跟，鞋后跟比较突出
2019-09-21 15:55:47,颜色分类:米白（预计付款后20天发货）尺码:37,好看，简约百搭，穿着很轻便，不是白色也耐脏，包装也很好，喜欢哦。
2019-09-18 19:58:17,颜色分类:米白（预计付款后20天发货）尺码:36,鞋子穿起来很轻盈，不笨重，码数标准，鞋子是皮的，穿起来舒服，上脚好看，喜欢
2019-09-17 14:56:36,颜色分类:米色（现货）尺码:36,我给满分的这双鞋子。虽然有一点瑕疵，客服很快就解决了售后还是挺好的。这种鞋子穿上真的很好看，皮质还挺软的穿上挺舒服的。打算下次有活动再买一双。
2019-09-27 22:35:31,颜色分类:米白（预计付款后20天发货）尺码:35,还不错 是全皮的 比较上档次
2019-09-21 14:22:44,颜色分类:米白（预计付款后20天发货）尺码:36,此用户没有填写评论!
2019-09-19 11:30:10,颜色分类:米白（预计付款后20天发货）尺码:36,鞋头款式：一直想要一双这样的鞋子，很满意 鞋底材质：，鞋底很可爱， 鞋面材质：感觉很舒服 风格：暴走无压力
2019-09-17 15:34:30,颜色分类:米白（预计付款后20天发货）尺码:38,物流超快，第二天就到了，鞋子很喜欢，按正常码子拍的，因为有内增高，是坡跟的，脚会往前倾，所以脚尖有一丢丢抵脚的感觉，换的话要等20来天，穿穿应该会宽松一点吧
2019-09-28 17:06:17,颜色分类:米色（现货）尺码:38,鞋面材质：材质极差，全是气泡，产品描述不写瑕疵，到货才说有质量问题
2019-09-20 11:13:11,颜色分类:米白（预计付款后20天发货）尺码:38,终于买到一双满意的鞋子了，喜欢，没到之前还怕白色的显脚大，完全不会耶。。特别舒服。喜欢喜欢。。。
2019-09-14 10:36:51,颜色分类:米白尺码:39,鞋子质量很好，穿着舒服轻巧，就是评论有点晚，这几天有事，不好意思啦，很好很好鞋子
2019-10-03 16:53:10,颜色分类:米色（现货）尺码:38,发货的速度很快，客服态度也很好，很不错
2019-09-25 15:24:42,颜色分类:米色（现货）尺码:37,看评价很好就买了，确实很不错哈，穿着舒服
2019-09-11 18:16:20,颜色分类:米白尺码:37,穿了一天，很舒服很软，没有磨脚，一点儿也不显脚大，是我试了那么多双老爹鞋最满意的一双！
2019-09-15 11:35:56,颜色分类:米白（预计付款后20天发货）尺码:34,好看显脚小，这内增高着实让人喜欢
2019-10-02 19:11:09,颜色分类:米白（预计付款后20天发货）尺码:36,鞋头款式：不喜欢 鞋底材质：不柔软 鞋面材质：质量不好皮面还有线头那些 风格：是我喜欢的风格但是不是我想要的总之的结果就是不是很满意只能说还可以将就吧
2019-09-19 20:08:54,颜色分类:米白（预计付款后20天发货）尺码:37,鞋子穿起来很舒服，鞋面鞋底都很软，穿起来也很轻，很喜欢！
2019-09-27 17:29:31,颜色分类:米白尺码:35,喜欢的，作为老爹鞋没有显得大。
2019-09-11 20:30:19,颜色分类:米白（预计付款后20天发货）尺码:37,试穿一下非常适合，又舒服又轻巧，超级喜欢😊           喜欢的美眉可以放心买。
2019-09-17 12:34:02,颜色分类:米白（预计付款后20天发货）尺码:35,鞋码标准，鞋子轻巧，底轻薄，开车不大适应，一开始有些磨脚，确实必须穿长点的袜子，不过几天后就不磨脚了，鞋子确实显脚小，整体不错，推荐购买。
2019-09-19 09:53:29,颜色分类:米白尺码:38,真是百搭的鞋子呀，穿着很舒服，皮质挺软。最主要是有增高，大爱增高效果。非常喜欢
2019-09-13 09:01:01,颜色分类:米色尺码:39,鞋质量很好和我在专柜看的一样绝对是正品亲们放心购买
2019-09-20 18:28:59,颜色分类:米白（预计付款后20天发货）尺码:36,款式时尚，鞋面材质柔软舒服，鞋底踩上有软弹的感觉相当舒服，穿上一点也不显脚肥，外出旅游逛街首选。百丽家的鞋子时尚舒服，有需要再回购。
2019-09-26 20:56:56,颜色分类:米白（预计付款后20天发货）尺码:38,原来显示的是20天后发货，居然提前到了。试了一下，各方面满意。哦
2019-09-19 18:44:53,颜色分类:米色尺码:40,非常好 物流顺丰 商场发货 鞋很轻 穿了一阵子 性价比很高 较宽可以稍微买大一点 但是不显脚大
2019-09-27 22:08:26,颜色分类:米白（预计付款后20天发货）尺码:35,尺码标准，穿着脚感舒适
2019-09-11 23:04:36,颜色分类:米白尺码:36,很舒服的鞋子，特别轻，上脚很赞，就是我买大了～整体满意，好评。
2019-09-28 22:01:08,颜色分类:米白（预计付款后20天发货）尺码:36,码数正合适，非常好看
2019-09-24 21:50:50,颜色分类:米白尺码:36,不错，在商场试过了，比实体店便宜
2019-09-17 09:15:41,颜色分类:米白尺码:34,此用户没有填写评论!
2019-09-24 10:27:46,颜色分类:米白（预计付款后20天发货）尺码:36,鞋子不错，很舒服
2019-09-17 14:45:49,颜色分类:米色（现货）尺码:36,第一天下单，第二天早上就收到了，好好看哈，软，很好穿，是一年四季都可以穿的。
2019-09-26 11:08:47,颜色分类:米白尺码:38,很满意，不显脚大
2019-09-28 20:45:46,颜色分类:米白（预计付款后20天发货）尺码:34,质量很好，百搭
2019-09-18 15:10:15,颜色分类:米色（现货）尺码:38,此用户没有填写评论!
2019-09-12 11:18:12,颜色分类:米白尺码:37,到手就穿上啦，喜欢喜欢，材质也比较柔软
2019-09-12 19:57:46,颜色分类:米色尺码:36,挺舒服的，穿上好看
2019-09-30 11:02:57,颜色分类:米白（预计付款后20天发货）尺码:36,买了同样两双鞋，收到的却不一样，跟客服沟通了一上午，到现在还没解决。自己发错货，快递还要我垫付。
2019-09-12 11:23:24,颜色分类:米白尺码:36,穿了几次才来评价的，超级舒服。一直喜欢百丽家的鞋，太满意了。
2019-09-28 19:43:50,颜色分类:米白（预计付款后20天发货）尺码:36,好穿喜欢
2019-09-23 20:06:42,颜色分类:米白（预计付款后20天发货）尺码:36,十分满意！
2019-09-25 15:53:52,颜色分类:米白（预计付款后20天发货）尺码:36,很满意，穿鞋现高，舒服
2019-09-15 18:08:59,颜色分类:米白（预计付款后20天发货）尺码:36,超级无敌好看，码数是合适的，全皮，无异味，好看，很喜欢
2019-09-17 21:29:46,颜色分类:米白尺码:37,显脚小巧，希饭
2019-09-11 13:09:19,颜色分类:米白（预计付款后20天发货）尺码:39,脚感很好，非常轻，显脚小。
2019-09-11 16:05:25,颜色分类:米白尺码:37,好看，舒服，值得！
2019-09-12 18:46:31,颜色分类:米白尺码:35,鞋底材质：挺柔软 鞋头款式：鞋头设计也不错 鞋面材质：质量也挺好 风格：是我喜欢的风格
2019-09-11 21:55:31,颜色分类:米色（现货）尺码:36,诶，这跟我喜欢，适合不喜欢穿高跟鞋，喜欢运动鞋的同学，鞋尖显脚瘦
2019-09-12 12:03:19,颜色分类:米白尺码:37,东西收到 很好
2019-10-02 19:07:34,颜色分类:米白尺码:35,鞋头款式：简单 鞋底材质：长时间走路脚尖会很不舒服
2019-09-18 20:54:41,颜色分类:米白（预计付款后20天发货）尺码:38,鞋子真不错，好看又百搭，穿起来很舒服。
2019-09-28 14:47:39,颜色分类:米白（预计付款后20天发货）尺码:36,舒服，性价比高
2019-09-11 12:12:39,颜色分类:米白尺码:35,穿着很舒服
2019-09-12 21:59:06,颜色分类:米白尺码:37,各方面都好
2019-09-07 23:37:44,颜色分类:米白尺码:37,鞋子很好看，和描述一致，色差不大，灯光下看起来很白，实际上和详情的图片颜色更接近，穿着很舒适，虽然鞋底较厚，但是并不重，穿着逛街走了大半天也不觉得累脚，最好穿长一点的袜子，不然后跟的地方可能会磨脚，总的来说很喜欢
2019-09-15 14:58:40,颜色分类:米白尺码:37,鞋子很漂亮，很喜欢，就是不穿袜子有点磨脚，还有必须吐槽顺丰快递，太慢了，整整走了五天才拿到。
2019-09-12 19:30:01,颜色分类:米白尺码:35,超极轻便，百搭款！上脚漂亮！我很喜欢！
2019-09-19 16:18:11,颜色分类:米色（现货）尺码:36,之前买小了，平时穿35的，结果这双鞋子要穿36，好像老爹鞋都偏小。就是不知道怎么搭配，因为我不喜欢穿牛仔裤，没有说的是我们留到时候看嘛意思我还要写作业啦，没有。在学校里面庄心妍诗美的人民医院还有其他们觉得很丑陋俗语音包个红包都没人互动组队副本
2019-09-14 10:56:35,颜色分类:米白（预计付款后20天发货）尺码:38,鞋子收到了，是正品，鞋跟高度很合适，穿起来非常舒适
2019-09-14 09:27:31,颜色分类:米白尺码:37,质量很好，鞋子很好看
2019-09-19 14:29:04,颜色分类:米白（预计付款后20天发货）尺码:37,鞋子很软也不沉，码正好，穿着舒服。
2019-09-21 11:58:50,颜色分类:米白（预计付款后20天发货）尺码:38,和正品有差距，商场活动也能买到这个价，以后还是专柜买
2019-08-26 15:18:57,颜色分类:米白尺码:37,颜色好看，又百搭。鞋子自重很轻，全牛皮的，很舒服&hellip;是我个人觉得老爹鞋里最显脚小的了，还能增高🤓🤓十分满意😁😁麻烦各位自觉忽略我的毛腿，重点是鞋子 😂😂
2019-09-21 13:37:08,颜色分类:米色（现货）尺码:35,鞋头款式：很好看 鞋底材质：质量看着挺不错 鞋面材质：皮质的，应该不难清洗 风格：很好看
2019-09-01 14:46:26,颜色分类:米白尺码:39,轻便、舒适、柔软，穿着不显脚大，也不累脚，码数很正，颜色也是我想要的，唯一一点小遗憾就是左脚侧面皮质褶皱多了些，不过谁不会低头仔细看你的鞋😄可以接受。
2019-09-12 16:12:42,颜色分类:米色尺码:38,宝贝很好，鞋很舒服
2019-09-28 12:28:06,颜色分类:米白尺码:38,第一次发货商品暇疵，换货又寄错商品，找客服没回复，太麻烦了就这吧
2019-09-28 14:04:28,颜色分类:米色（现货）尺码:36,帮别人买的，没有说退货，应该是可以的吧
2019-09-01 09:15:13,颜色分类:米白尺码:37,挺好，里外全皮的，米白色的，大概会更耐脏一点，很舒服，百丽的鞋很耐穿，尺码也合适，已经是老顾客了，以后会再来。
2019-09-27 13:07:11,颜色分类:米白（预计付款后20天发货）尺码:35,鞋面材质：还行 风格：是的 鞋头款式：喜欢 挺好看的，就是有点磨脚，多穿几次应该就好了
2019-09-13 15:45:08,颜色分类:米白尺码:36,可以，质量很好，是皮质的，喜欢百丽的鞋子
2019-09-15 10:09:50,颜色分类:米白尺码:37,喜欢的款式，也舒适！
2019-09-23 10:43:30,颜色分类:米色（现货）尺码:36,做工真特么差劲，肉丸看的密集恐惧症都要犯了。整双鞋子的周边全部是这种瑕疵洞洞。咨询店家，店家还美其名是为了透气。不要买不要买，不是正品
2019-09-12 23:51:19,颜色分类:米白尺码:34,在百丽家买了好多双了，我是34的码，鞋子超级舒服
2019-10-01 16:04:18,颜色分类:米色尺码:38,鞋底材质：鞋底很硬
2019-09-11 12:50:54,颜色分类:米白尺码:38,很好穿，非常轻便，不显脚大
2019-09-28 20:08:16,颜色分类:米白（预计付款后20天发货）尺码:38,还不错，应该买平常码，我买的大一码
2019-09-18 20:07:35,颜色分类:米色尺码:37,很不错，好看，穿起来轻
2019-09-20 13:12:51,颜色分类:米色（现货）尺码:38,鞋头款式：鞋子款式挺好看，就是有点码偏小，我平时穿38码，这个鞋子38不走路还好，走路有点小
2019-08-24 17:22:21,颜色分类:米白尺码:38,穿着这也太舒服了吧！门店发货，第二天上午就到家了，物流非常快！穿着一点也不显脚大，百搭，小熊鞋底很可爱，码数很正，物有所值。推荐购买。
2019-09-23 08:42:11,颜色分类:米色尺码:38,好穿~虽然有点贵&hellip;&hellip;但是质量真的好啊，不过我在实体店也以这个价格买到过一模一样的一双的，感觉网店不是应该实惠一点吗，感觉并没有&hellip;&hellip;
2019-09-11 23:43:15,颜色分类:米色尺码:36,很喜欢，鞋子也很轻巧。
2019-09-12 13:51:36,颜色分类:米白尺码:36,好看 很喜欢
2019-10-01 17:19:22,颜色分类:米白（预计付款后20天发货）尺码:36,还没穿，希望耐脏，容易打理
2019-09-11 13:39:19,颜色分类:米白尺码:36,挺不错的，轻便，好穿，好评
2019-09-21 13:28:21,颜色分类:米色（现货）尺码:37,鞋子穿着真的很好看，但是我买小了37码的，只穿了一天，挤的脚疼，有没有人要，便宜出，走闲鱼
2019-08-31 09:03:41,颜色分类:米白尺码:36,鞋面材质：柔软，舒适 鞋头款式：很好看！ 鞋底材质：软，好穿！
2019-09-16 00:09:16,颜色分类:米白尺码:37,鞋头款式：好看 鞋底材质：就是螺丝米那里有点点卡，其他很好 风格：百搭
2019-09-19 08:00:48,颜色分类:米白（预计付款后20天发货）尺码:36,查到今天，后面全是后台，客服太恶心，不会买这家的鞋了，直接说一下可以或者不可以，不可以，用哪种胶沾，我买了自己来，结果客服还恶心我一下，
2019-09-11 20:48:06,颜色分类:米白尺码:36,试穿了一下很合适，再凉快一点再开始穿
2019-09-19 20:04:50,颜色分类:米白尺码:38,鞋子穿着很舒服，很满意
2019-09-22 08:46:23,颜色分类:米白（预计付款后20天发货）尺码:34,很好
2019-09-16 16:19:20,颜色分类:米色（现货）尺码:36,帮同事买的挺好
2019-09-03 20:14:47,颜色分类:米白尺码:39,鞋子非常好看，特别喜欢，皮面好打理，穿着也很舒服，有一些内增高大爱了！
2019-09-18 13:22:04,颜色分类:米白尺码:37,鞋子很满意
2019-09-23 08:37:16,颜色分类:米白（预计付款后20天发货）尺码:36,这双鞋的小瑕疵挺多的.穿了几天了.只有一只脚舒服.其中一只不舒服.磨脚.好几百块钱的东西包装也一般.最重要的是没有瑕疵就好了
2019-09-14 19:39:29,颜色分类:米白（预计付款后20天发货）尺码:37,好看又舒服，喜欢
2019-09-05 08:25:12,颜色分类:米白尺码:38,鞋子舒适轻便，爬了一次山也不觉得累，鞋底可爱萌萌哒，喜欢⊙&forall;⊙！
2019-09-16 19:26:59,颜色分类:米白（预计付款后20天发货）尺码:36,正品，超级舒服！
2019-09-26 08:53:57,颜色分类:米白（预计付款后20天发货）尺码:37,鞋子，脚踝的部分要打脚，穿着不舒服，其他地方还行。
2019-08-29 07:19:25,颜色分类:米白尺码:36,鞋子不错 上脚舒服轻便 款式时尚 是我想要的样子 比商场便宜
2019-08-27 12:56:55,颜色分类:米白尺码:36,鞋子穿了好多天了，非常轻便舒适，这个鞋一点不显脚大特别好，喜欢喜欢
2019-09-04 17:48:01,颜色分类:米白尺码:35,鞋子显瘦，穿着好看，非常喜欢，还显高增个。
2019-09-13 16:27:51,颜色分类:米白尺码:39,很轻很舒服的
2019-08-24 09:53:19,颜色分类:米白尺码:39,鞋面材质：超级满意显得脚好小啊，酷酷的
2019-08-31 18:44:20,颜色分类:米白尺码:38,真的挺不错，样式挺喜欢，穿着比较轻，也很舒服，值得推荐。
2019-09-22 10:33:25,颜色分类:米白（预计付款后20天发货）尺码:37,上脚还可以，很轻很薄，但是有点点硬了
2019-09-02 12:24:11,颜色分类:米色尺码:36,鞋子收到了，整体看着不错，家人穿着也很合适。
2019-09-27 07:15:32,颜色分类:米色（现货）尺码:36,鞋子做工还可以，但码数偏小，我36的脚穿着小一码，本想退的，家人35的脚正好就没退，卖家应该在详情里说清楚啊
2019-08-24 18:21:52,颜色分类:米白尺码:36,穿了蛮舒服的，鞋子很轻，旅游去一直穿着
2019-09-03 21:37:15,颜色分类:米白尺码:35,很不错的鞋子，比较轻，穿起来也舒服，喜欢
2019-08-30 10:00:12,颜色分类:米白尺码:36,昨天下的订单，今早就送来了，马上试穿了一下，很合脚，鞋子好穿，和描述的一样，下次还来百丽😏
2019-09-18 12:47:11,颜色分类:米色（现货）尺码:37,好快收到，喜欢
2019-09-02 11:52:49,颜色分类:米白尺码:38,"颜色好看，又百搭。鞋子自重很轻，全牛皮的，很舒服,鞋子用顺丰寄件的，顺丰物流非常快，当天寄出第二天就收到了，鞋子收到我马上送到我孩子学校去，穿着轻便孩子很喜欢，谢谢了。"
2019-09-19 11:38:54,颜色分类:米白尺码:38,两只鞋不对称。。。。大家看吧穿上还是挺舒服的，显脚小
2019-09-09 11:31:04,颜色分类:米白尺码:38,脚感舒服，时尚百搭
2019-08-26 07:49:51,颜色分类:米白尺码:37,鞋子全皮的，透气好，款式好看。缺点是鞋码小半个码，穿上平时的码有些挤脚，亲们供参考
2019-08-28 18:18:38,颜色分类:米白尺码:38,质感不错，穿着舒服，一直穿百丽家鞋推荐购买！
2019-08-31 15:36:26,颜色分类:米白尺码:36,质量不错，上脚很舒服，百搭，好评。
2019-09-01 18:37:03,颜色分类:米色尺码:36,比实体店便宜些，老婆喜欢。
2019-09-23 22:37:30,颜色分类:米色尺码:36,质量还可以，就是我脚胖，有点顶脚
2019-09-11 21:17:09,颜色分类:米白（预计付款后20天发货）尺码:34,很满意，物流也超快
2019-09-22 12:45:50,颜色分类:米白（预计付款后20天发货）尺码:37,这双鞋买的一波三折，一开始发错货了，换货回来有瑕疵，退了重拍的。这双还可以，客服态度不错。码比较足，37的脚就拍37大小正好。
2019-09-01 12:35:48,颜色分类:米白尺码:38,穿上非常舒服，也很漂亮，价格也合理，满意
2019-08-31 20:07:55,颜色分类:米色尺码:40,实体店几乎买不到我的码，好看
2019-09-04 21:51:24,颜色分类:米白尺码:36,买了两双，都很舒适，颜值也高。推荐
2019-09-21 14:16:48,颜色分类:米白（预计付款后20天发货）尺码:39,显脚瘦，不过有一丢丢小瑕疵，懒得换了，应该也不影响
2019-09-02 14:33:04,颜色分类:米白尺码:36,鞋子穿着舒服，包裹性能好，跟有点高，今天下雨☔️正好穿出去了
2019-09-10 18:51:27,颜色分类:米白尺码:36,皮软 穿着蛮舒服
2019-08-28 12:12:02,颜色分类:米白尺码:36,鞋很轻，也不会打滑，很喜欢😘
2019-09-19 15:13:13,颜色分类:米色尺码:36,鞋子前面很硬，走路不是很舒服，估计穿厚袜子才行吧
2019-08-27 15:15:03,颜色分类:米白尺码:35,上脚很舒服，穿了一上午了，很满意，显脚小
2019-09-02 09:32:03,颜色分类:米白尺码:39,很轻，好看
2019-09-12 19:35:17,颜色分类:米白（预计付款后20天发货）尺码:36,很好，喜欢
2019-08-24 22:13:12,颜色分类:米白尺码:36,鞋子材质很好，皮质柔软，款式漂亮，好搭配衣服，穿着舒服，一直是信赖belle。
2019-09-26 23:25:31,颜色分类:米白（预计付款后20天发货）尺码:35,鞋子挺喜欢的，就是寄过来压的有点变形，鞋盒也压的很烂，嫌麻烦就不换了，但是挺不爽的~~
2019-09-02 19:05:55,颜色分类:米白尺码:38,鞋子非常好，漂亮舒服百搭。与商场一模一样。
2019-09-04 13:08:02,颜色分类:米白尺码:38,挺喜欢这双鞋，老爹鞋的款式，但是穿上觉得还是秀气的，又有增高的效果，穿起来走路也不累，很舒适，值得购买，赞赞赞
2019-09-25 22:57:38,颜色分类:米色（现货）尺码:35,物流还是挺快的，鞋底舒服，码数也合适，但是前面脚趾上面有点磨脚。
2019-09-09 10:30:35,颜色分类:米色尺码:37,好评，和专柜一样，客服服务也不错，活动买很优惠
2019-09-03 15:17:03,颜色分类:米白尺码:36,相中很久的一双鞋子，终于下决心买了，还好，没有让我失望。既舒服，又漂亮
2019-08-29 17:28:22,颜色分类:米白尺码:37,好看，如果能够做纯白的款就更好了。今天还被同事夸了鞋
2019-09-01 18:26:35,颜色分类:米白尺码:39,物有所值，穿起来非常舒服，值得购买
2019-09-10 10:40:29,颜色分类:米白尺码:38,一直在百丽买鞋，感觉不错
2019-09-22 23:24:36,颜色分类:米色（现货）尺码:37,37码的感觉穿起偏小，路走多了脚痛，穿一天就没穿了
2019-09-22 18:10:38,颜色分类:米色（现货）尺码:38,太夹脚，以为新鞋，用撑鞋器撑完也夹！小脚趾好疼😭穿了四天了&hellip;&hellip;简直了
2019-08-27 17:57:24,颜色分类:米白尺码:39,很好，和门店的货一模一样，我是先在门店试的，显脚小，开心😃决定双十一再买一批你家
2019-08-24 07:30:51,颜色分类:米白尺码:38,先赞一下客服云游，服务很好很耐心；第二赞一下质量，穿着走了一圈，鞋子跟舒服；第三赞一下款式，一点不显脚大，秀气。总之满意
2019-08-30 16:57:31,颜色分类:米白尺码:36,鞋子款式时尚，轻巧，好穿，非常满意
2019-09-04 09:41:36,颜色分类:米白尺码:37,颜色好看，又百搭。鞋子自重很轻，穿的很舒服，百丽大牌子，值得信赖。
2019-09-21 17:41:25,颜色分类:米白（预计付款后20天发货）尺码:36,等了好久。这物流
2019-09-03 01:17:34,颜色分类:米色尺码:37,不错哦
2019-09-19 07:47:26,颜色分类:米白尺码:39,价格很坑，预告这个价格只有0点到1点，还坚持不睡觉等到那个点，结果是一直是这个价格，哎！太坑了！
2019-08-29 07:18:44,颜色分类:米白尺码:37,舒服，好看，显得脚很秀气
2019-09-20 14:24:54,颜色分类:米白尺码:36,轻便，一分价钱一分货，穿脚上的不能省
2019-09-09 19:43:03,颜色分类:米色尺码:36,当天买。当天到货，赞
2019-09-05 21:40:36,颜色分类:米色尺码:37,轻便，上脚舒服，大小合适，质量好
2019-09-27 17:16:52,颜色分类:米色尺码:35,码小了，换货，寄过去一周，三天发货，寄回来还是一周
2019-08-27 16:35:59,颜色分类:米白尺码:35,鞋子很不错，还很舒服
2019-09-24 11:45:02,颜色分类:米白尺码:37,上脚很好看，一分钱一分货
2019-09-04 21:34:37,颜色分类:米白尺码:37,鞋面材质：皮的  软  穿着舒服
2019-09-01 16:44:34,颜色分类:米白尺码:38,不错，很漂亮，谢谢
2019-08-23 10:04:21,颜色分类:米白尺码:38,买了2双鞋，另外一双很舒服，这双看着可以，但是里面做的很粗燥，拍照的地方，磨皮肤，根本不敢穿出去走路，只能等冬天来了，穿厚袜子再试试能不能穿。
2019-08-27 18:41:54,颜色分类:米白尺码:37,漂亮，好穿，顺风第二天就到，特别赞🥰
2019-09-07 16:43:19,颜色分类:米白尺码:35,好看(｡･&omega;･｡)ﾉ♡
2019-08-23 14:23:30,颜色分类:米白尺码:37,是我喜欢的风格，质量好很轻去旅游必备品，鞋子显脚小，买的平时穿37码合适，码数正，喜欢的MM们可以种草哈。
2019-09-22 14:57:00,颜色分类:米白（预计付款后20天发货）尺码:35,一般！如果去商场肯定不会选
2019-09-01 10:04:48,颜色分类:米白尺码:35,鞋头款式：喜欢很好看 鞋底材质：柔软不硌脚 鞋面材质：穿着很舒服 风格：是我喜欢的风格
2019-09-05 19:55:25,颜色分类:米白尺码:38,真的显脚小
2019-09-08 17:00:27,颜色分类:米白尺码:36,鞋头款式：显脚小 鞋底材质：鞋底防滑软 鞋面材质：全皮 风格：喜欢的风格
2019-08-25 17:26:12,颜色分类:米白尺码:39,好看，舒服
2019-09-01 22:41:31,颜色分类:米白尺码:36,满量和款式很满意，留下了
2019-09-02 16:52:06,颜色分类:米白尺码:36,穿着很舒服，质量很好，
2019-09-03 08:57:03,颜色分类:米白尺码:38,和实体店一模一样
2019-09-10 12:02:44,颜色分类:米白尺码:39,穿上很漂亮，好搭配，满意！
2019-09-10 19:16:33,颜色分类:米白尺码:39,很喜欢丫
2019-09-01 10:40:54,颜色分类:米白尺码:38,很多，穿着很舒服。
2019-08-27 13:07:47,颜色分类:米白尺码:36,质量很好，穿着很舒服
2019-08-31 22:15:08,颜色分类:米白尺码:36,很喜欢，不会显得脚大
2019-09-27 18:07:28,颜色分类:米白尺码:38,最失望的一次购物
2019-09-05 10:28:02,颜色分类:米白尺码:37,线下门店发货，当天就到了，棒哒哒
2019-09-21 12:40:27,颜色分类:米白（预计付款后20天发货）尺码:38,还不错，换了一回，两回包装有出入
2019-09-03 22:45:57,颜色分类:米白尺码:39,质量好。米白色不扎眼，很喜欢，赞
2019-08-26 08:32:38,颜色分类:米白尺码:38,有点味道，难得退
2019-08-12 21:16:48,颜色分类:米白尺码:36,是全皮的很轻巧，颜色不是纯白的，款式很好看
2019-09-08 12:58:55,颜色分类:米色尺码:37,特别舒服，特别喜欢
2019-08-29 14:13:43,颜色分类:米白尺码:37,软乎，挺好
2019-08-28 12:37:05,颜色分类:米白尺码:38,比较舒服
2019-08-15 22:07:14,颜色分类:米白尺码:37,大胖脚也并没有显胖~鞋底真的怪萌哒哈哈哈，也是米白色，喜欢百丽的鞋，穿着舒服~
2019-08-23 12:48:38,颜色分类:米白尺码:38,"鞋子脚感挺好，软软的,号码有些大，显得脚有点大，总体还不错"
2019-08-12 10:13:27,颜色分类:米白尺码:39,鞋头款式：喜欢 鞋底材质：舒服 鞋面材质：皮 风格：通勤 太喜欢这双鞋子了还是一分价钱一分货 主要是一直是他家的粉丝一直穿他家的鞋子搞活动特别合适
2019-08-27 14:48:04,颜色分类:米白尺码:38,很舒适，喜欢。
2019-08-24 21:17:52,颜色分类:米白尺码:35,很漂亮，不错。
2019-08-09 10:55:55,颜色分类:米白尺码:35,快递给力，鞋子很快收到了，上脚很舒服，显脚小，码数标准。活动价买便宜。
2019-08-13 10:11:43,颜色分类:米白尺码:35,同事在专柜买了一双，款式不错，舒服，趁着活动自己也买了，不错，有点高度，赞赞
2019-09-13 19:22:29,颜色分类:米色尺码:35,好看
2019-08-26 10:52:53,颜色分类:米色尺码:36,非常满意！
2019-08-19 17:39:02,颜色分类:米白尺码:38,正常码。很轻便，穿着舒服，不显脚大。颜色也比较好打理。
2019-08-13 22:56:41,颜色分类:米白尺码:36,鞋子非常满意，皮子软软的，穿上舒服又好看～
2019-09-11 19:33:06,颜色分类:米白尺码:36,这双鞋的质量真的很差，我才穿了两次，准备打理的时候，发现这些都是擦不掉的痕迹
2019-09-18 13:14:38,颜色分类:米白尺码:34,34/35是一样的长度，如果脚偏瘦可以选34码，皮质很软，不知道什么皮，期待后期穿的效果，希望不会会容易穿出划痕，不然几百块的鞋就很不值得了
2019-08-16 23:55:38,颜色分类:米白尺码:34,鞋底挺软   上脚舒服
2019-08-22 20:37:43,颜色分类:米白尺码:37,此用户没有填写评论!
2019-08-21 08:53:19,颜色分类:米白尺码:38,有事确认晚了，宝贝不错！穿起来感觉挺轻的，而且很舒服，拿起来摸摸鞋子面料是皮的，走起路来感觉高了不少，但感觉不到有内增高，全五星好评！穿些日子还会评价的
2019-08-23 10:56:25,颜色分类:米白尺码:38,穿上真的超级舒服，价格还很优惠，真的很实惠。
2019-08-22 21:23:01,颜色分类:米白尺码:37,鞋子收到了，尺码也比较准确，穿上很秀气，只是我的脚有点瘦，穿着挺宽松的，喜欢
2019-06-27 19:06:47,颜色分类:米白尺码:38,此用户没有填写评论!
2019-08-09 13:15:46,颜色分类:米白尺码:38,鞋子款式大方，米色也比较好打理。尺码正，穿着轻便舒服。
2019-08-22 16:09:32,颜色分类:米白尺码:36,码数是对的，穿起来特别舒服，平常就挺喜欢休闲鞋，这款确认好看
2019-08-10 20:10:31,颜色分类:米白尺码:36,收到货立马穿了一天，非常柔软的鞋子，不磨脚，尺码刚刚好，非常舒适，也不显脚大！
2019-08-23 11:44:11,颜色分类:米白尺码:36,喜欢喜欢 超级喜欢的小鞋子 开心
2019-09-15 21:39:39,颜色分类:米白尺码:36,夏天穿有点热不怎么通气，但真的显脚小，就是买大了半码，想着冬天穿厚袜子，就不换了
2019-08-01 23:55:20,颜色分类:米白尺码:34,鞋子跟店里专柜的一样。还不错。去店里试过来买的，比专柜优惠一些
2019-08-19 17:03:48,颜色分类:米白尺码:38,鞋子很好看，穿鞋舒服
2019-08-22 19:21:39,颜色分类:米白尺码:37,穿着舒服，轻便，没有显脚大，有增高效果，米白色不难看，穿裤子，连衣裙也好看的。对于这双鞋还是比较满意的。
2019-08-23 13:11:41,颜色分类:米白尺码:37,一直嫌弃老爹鞋的笨重。不过这双还不错。皮也很软。简单试试也舒适。希望不磨脚，不闷脚。
2019-08-12 23:18:01,颜色分类:米白尺码:37,很轻盈～穿着也舒服，尺码刚好很铁脚，穿着感觉自己高了许多
2019-08-23 15:01:13,颜色分类:米白尺码:35,鞋面材质：真皮的，柔软。 风格：休闲，好的 穿上舒服是第一。也好搭衣服。。
2019-09-17 13:54:20,颜色分类:米色尺码:37,一次买了两双，全皮面的比网面的偏紧，希望穿着能变松一点，穿着还是舒服
2019-08-17 07:25:00,颜色分类:米白尺码:37,鞋子穿上非常漂亮、舒服，好满意。
2019-08-20 15:34:29,颜色分类:米白尺码:37,很喜欢，质量也不错，和实体店一样，实惠！
2019-09-18 21:13:35,颜色分类:米白尺码:38,就是喜欢皮鞋，其他运动鞋都不是皮的，不养脚
2019-09-14 23:12:44,颜色分类:米白尺码:35,鞋很好看，收到有瑕疵，嫌麻烦不换了呵呵
2019-08-17 14:56:49,颜色分类:米白尺码:37,同事看着我穿好看 果断下单
2019-08-11 21:29:52,颜色分类:米白尺码:39,鞋子还可以 好看！！云售后10 小可爱棒棒哒 人很好
2019-09-15 09:02:08,颜色分类:米白尺码:38,尺码偏大
2019-08-11 23:00:13,颜色分类:米白尺码:37,休闲，百搭，舒服，好看
2019-08-23 18:49:02,颜色分类:米白尺码:35,鞋子超喜欢，轻便
2019-08-23 19:25:34,颜色分类:米白尺码:38,大小合适，活动买的，价格也挺合适，很轻便
2019-09-14 18:26:02,颜色分类:米白（预计付款后20天发货）尺码:36,米色，有點暗，鞋子輕
2019-07-11 14:17:55,颜色分类:米白尺码:37,此用户没有填写评论!
2019-08-17 14:55:31,颜色分类:米白尺码:38,非常好穿 实惠
2019-08-10 21:14:49,颜色分类:米白尺码:34,很好穿，又软又轻，好好好
2019-08-12 18:09:24,颜色分类:米白尺码:36,女儿很喜欢！
2019-09-07 21:43:55,颜色分类:米色尺码:36,左脚不是很舒服，有点难受
2019-08-15 21:31:43,颜色分类:米白尺码:37,满意，穿上脚感好
2019-09-17 22:02:25,颜色分类:米色尺码:37,穿了磨脚，难受
2019-07-31 12:21:39,颜色分类:米白尺码:39,很轻，挺舒服的
2019-08-16 08:37:14,颜色分类:米白尺码:35,穿了几天了 很好
2019-08-21 18:16:01,颜色分类:米白尺码:36,鞋子很轻，喜欢
2019-07-28 11:10:43,颜色分类:米白尺码:38,鞋子很轻穿着很舒服但就是由于两边皮质比较薄所以穿起来会有些变形，显的脚宽一些。昨天是我的生日穿出去了。嘿嘿嘿嘿嘿嘿嘿嘿嘿嘿嘿嘿嘿嘿嘿嘿嘿嘿嘿嘿嘿哈哈哈哈哈哈哈哈哈哈哈哈哈哈哈哈哈哈哈好哈哈哈哈哈哈哈哈哈哈哈哈好哈哈哈哈哈哈哈哈哈哈哈哈好哈哈哈哈哈哈哈哈哈哈哈哈哈哈
2019-09-12 12:18:49,颜色分类:米白尺码:36,还没穿365入手
2019-08-10 15:27:21,颜色分类:米白尺码:37,尺码：还是百丽鞋好穿，质量好。
2019-08-14 11:58:39,颜色分类:米白尺码:36,此用户没有填写评论!
2019-07-08 14:53:36,颜色分类:米白尺码:36,还可以，据说比较像Gucci的老爹鞋。款式比较保守，没有那么夸张，增高也不是太明显，穿着爬山都可以的。舒适度还不错，木有磨脚。打算去日旅游时穿🤩
2019-08-24 08:45:12,颜色分类:米白尺码:38,有一只鞋子没有防尘袋，鞋底还有黑色的脏东西&hellip;&hellip;真影响心情
2019-08-01 14:23:31,颜色分类:米白尺码:38,好评(o^^o)
2019-08-01 22:57:18,颜色分类:米白尺码:36,物美价廉
2019-09-03 14:26:30,颜色分类:米白尺码:34,是皮的穿着舒服，二次买鞋总結经验在也不买商场同款了，发来的鞋都有质量问題，都是试穿过的，都换货，换来的鞋也是有质量问题，非常失望不会再來购买。
2019-05-05 10:31:48,颜色分类:米白尺码:38,收到有点脏 但是穿着超舒服 懒得等退换自己擦了 很推荐这款 超级轻 活动时再囤一双
2019-07-23 18:51:18,颜色分类:米白尺码:37,很喜欢，很轻便，穿上也舒服，老早看中的一双鞋子，终于下手买到了，适合我的胖脚丫，喜欢喜欢喜欢^_^
2019-07-23 23:41:11,颜色分类:米白尺码:36,挺好的，不到四百拿下，居然就是成都市发过来的😄，和图片没有差别，米色，皮的，上脚舒适
2019-07-22 18:43:43,颜色分类:米白尺码:37,鞋头款式：喜欢类型 鞋底材质：不错是真皮 鞋面材质：柔软舒适 风格：还不错
2019-07-19 12:25:04,颜色分类:米白尺码:38,鞋子很舒服，很显脚小，满意！
2019-08-29 11:08:40,颜色分类:米白尺码:39,样子很好看，但是鞋里有线头很磨脚，只能穿长袜子了！
2019-07-23 09:26:10,颜色分类:米白尺码:35,搞活动时候买的，优惠了。穿着舒服，春秋穿，码偏大半个吧
2019-08-30 20:19:08,颜色分类:米白尺码:36,鞋本来挺喜欢的，可是今天穿脚踝那里磨脚，都破皮了，唉！
2019-07-21 08:17:04,颜色分类:米白尺码:34,鞋子质量好，是我喜欢的款式，上脚舒适透气。
2019-08-27 09:07:22,颜色分类:米白尺码:38,穿上挺舒服的。大小也合适。如果是纯白色就好了。
2019-07-24 09:28:43,颜色分类:米白尺码:34,我的鞋子基本上都是百丽，这款老爹鞋穿着舒服，鞋轻走路稳，喜欢
2019-09-04 15:30:05,颜色分类:米白尺码:39,"刚穿有点顶脚,不知道穿了会不会松点"
2019-07-07 18:59:04,颜色分类:米白尺码:37,帮闺蜜买的，据说很舒服，显脚小
2019-07-04 11:09:35,颜色分类:米白尺码:36,挺好，很喜欢
2019-05-30 13:10:05,颜色分类:米白尺码:37,鞋面材质：皮 风格：很舒服的鞋子，很轻便，又增高，显脚小，很简洁的老爹鞋，和在实体店试的一样，520果断下手，真皮很好打理，下雨穿了一次有点弄脏用湿纸巾擦擦就干净啦 鞋底材质：什么材料不清楚，但是是一只猪🐷的样子老可爱了
2019-07-19 09:49:23,颜色分类:米白尺码:34,鞋子质量好，上脚很舒服。
2019-07-22 10:47:59,颜色分类:米白尺码:37,鞋子穿起来好舒服，很爱
2019-09-02 19:57:20,颜色分类:米白尺码:37,有点失望，鞋子边缝衔接不好，感觉是次品
2019-09-01 11:02:32,颜色分类:米色尺码:37,穿上磨脚，已经穿过，没办法退
2019-09-03 15:17:21,颜色分类:米白尺码:38,就是颜色不白，其他还好
2019-07-13 19:18:12,颜色分类:米白尺码:37,款式挺满意的 好评
2019-07-16 17:51:22,颜色分类:米白尺码:36,鞋头款式：好看 鞋底材质：柔軟 鞋面材质：舒服 风格：喜欢
2019-08-26 18:48:42,颜色分类:米白尺码:37,还可以吧，一分钱一分货。
2019-07-12 22:06:36,颜色分类:米白尺码:36,应该是正品，服务不错
2019-07-21 22:14:21,颜色分类:米白尺码:37,鞋太好穿了，买的特别满意
2019-09-01 14:02:01,颜色分类:米色尺码:38,显脚笨重
2019-05-23 20:42:52,颜色分类:米白尺码:39,此用户没有填写评论!
2019-06-22 12:48:25,颜色分类:米白尺码:39,百丽家的鞋子都是以舒适为主的，这是我选择他们家的最重要的理由，这款鞋子是纯皮的，适合杭州这种偶尔下个雨的天气穿，虽然店家并不建议我这么干，哈哈，鞋子挺薄的，夏天穿应该还好，皮质的感觉很好，一如既往的舒服，客服的态度也非常好
2019-07-24 08:56:52,颜色分类:米白尺码:35,物有所值
2019-07-20 08:46:09,颜色分类:米白尺码:38,非常喜欢
2019-06-11 08:40:27,颜色分类:米白尺码:37,非常软，非常轻便，非常显脚小，物流快，客服态度好，比实体店便宜不少，绝对正品，非常满意满意满意满意满意满意满意满意满意满意满意满意满意满意满意满意满意满意满意满意满意满意满意满意满意满意满意满意满意满意满意满意满意满意满意满意满意满意满意满意
2019-06-02 07:27:44,颜色分类:米白尺码:36,穿了几次了，非常舒服，很喜欢，脚感挺好，也修饰脚型，显脚小，秀气又可爱。
2019-06-20 08:51:41,颜色分类:米白尺码:34,一点都不笨重！很好看，也很轻，就是鞋带那里有一点点硌，多穿几次应该就会好了，很喜欢，同时买的另一双阿迪的鞋简直就是....
2019-05-29 09:45:53,颜色分类:米白尺码:34,鞋头款式：比较流行的老爹鞋，喜欢，穿着也舒服
2019-08-18 06:59:20,颜色分类:米白尺码:37,鞋头款式：中意它很久，直接上图，
2019-05-29 10:28:57,颜色分类:米白尺码:39,穿着比较轻，挺舒服的！还好吧！
2019-06-16 13:48:40,颜色分类:米白尺码:34,鞋子穿上很舒服 只是有一点点大 不过也能穿 自己脚一直都很小 不好买鞋子 这次终于遇上合脚的 不容易
2019-06-29 21:33:20,颜色分类:米白尺码:35,发货快，尺码偏大，穿着舒服，百搭
2019-06-10 20:20:28,颜色分类:米白尺码:38,尺码：上脚比图好看，主要是下雨也可以穿，简单大方的款，又好穿，喜欢。
2019-06-24 08:35:01,颜色分类:米白尺码:36,完美，好看而且轻，感觉很好，退了一双天美意的鞋子买了这双，我做对了，这双明显好很多。
2019-06-05 08:57:02,颜色分类:米白尺码:37,上脚轻，回弹好，颜色百搭又显脚小，非常的满意了
2019-06-20 20:38:59,颜色分类:米白尺码:36,穿着舒服，尺码准确，235的瘦蹄刚好装进去。 鞋头款式：好 鞋底材质：好 鞋面材质：好 风格：好
2019-08-05 19:00:46,颜色分类:米白尺码:36,鞋子感觉还可以，本打算退，因为不太喜欢这个颜色，但感觉鞋挺轻就没有退，感觉还不错
2019-06-23 16:30:06,颜色分类:米白尺码:37,活动买的，价格比商场便宜很多，商场五折，轻，穿着舒适
2019-05-26 21:30:24,颜色分类:米白尺码:37,在店里试了买的，比店里便宜
2019-06-21 13:17:44,颜色分类:米白尺码:35,好看，舒适
2019-05-03 12:51:33,颜色分类:米白尺码:36,此用户没有填写评论!
2019-06-19 11:40:35,颜色分类:米白尺码:37,鞋子很舒服，在优惠点更好😄
2019-06-21 14:22:29,颜色分类:米白尺码:38,非常好，很喜欢这双鞋，比实体店便宜了很多，很喜欢。
2019-06-28 18:29:06,颜色分类:米白尺码:36,好穿，平时36的鞋，这个有点松，好穿
2019-08-10 08:39:19,颜色分类:米白尺码:35,鞋面材质：还没穿，但愿没毛病
2019-06-19 08:12:27,颜色分类:米白尺码:35,很喜欢，舒服好看
2019-08-14 20:55:50,颜色分类:米白尺码:37,等天凉了穿，不过看的挺好的
2019-06-03 13:20:00,颜色分类:米白尺码:35,还可以，胖脚脚也可以穿
2019-06-20 21:09:29,颜色分类:米白尺码:37,鞋子都很精致。非常喜欢
2019-06-03 16:51:40,颜色分类:米白尺码:37,很好！现在天热！等秋天穿！
2019-06-27 22:07:38,颜色分类:米白尺码:37,很舒适～～
2019-06-11 10:40:03,颜色分类:米白尺码:39,喜欢，不错
2019-05-06 11:57:42,颜色分类:米白尺码:35,鞋子很软，和实体店一样，很轻便，赶上活动便宜了不少，穿着逛了一天街都不带累的
2019-05-06 10:13:20,颜色分类:米白尺码:39,百丽这款鞋子版型非常好看，就是38码偏小一点点，最后只好选择39码加个鞋垫了，穿着挺好的全五星好评哦！
2019-05-11 12:56:16,颜色分类:米白尺码:37,穿的有点脏了，才来评价。之前在商场看到这双鞋特别喜欢，但是没有适合我的码，后来在网上了一下，竟然发现比店里的要便宜就买了。
2019-07-23 11:01:15,颜色分类:米白尺码:35,退个货，墨迹死了。别人家极速退款都是运单号输入马上退款，他们家就得等了又等，客服干活儿效率低的无语，一个问题反复问。极差的一次购物体验
2019-04-24 16:57:47,颜色分类:米白尺码:37,和专柜的一样  我就是在专柜试过了才过来买的  穿着很舒服  很喜欢
2019-05-10 11:27:38,颜色分类:米白尺码:37,还不错
2019-04-05 17:26:09,颜色分类:米白尺码:38,耐折性：鞋拿到手很轻，穿上还行。。
2019-05-15 09:42:05,颜色分类:米白尺码:37,鞋子很舒服，在实体店试过才买的。价格优惠很多。客服态度也很好，全程贴心解答疑问。好评棒棒哒。
2019-04-30 09:20:35,颜色分类:米白尺码:36,轻，上脚舒服
2019-04-23 14:00:35,颜色分类:米白尺码:37,满意，很喜欢，舒适，显脚小
2019-04-28 19:45:44,颜色分类:米白尺码:37,很好，漂亮，舒服
2019-05-15 09:09:27,颜色分类:米白尺码:34,很不错，多次购买了，还会继续关注！
2019-04-17 15:47:19,颜色分类:米白尺码:38,好看又好穿，喜欢，在他家都买第三双啦！应该是正品吧！比实体店省好几百呢！喜欢百丽的朋友们赶紧下单吧！
2019-04-16 21:04:12,颜色分类:米白尺码:35,穿起来老公都说好看，问我男的这样的小白鞋有没？有没？说实话穿起来觉得轻巧还是蛮舒服的，实体店里试过的这次网上便宜点所以下手了这样我拥有了一黑一白的百搭百丽鞋啦。
2019-07-13 10:13:10,颜色分类:米白尺码:38,鞋子很轻巧，码数偏小，因为在专柜试穿过，且没有折扣，所以选择天猫直接买了，收到货后有点小瑕疵，客服也积极处理了
2019-04-19 11:37:58,颜色分类:米白尺码:37,很满意，舒服好看，容易搭配衣服
2019-07-15 11:14:10,颜色分类:米白尺码:35,收到了，试了一下，挺轻巧，好穿，合脚，但有色差，鞋面的锋线有线头
2019-04-16 14:54:45,颜色分类:米白尺码:35,好看，穿着舒适，大气
2019-07-13 10:12:57,颜色分类:米白尺码:37,挺好的 故意买大了一码 穿着稍微松点
2019-04-18 19:18:24,颜色分类:米白尺码:37,鞋子很舒服！满意！
2019-04-15 14:32:48,颜色分类:米白尺码:34,非常不错！喜欢
2019-06-26 21:45:16,颜色分类:米白尺码:35,鞋子这做工严重有问题！侧面缝合处很粗糙 我穿了一天都磨破皮了！第一次穿鞋磨这个位置 真是让人无语！售后服务也是差！无解决方法！我一般过得去都不给差评！这次真的忍无可忍啦！太气人了！深刻体验了一把什么叫花钱买罪受！
2019-06-20 11:48:02,颜色分类:米白尺码:36,穿了一次有人不介意吗，不适合我
2019-06-13 07:38:20,颜色分类:米白尺码:36,这双还没穿，穿后再评。
2019-06-06 09:08:31,颜色分类:米白尺码:36,鞋的颜色要是纯白一点就好了，这个颜色有点土土的感觉，本来想退的又觉得好不容易买双下雨天不进水的鞋子，今天开始穿了，穿上立马高了好多的感觉，哈哈哈，增高神奇，第一次穿这个牌子的鞋，好穿下次再来买嘻嘻嘻。
2019-06-05 23:37:41,颜色分类:米白尺码:36,鞋多多少少都有点小瑕疵，懒得换了，一处皮都磨损了大拇指壳大小的印记。可能有点小瑕疵的都在网上卖吧
2019-04-03 16:32:14,颜色分类:米白尺码:36,此用户没有填写评论!
2019-06-04 13:53:18,颜色分类:米白尺码:37,尺码：朋友说不好看，但是肥肥大大的穿着舒服，就是有一点捂脚，其他都不错，穿着舒服最重要，好评。
2019-05-13 16:32:05,颜色分类:米白尺码:37,此用户没有填写评论!
2019-05-25 07:56:24,颜色分类:米白尺码:36,穿上，刚好合脚，没有长时间穿，就是不知磨脚不，想想应该不会吧，好评
2019-05-12 09:39:55,颜色分类:米白尺码:38,两只鞋有高低差，还有线头，鞋头上还凹进去一块，已经换过一次，再换就得穿凉鞋了
2019-04-14 21:55:33,颜色分类:米白（预计付款后10天发货）尺码:36,此用户没有填写评论!
2019-04-21 12:31:12,颜色分类:米白尺码:34,不会穿，膈脚，脚穿着疼，而且也不透气，有点失望。勉强好评吧
2019-05-06 12:15:32,颜色分类:米白尺码:35,买了超过7天了 昨天才拿出来穿 穿了一天 两边特别磨脚 皮都磨破了
2019-04-16 14:06:20,颜色分类:米白尺码:34,鞋子轻便，但是今天穿着有点热
2019-09-05 15:44:44,颜色分类:米白尺码:37,还行吧 长得还可以 然后挺轻的 就是鞋边边感觉看上去胶的不是很好 客服说不会脱胶 那就不会吧 总的来说还是可以的 但是为什么不到一个月就降了30😓😓😓😓😓😓😓😓😓😓😓😓😓😓😓😓😓😓😓😓😓😓😓😓😓😓😓😓😓😓😓😓😓😓😓😓😓😓😓😓😓😓😓😓😓😓😓😓
2019-10-12 14:54:01,颜色分类:米白（预计付款后20天发货）尺码:34,看其他买家评价这款鞋款式设计好看，上脚效果舒适，自己也挺喜欢这款鞋，抱着试试看的心态买回来的。哈哈😄确认不错哦，鞋子包装很到位，轻巧舒适而且百搭，是我喜欢的类型，全五星好评，喜欢的美女们可以下手了哈！
2019-10-11 19:15:02,颜色分类:米色（现货）尺码:38,平时37，买了38，宽松一点，挺喜欢！现在脚穿着挺热，还算舒服！
2019-10-12 01:17:15,颜色分类:米白（预计付款后15天发货）尺码:38,都做好等15发货的准备，没想到这么快就发了，宝贝不错，比实体店便宜一点。
2019-10-12 22:26:31,颜色分类:米色（现货）尺码:37,质量不错，满意！
2019-10-12 08:15:48,颜色分类:米白（预计付款后20天发货）尺码:36,朋友很喜欢。
2019-10-12 15:44:57,颜色分类:米白（预计付款后20天发货）尺码:36,挺舒服的
2019-10-12 18:40:28,颜色分类:米色（现货）尺码:37,非常好
2019-05-09 10:46:08,颜色分类:米白尺码:37,实拍图，无滤镜，实体店试穿后看到网店有优惠券就在网店下单，到手498，实体店599，鞋子整体很轻巧，相对其他鞋型显秀气，37码，上脚不会觉得自己脚巨大，浅色系适合夏天搭配，码数正，鞋底较软走路有回弹，皮面容易打理，这双接缝胶水贴合比之前实体店试穿的更好一点，穿了四次，发现右脚内侧缝线处的线会自己跑出来，其他地方都不错
2019-07-24 05:54:42,颜色分类:米白尺码:34,买了三双颜色相近的鞋，所以退了一双，申请退货退款307元的鞋子，但装错了，退装了418元的鞋子，寄走后才发现，联系客服，[云服务7]出话框，商量货到后一起补退差价，或换一双其他款的，说：好的，但货到后没联系直接退款307元，再联系客服，[云服务7]出框，讲了两大篇，都装糊涂，燃来燃去，回答的像外星人来的一样不知道，让看对话框，还是抵赖，拒不退两双鞋子的差价，[云服务7]真有损百丽形象，后面的顾家看到以此为诫，诚上所是，不退的钱送[云服务7] 渣 &hellip;
2019-07-16 23:25:27,颜色分类:米白尺码:37,鞋子耗了一个月才到手，因为质量有问题，换了两次货，收到的鞋子多处有开胶邹皮的现象，第二次换货时客服却推迟不发货，说是收到寄回物品1-2天却耗了一个礼拜不发，因为是抢618红包买的，退款红包会失效，只能催他们发货，客服却每次一样的推辞说量大，然后我又拍了一双一样的却第一时间发了货，后面只能反应给小蜜人工客服介入！这样的百丽旗舰店真的让人斥责！质量有问题不说，还没有人性化，请不要忘记初心违背道德和承诺，又不是一百两百的鞋子为什么不检查好再发货，每次提醒发过来仍旧那样
2019-05-26 18:45:31,颜色分类:米白尺码:37,夸一夸快递，昨天拍的今天就到了！在商场试了好几款，这款老爹鞋不怎么显脚大，比实体店便宜很多，用的券到手408，有点瑕疵，凑合穿吧，穿了在补图&hellip;&hellip; 哈哈哈哈哈我都会有这样一句的祝福和美的祝福和祝福。你在一起我也不知道该说的什么时候回来呢。我们都是在你面前说我是你自己去了吗，
2019-06-09 21:21:28,颜色分类:米白尺码:37,非常好，质量不错，是专柜发来的正品，发货特别快，很满意哦
2019-09-16 13:17:57,颜色分类:米白尺码:38,平时穿38的，拍的也是38的，偏大很多，跟39似的，不过鞋子做工还是很好的
2019-08-25 18:55:14,颜色分类:米白尺码:38,不错，喜欢
2019-09-30 15:12:32,颜色分类:米色（现货）尺码:40,鞋底材质：非常舒服，值得购买
2019-09-21 09:06:01,颜色分类:米白尺码:35,宝贝前几天已经收到了，是帮别人买的，东西听说还不错，总体还可以。因为没拿到手上所以不太清楚实物如何，客服态度挺好的，物流速度还可以，总的来说还是不错的、之后有需要会再来
2019-09-25 22:03:46,颜色分类:米白（预计付款后20天发货）尺码:35,鞋子很好，穿着很舒服，显脚小很难得
2019-09-08 17:07:58,颜色分类:米白尺码:37,鞋头款式：喜欢 鞋底材质：柔软 鞋面材质：舒服 风格：喜欢
2019-09-22 20:24:07,颜色分类:米白（预计付款后20天发货）尺码:37,鞋子超级好，大爱！穿上很舒服！样子很好看，因为喜欢又给妈妈买了双！百丽的鞋子值得信赖！客服小姐姐小哥哥服务也超级好的！以后会继续支持百丽！！5分好评！！！
2019-09-15 10:18:04,颜色分类:米白（预计付款后20天发货）尺码:36,鞋头款式：鞋头设计很收脚，不会显得笨重。鞋底材质比较轻，防滑，而且很舒适。总体穿着舒服，显脚小。本人平时穿36码，这款36码的穿厚袜子也可以，总体满意。发货很快，顺风快递小哥服务态度很好👍👍👍
2019-09-10 18:02:29,颜色分类:米白尺码:35,宝贝收到了，非常喜欢，质量很好，卖家热情，物流给力，非常愉快的一次购物，好评！
2019-09-15 20:17:21,颜色分类:米白（预计付款后20天发货）尺码:36,大小刚好，穿起来显瘦，厚度也是我想要的，现在太热，等过半个月就可以穿了大小刚好，穿起来显瘦，厚度也是我想要的，现在太热，等过半个月就可以穿了
2019-05-14 18:23:08,颜色分类:米白尺码:39,自从去年冬天开始在网上买百丽鞋后，就有点一发不可收拾了。这次一次性入手4双鞋子，性价比超高，这款老爹鞋，减龄款很好看，重要的是码数很正，质量好。比所谓网红店的好多了，还是百丽这样的大牌靠谱。会继续回购。
2019-03-25 19:55:41,颜色分类:米白（预计付款后10天发货）尺码:34,皮很软，大小也合适，挺好的👌
2019-03-22 12:29:02,颜色分类:米白（预计付款后10天发货）尺码:34,很好看
2019-03-27 22:24:21,颜色分类:米白（预计付款后10天发货）尺码:36,买了2次，3双鞋退了2双，最后留下的这双我确定是正品了。等了10天左右也值了。上脚舒适，打开盒子有轻微的皮革味，不影响。退货的另外2双说真的真感觉不是正品。打开盒子做工一般，到处小瑕疵，关键是味道太刺鼻了。也不是商场直接发货的。留下的这双感觉尺码偏大半码，但不影响穿着，看物流信息也是直接从商场调货发出的。应该是正品了。太不容易了！
2019-03-29 13:53:55,颜色分类:米白尺码:37,很好，舒服
2019-04-03 16:52:23,颜色分类:米白（预计付款后10天发货）尺码:36,这个标志弄的有点像假的，皮倒是挺软的，穿着还算舒服
2019-04-02 11:49:25,颜色分类:米白尺码:37,挺好的
2019-03-24 18:55:18,颜色分类:米白（预计付款后10天发货）尺码:38,质量不错，百丽么就是这样的，鞋底确实是小猪，但小熊人家国籍是韩国的嘛。虽然发货慢，但顺丰闪电而至，有小刮痕，嫌累就这么的了。
2019-03-24 13:29:42,颜色分类:米白（预计付款后10天发货）尺码:35,鞋子整体还行，就是粘胶的有些地方有点瑕疵，问题不大就留下了。鞋底不是小熊吗？怎么变成猪了呢？好奇怪哟..........
2019-04-05 09:23:10,颜色分类:米白（预计付款后10天发货）尺码:38,不错，舒适，好配衣服
2019-03-29 09:14:07,颜色分类:米白（预计付款后10天发货）尺码:36,很喜欢，因为专柜一直没有看到这款，所以直接网上买啦，上脚很舒服，款式很百搭
2019-04-05 15:39:35,颜色分类:米白（预计付款后10天发货）尺码:35,挺洋气的，挺好看的！！不错！！
2019-03-28 15:20:23,颜色分类:米白（预计付款后10天发货）尺码:35,穿着很舒服
2019-04-12 11:03:00,颜色分类:米白（预计付款后10天发货）尺码:34,挺好的，舒服轻便，款式也很好看
2019-04-04 14:31:08,颜色分类:米白（预计付款后10天发货）尺码:37,好看又软又轻便跑一天脚都很舒服
2019-07-04 09:57:26,颜色分类:米白尺码:38,此用户没有填写评论!
2019-09-14 10:57:51,颜色分类:米白尺码:39,"码数正合适，穿起来很舒服，但好像不太适合夏天穿，闷 质量非常好，与卖家描述的完全一致，非常满意,真的很喜欢，完全超出期望值，发货速度非常快，包装非常仔细、严实，物流公司服务态度很好，运送速度很快，很满意的一次购物"
2019-09-12 16:58:19,颜色分类:米色尺码:37,风格很喜欢，看了很久的鞋子，终于剁手了 快递也是很快 传了一下走起路来 超级舒服的 爱上了爱上了爱上了 很棒的鞋子 之前在实体店看了就很想入手 现在乘有活动买到的鞋子超级满意 很开心😃 下次还会在回购 走起路来软绵绵很舒服 超喜欢的  三个字 非常好 我很喜欢
2019-04-08 19:46:59,颜色分类:米白尺码:39,好啊好啊好啊好啊好啊好啊好啊好啊好啊好啊好啊好啊好啊好啊好啊好啊好啊好啊好啊好啊好啊好啊好啊好啊
2019-04-09 18:17:29,颜色分类:米白尺码:39,东西还行，客服真垃圾
2019-04-09 20:11:48,颜色分类:米白（预计付款后10天发货）尺码:37,客服说两只鞋子高度差距0.5公分是正常的。差评。这种商品怎么出厂的
2019-04-07 15:10:23,颜色分类:米白尺码:37,穿着很轻便，舒服，虽然5厘米左右的鞋跟，但是一点不会累，不是特别白那种，应该很好打理，物流速度特别快，总之好评
2019-03-25 08:49:21,颜色分类:米白（预计付款后10天发货）尺码:34,等了半个月的鞋子，没失望😂
2019-03-28 18:26:16,颜色分类:米白尺码:39,还不错，舒服就好
2019-03-23 07:07:35,颜色分类:米白（预计付款后10天发货）尺码:38,老客户了，质量款式很好，穿脚上舒服。逛街首选。
2019-04-02 05:01:25,颜色分类:米白尺码:36,好评
2019-04-01 09:46:08,颜色分类:米白（预计付款后10天发货）尺码:36,百丽家鞋子怎么越做越粗躁了。。哎。。预收款，过了半个月了催了几次才发货，收到这样子，希望不要开胶吧，没工夫换了实在麻烦
2019-04-01 18:02:13,颜色分类:米白尺码:36,正常的鞋码走路舒适感觉走路要跳起来一样！好看好看
2019-03-28 22:39:39,颜色分类:米白尺码:34,除了鞋底那只🐷没其他毛病
2019-03-22 13:08:33,颜色分类:米白（预计付款后25天发货）尺码:37,很轻便，米白色也没有白色爱脏，但是问题来了，鞋底不应该是小熊吗，为什么变成🐷了，难道是猪年临时换了，试了一下还可以就留下吧，毕竟等了这么长时间
2019-03-26 11:00:52,颜色分类:米白（预计付款后10天发货）尺码:35,确实有很多瑕疵，粘胶的地方更是不细致，不是小熊鞋，鞋底是小猪，和正品差距很大，到是上脚还行，等了很长时间懒的换了，不推荐大家购买
2019-03-30 15:52:56,颜色分类:米白尺码:39,鞋子非常舒服，显得脚小，非常喜欢。轻便，正码。推荐购买，很少写评价，这次是因为鞋子确实舒服，比耐克老爹鞋舒服多了。虽然价格也很好。
2019-03-31 22:13:19,颜色分类:米白（预计付款后10天发货）尺码:36,好看，只不过等了好久，不过还是值得得，版型超级好看，软软的，舒服
2019-09-15 11:39:28,颜色分类:米白（预计付款后20天发货）尺码:34,此用户没有填写评论!
2019-10-07 19:32:46,颜色分类:米色（现货）尺码:40,鞋头款式：款式很好看，很喜欢。就是后面有点显脚长脚大 鞋底材质：很柔软，我还是多喜欢的 鞋面材质：不知道是什么皮的。 风格：休闲风格，女孩怎么配都可以。都很好看
2019-09-02 12:35:45,颜色分类:米白尺码:38,很舒服，门店发货，好搭配
2019-08-30 20:12:55,颜色分类:米白尺码:38,拍了两双，第一双拍的早点贵了十元，但是还是比专柜便宜，第二双是从我家附近的专柜寄过来的，所以肯定是正品，专门问了专柜的价格四百二左右，正好老姐也蛮喜欢的，就没有退这双
2019-03-30 12:56:11,颜色分类:米白尺码:37,超级好的一双旅游鞋，帮面牛皮，鞋里猪皮，很养脚，穿着舒服极了！鞋子外观设计非常漂亮，皮革细腻，毫无瑕疵。二十多年的四季一直穿百丽的鞋子，希望店家能保持创新与质量！
2019-04-07 19:48:12,颜色分类:米白尺码:38,好 性价比还是不错的 就是粘胶有缝隙 不知道会不会脱胶
2019-09-13 12:30:19,颜色分类:米白尺码:39,此用户没有填写评论!
2019-03-23 19:52:48,颜色分类:米白（预计付款后10天发货）尺码:37,鞋子很舒服，也很漂亮！
2019-04-02 12:17:39,颜色分类:米白（预计付款后10天发货）尺码:37,挺舒服的 还轻，有白色就好了
2019-09-18 13:56:28,颜色分类:米白尺码:37,因为越是看分辨率高的东西，人的想象力等级就会越低。因为如果什么都能看得一清二楚的话，就没有必要对模糊不清的部分进行想象。 要想尽快让感受器的构造复杂起来，就要读各种各样的作家所写的书。这样一来，各种各样的大脑的碎片就会在你的脑内堆积，感受器的形状也会变得多样化，进而变得容易接纳其他大脑碎片。
2019-09-01 16:20:09,颜色分类:米白尺码:35,此用户没有填写评论!
2019-09-19 17:42:37,颜色分类:米白尺码:35,买买买买买买买买买买买买买买买买买买买买买收收收收收收收收收收收收收收收收收收收收收开心开心开心开心开心开心开心开心开心开心心很好很好很好很好很好很好很好很好很好很好好哈哈哈哈哈哈哈哈哈哈哈哈哈哈哈哈哈哈哈哈哈哈哈哈哈哈哈哈哈哈哈哈哈哈哈哈哈哈哈哈哈哈哈哈哈哈哈哈哈哈哈哈哈哈哈哈哈哈哈哈哈哈哈哈哈哈哈...
2019-08-25 09:53:31,颜色分类:米白尺码:34,活动买的价格非常划算！！到手三百多，昨天穿着走了一万多步一点都不累，并且这款鞋我要实名夸奖，又增高又看起来秀气的鞋真的很难得！！穿着舒服增高又有安全感但却轻便的真的很很难得！！！买到就是赚到！！！活动买的价格非常划算！！到手三百多，昨天穿着走了一万多步一点都不累，并且这款鞋我要实名夸奖，又增高又看起来秀气的鞋真的很难得！！穿着舒服增高又有安全感但却轻便的真的很很难得！！！买到就是赚到！！！活动买的价格非常划算！！到手三百多，昨天穿着走了一万多步一点都不累，并且这款鞋我要实名夸奖，又增高又看起来秀气的鞋真的很难得！！穿着舒服增高又有安全感但却轻便的真的很很难得！！！买到就是赚到！！！
2019-08-31 21:27:24,颜色分类:米白尺码:38,最近真的中了百丽的毒了，买了四双鞋，下个月准备吃土啦，哈哈哈。女孩子就要对自己好一点。这个鞋子一开始拍了一双，刚收到没几天结果新风尚活动，降了十元，准备再拍一次把之前拍的退了，正好老姐相中了，就没退，这双是从我家附近的专柜寄过来的，收到快递的我惊呆了，关键还是顺丰，哈哈哈，保证正品
2019-08-25 17:57:08,颜色分类:米白尺码:39,全五星好评，好就一个字我只说一次，你知道我只能用好评来表示
2019-04-06 06:52:26,颜色分类:米白（预计付款后10天发货）尺码:38,这个鞋子一点都不好，不透气，冷的时候很冷，热的时候很热
2019-03-23 19:18:49,颜色分类:米白（预计付款后10天发货）尺码:34,鞋子挺好的，就是发货太不及时追了几次，半个月才收到货
2019-03-28 12:58:00,颜色分类:米白（预计付款后10天发货）尺码:37,喜欢，很好
2019-04-08 13:57:45,颜色分类:米白尺码:38,和专柜一样
2019-04-04 22:06:35,颜色分类:米白（预计付款后10天发货）尺码:37,码正，质量不错，不磨脚，就是走出去跟别人撞鞋了，这个款式这两年太火了
2019-03-23 19:39:08,颜色分类:米白（预计付款后10天发货）尺码:35,不错挺舒服的
2019-09-18 13:42:21,颜色分类:米色（现货）尺码:36,发的货是别人退回的，因为鞋底脏的，鞋带已经起球，鞋面有一块很皱，找客服，客服补贴20。还是要给差评，因为这是产品的问题，还有就是百丽的客服团队非常不专业，回复慢，一个售后转了三个团队，最后有个客服接到还说有什么问题？有什么问题不会看聊天记录吗？
2019-10-10 20:26:07,颜色分类:米白（预计付款后20天发货）尺码:36,此用户没有填写评论!
2019-09-20 21:41:55,颜色分类:米白（预计付款后20天发货）尺码:37,穿了一天就成这个样子了，都无奈了，第一天啊，而且走的都是马路，这质量还敢在差一点吗，什么鬼都，之前同材质的，我都穿一年半载皮才花，400块钱的质量我真心服了，这穿之不好看，弃之太可惜。破质量，破质量，破质量，破质量，破质量，建议不要买，不要买，不要买，在市里都这样，要是郊区，我天啦，不敢想象
2019-04-06 20:49:55,颜色分类:米白尺码:37,挺喜欢的鞋子，但是我穿着鞋舌那会磨脚
2019-09-11 15:05:33,颜色分类:米色（现货）尺码:36,此用户没有填写评论!
2019-09-22 22:30:01,颜色分类:米白尺码:38,此用户没有填写评论!
2019-04-08 12:56:53,颜色分类:米白（预计付款后10天发货）尺码:35,发货太慢了，催了又催，质量不是很好，做工粗糙，只是上脚样式还行。
2019-03-26 14:18:10,颜色分类:米白（预计付款后10天发货）尺码:34,这样的问题，看来像是假的
2019-04-04 14:32:13,颜色分类:米白（预计付款后10天发货）尺码:37,试穿了一下，挺舒服的。样式也不错
2019-03-25 18:25:25,颜色分类:米白（预计付款后10天发货）尺码:36,还不错，就是有点小瑕疵，正品不正品就不知道了
2019-04-12 20:18:27,颜色分类:米白（预计付款后10天发货）尺码:38,小熊咋变成猪
2019-04-04 10:04:18,颜色分类:米白尺码:39,不管是不是正品，穿上是挺舒服的
2019-03-26 22:43:55,颜色分类:米白（预计付款后10天发货）尺码:34,好喜欢，非常漂亮
2019-04-01 21:10:21,颜色分类:米白（预计付款后10天发货）尺码:36,就是鞋底硬
2019-04-02 14:50:28,颜色分类:米白尺码:34,逛商场的时候看到的试穿了很舒服，正好碰上旗舰店打折果断收了
2019-03-24 16:57:11,颜色分类:米白（预计付款后10天发货）尺码:36,等了十多天才发货，顺丰很快，广州到北京第二天就到了，和想象的多少有点出入，颜色偏米色多些，感觉都是现赶出来的一批货，不知道是不是正品还是只是电商销售，好在穿上还可以，价位也肯定比实体店便宜就留下了，这两年流行的老爹鞋
2019-03-28 14:34:29,颜色分类:米白（预计付款后10天发货）尺码:38,感觉码数偏小了，平时我穿鞋38码都会偏大的。但鞋子还是蛮好看的，和想象的相差不太大，就是发货的比较慢了，等了蛮久才等到的。
2019-04-08 08:42:37,颜色分类:米白（预计付款后10天发货）尺码:34,舒服，关键好看
2019-10-11 23:02:01,颜色分类:米白（预计付款后20天发货）尺码:36,好穿
2019-09-29 17:45:48,颜色分类:米色尺码:37,此用户没有填写评论!
2019-10-11 12:27:57,颜色分类:米白（预计付款后20天发货）尺码:36,穿着很舒服，粉了👍
2019-10-11 18:24:35,颜色分类:米白（预计付款后20天发货）尺码:34,鞋底软软的，穿起来很舒服，鞋型不笨重
2019-10-11 10:31:53,颜色分类:米白（预计付款后15天发货）尺码:35,鞋子很轻，穿着舒适，简单漂亮大方，不错。 鞋面材质：全皮
2019-10-11 11:15:21,颜色分类:米白（预计付款后20天发货）尺码:34,大小超级合适，鞋底很轻，性价比超级高。满意满意。这款老爹鞋真心百搭，之前看朋友穿上很棒，立即要来链接买下来，确实买对了。
