2019年09月29日 16:48,颜色分类:白色 单鞋[收藏加购优先发货]尺码:37,太好了，穿着太舒服了，没买的抓紧
2019年10月02日 12:17,颜色分类:黑色 单鞋[收藏加购优先发货]尺码:38,鞋子收到了，第二次购买他家的鞋了，质量挺好的，鞋面是真皮的，透气还舒服，底子软硬合适，走起路来很轻。
2019年10月04日 23:00,颜色分类:白色 单鞋[收藏加购优先发货]尺码:38,鞋子到了，包裹完好无损，质量不错，穿着合适，尺码正，不挤脚！内增高正是我需要的，价格合理！
2019年10月06日 22:27,颜色分类:白色 单鞋[收藏加购优先发货]尺码:36,鞋子款式时尚大气，尺码标准穿着很舒服，合脚，走路多也不累，质量蛮好的
2019年10月05日 11:42,颜色分类:白色 单鞋[收藏加购优先发货]尺码:36,宝贝款式新，材质舒适柔顺，鞋底也很软，风格很适合当下年轻人的口味！一下单就发货，节假日期间的物流很快，快递师傅主动发消息提醒我到楼下拿取呢！
2019年10月05日 21:56,颜色分类:黑色 单鞋[收藏加购优先发货]尺码:38,鞋子收到了！没有色差！客服推荐的码数刚好合适！鞋子很百搭！穿上瞬间高了很多！人也看着苗条了些！昨天收到货就穿出去逛了一下午的街一点都没有出现卡脚磨脚！很喜欢！
2019年10月04日 17:36,颜色分类:白色 单鞋[收藏加购优先发货]尺码:37,鞋头款式：圆头 鞋面材质：皮质，透气柔软 鞋底材质：软，不累脚 风格：非常好搭配 
2019年10月02日 13:30,颜色分类:白色 单鞋[收藏加购优先发货]尺码:35,质量很好很百搭，值得拥有
2019年10月03日 12:41,颜色分类:白色 加绒[收藏加购优先发货]尺码:38,鞋子很漂亮，材质的质量也挺好的，做工精美，鞋底很软，穿着很舒服，尺码标准。
2019年10月03日 13:09,颜色分类:白色 单鞋[收藏加购优先发货]尺码:37,鞋子不错，真皮的，上脚试了试很舒服，小个子的福音，尺码也合适，做工很细致，满意
2019年10月06日 20:15,颜色分类:白色 单鞋[收藏加购优先发货]尺码:38,物品收到了，鞋的款式是我想要的，鞋面穿着很舒服质量很好，鞋底很柔软，鞋底也不硌脚，十分的喜欢这双鞋，给五星好评！
2019年10月07日 22:51,颜色分类:黑色 单鞋[收藏加购优先发货]尺码:36,之前买过白色的  这次买的黑色的 很喜欢 内增高很高 但是穿着不累很舒服 非常满意了
2019年10月07日 18:23,颜色分类:白色 单鞋[收藏加购优先发货]尺码:36,增高休闲鞋，版型很好，穿着舒服！非常百搭！穿着增高5公分以上，感觉整体效果特别好！穿衣服也好看很多非常满意！
2019年10月03日 21:02,颜色分类:黑色 单鞋[收藏加购优先发货]尺码:38,鞋头款式：鞋头款式是我喜欢的款式，和图片一样好好看，真的好喜欢。 鞋面材质：鞋的材质挺好的，质量不错， 鞋底材质：鞋底柔软，值得购买哦！喜欢的可以下手。 
2019年10月01日 13:10,颜色分类:白色 单鞋[收藏加购优先发货]尺码:38,孩子收到了，穿上很舒服，是真皮的，漂亮，好喜欢，下次还来
2019年10月07日 09:13,颜色分类:白色 单鞋[收藏加购优先发货]尺码:39,宝贝收到啦，喜欢这种白色的鞋子，又百搭又清爽，上脚舒适，款式好看，质量也不错，很满意
2019年10月05日 09:01,颜色分类:黑色 单鞋[收藏加购优先发货]尺码:38,款式简约大方，上脚舒适度非常不错，尺码标准，做功精细
2019年09月26日 14:47,颜色分类:白色 加绒[收藏加购优先发货]尺码:37,白鞋收到了，很满意，穿着很舒服。很合适，号码很标准。款式新潮，风格独特。质量很好，鞋底防滑，走路不累脚，下次还来光顾。
2019年10月02日 14:59,颜色分类:白色 单鞋[收藏加购优先发货]尺码:35,皮质柔软 穿着舒适 非常喜欢
2019年10月03日 16:40,颜色分类:黑色 单鞋[收藏加购优先发货]尺码:37,买给自己媳妇的，哈哈不错媳妇穿起来就是美，还有质量也是不错的，大小正合适。满意
2019年10月04日 10:46,颜色分类:白色 单鞋[收藏加购优先发货]尺码:37,这个鞋子是内增高的，小白鞋很合适，码数非常合适，穿着很舒服，挺不错的
2019年10月05日 12:26,颜色分类:白色 单鞋[收藏加购优先发货]尺码:38,小白鞋收到了，质量很好，款式漂亮，大小合适，穿着舒服，非常满意。
2019年10月06日 00:07,颜色分类:黑色 单鞋[收藏加购优先发货]尺码:34,很不错的款式 很喜欢 很百搭 尺码也很合适 穿起来舒适
2019年09月30日 14:59,颜色分类:白色 单鞋[收藏加购优先发货]尺码:36,鞋底材质：够软熟，不刮脚 白色好百搭，短裤裙子都没问题，内增高显得脚好长，喜欢～ 
2019年10月06日 13:39,颜色分类:白色 单鞋[收藏加购优先发货]尺码:37,鞋子收到了，质量很好，摸起来手感很不错，上脚很舒服，不硌脚，很百搭，很喜欢
2019年10月04日 16:26,颜色分类:黑色 单鞋[收藏加购优先发货]尺码:36,穿了几天才来评价，鞋质量很好，样式也是我喜欢的，很潮，穿上走路也不累，好评了喜欢
2019年10月02日 16:27,颜色分类:黑色 单鞋[收藏加购优先发货]尺码:36,买给妈妈的，她穿上很喜欢，她不会穿高跟鞋，这个鞋子就刚刚好，鞋码很正。
2019年10月04日 19:40,颜色分类:白色 单鞋[收藏加购优先发货]尺码:38,宝贝收到了，穿了不累脚，不闷脚，内增高很漂亮，穿上显得脚很小，质量不错，有需要还会回购的
2019年10月07日 16:37,颜色分类:白色 单鞋[收藏加购优先发货]尺码:39,这款鞋皮质挺软的，穿着透气不闷脚，是真皮的，鞋子增高穿着不累。
2019年10月02日 15:07,颜色分类:黑色 单鞋[收藏加购优先发货]尺码:39,百搭的小白鞋，时尚大方，矮个子女生的福利，想买的亲赶紧下手吧
2019年10月01日 13:09,颜色分类:黑色 单鞋[收藏加购优先发货]尺码:39,鞋头款式：款式好看 鞋面材质：穿着很舒服，质量很好。 鞋底材质：鞋底柔软也不硌脚 风格：颜色款式，非常喜欢， 
2019年10月07日 20:04,颜色分类:黑色 单鞋[收藏加购优先发货]尺码:36,鞋子有点味道和初穿上有点滋滋响外，但上脚还是好看的。
2019年10月07日 12:28,颜色分类:黑色 单鞋[收藏加购优先发货]尺码:36,鞋子很不错，很好看，穿上很舒服，很满意的一次购物。增高有好看，不错不错哦。
2019年10月05日 19:40,颜色分类:白色 单鞋[收藏加购优先发货]尺码:35,"鞋子很漂亮,质量挺好的,鞋底很软,穿着舒服"
2019年10月07日 09:06,颜色分类:白色 单鞋[收藏加购优先发货]尺码:37,鞋子收到了，果然没有让我失望，样式时尚大方，穿着舒适，非常满意
2019年10月01日 09:13,颜色分类:白色 单鞋[收藏加购优先发货]尺码:39,鞋头款式：款式很潮流 鞋底材质：鞋底很软穿着很舒服 风格：是我喜欢的，和店家描诉的一样，没有什么色差。 
2019年10月03日 22:52,颜色分类:黑色 单鞋[收藏加购优先发货]尺码:38,身高不够，又穿不了美美哒小高跟鞋，所以坡跟鞋和内增高是最好的选择了，鞋子很满意。
2019年10月04日 18:09,颜色分类:白色 单鞋[收藏加购优先发货]尺码:39,小白鞋收到了，质量很好，是内增高穿起来显腿长，很舒适!
2019年10月03日 23:08,颜色分类:白色 加绒[收藏加购优先发货]尺码:39,鞋子按时收到，给妹妹买的，她穿起来很好看，质量也特别好，满意的一次网购！
2019年10月04日 09:43,颜色分类:黑色 单鞋[收藏加购优先发货]尺码:38,鞋子穿着很舒服，高度正好，很显气质
2019年10月04日 08:01,颜色分类:白色 单鞋[收藏加购优先发货]尺码:37,鞋头款式：一般般 来到鞋盒子完全是变形的. 物流超级慢 ，真的等了好多天，不太值 鞋面材质：软  
2019年10月07日 06:27,颜色分类:黑色 单鞋[收藏加购优先发货]尺码:39,穿着舒服，透气，尺码合适
2019年09月29日 19:29,颜色分类:白色 单鞋[收藏加购优先发货]尺码:37,鞋头款式：圆头 鞋面材质：pu 鞋底材质：不知道🤷&zwj;♀️感觉很舒服，不累🦶也不重 风格：是我喜欢的风格，到手就穿出去溜达溜达了 
2019年09月30日 07:50,颜色分类:白色 单鞋[收藏加购优先发货]尺码:35,白鞋很干净，码数很正，带有一点内增高，穿起来也看不怎么出来，最喜欢这样的效果了，穿上透气舒服不磨脚难受。
2019年09月27日 14:00,颜色分类:白色 单鞋[收藏加购优先发货]尺码:36,鞋头款式：喜欢 鞋面材质：很舒服 鞋底材质：柔软，不磨脚 风格：是我喜欢的风格，跟商家描述呢一样 
2019年10月02日 15:06,颜色分类:收藏加购优先发货[收藏加购优先发货]尺码:38,鞋子美观大方，很舒服，朋友说很好看
2019年10月06日 16:13,颜色分类:白色 单鞋[收藏加购优先发货]尺码:39,版型比较好，一点都不累脚，透气性很好，也不臭脚，穿着很舒服
2019年09月30日 18:52,颜色分类:白色 加绒[收藏加购优先发货]尺码:37,给婆婆买的鞋子哦，她很喜欢这个款式，说显瘦显高，穿着走路脚还不累，质量还可以哦，值得好评。
2019年10月01日 01:09,颜色分类:白色 单鞋[收藏加购优先发货]尺码:37,个子不是老高，所以喜欢买内增高的鞋子，白色又百搭，符合我预期的效果。另外物流挺快，鞋子包装也不错😊点个赞👍
2019年10月03日 14:32,颜色分类:黑色 单鞋[收藏加购优先发货]尺码:37,鞋子收到了，合脚舒适，很喜欢
2019年10月05日 19:15,颜色分类:白色 单鞋[收藏加购优先发货]尺码:36,第二次购买 朋友看我好看让我给她买一双
2019年10月02日 21:05,颜色分类:黑色 单鞋[收藏加购优先发货]尺码:36,"很舒服，材质好，鞋子很好，舒服,鞋底很软，小白单鞋非常好，码子很标准,物流很快，物美价廉！"
2019年10月06日 19:46,颜色分类:白色 单鞋[收藏加购优先发货]尺码:37,鞋子质量很好的，穿着一点都不磕脚也不累，非常满意，五星好评
2019年10月02日 21:01,颜色分类:黑色 单鞋[收藏加购优先发货]尺码:39,显腿长，小腿显腿细，很不错，走路不会累，不臭脚，蛮不错的，满意极了
2019年09月29日 22:22,颜色分类:白色 单鞋[收藏加购优先发货]尺码:37,质量很好，版型百搭时尚，上脚舒适，价格实惠，好评推荐
2019年09月26日 22:44,颜色分类:白色 单鞋[收藏加购优先发货]尺码:34,小白鞋就是百搭，穿什么都好看，很适合我这种小个子内增高的。
2019年09月29日 18:12,颜色分类:白色 单鞋[收藏加购优先发货]尺码:35,小白鞋穿着休闲舒服，内增高拉长腿部线条，挺好的
2019年10月03日 15:09,颜色分类:黑色 单鞋[收藏加购优先发货]尺码:36,鞋面材质：好走路，带娃方便 
2019年09月30日 21:36,颜色分类:黑色 单鞋[收藏加购优先发货]尺码:36,宝贝收到啦，非常符合期待！厚底内增高小白鞋，简直百搭，还能满足我增高的需求，大爱哦，推荐！
2019年09月26日 13:07,颜色分类:白色 单鞋[收藏加购优先发货]尺码:37,宝贝收到几天了，尺码合适，上脚很舒服，很百搭，非常满意的一次网购。
2019年09月29日 02:32,颜色分类:黑色 单鞋[收藏加购优先发货]尺码:39,鞋子收到了，质量很不错噢！穿起来很显脚小，一下子感觉人高了一节，感觉走路都更有自信了。而且穿起来不累，但是增高效果很好。以后还会再来的。
2019年09月27日 19:10,颜色分类:白色 单鞋[收藏加购优先发货]尺码:37,小白鞋很百搭内增高鞋底防滑耐磨穿上很舒服不累脚
2019年09月29日 18:41,颜色分类:白色 单鞋[收藏加购优先发货]尺码:39,鞋子挺好看的，简单好看，穿着很舒服，质量不错，鞋底增高的不累脚，很好搭配衣服，喜欢，快递很快。
2019年10月01日 15:33,颜色分类:白色 单鞋[收藏加购优先发货]尺码:38,内增高的鞋子已经好几双了，但就是喜欢，角度很好，穿着不累，是我这种小个女生的福利
2019年10月01日 11:49,颜色分类:白色 单鞋[收藏加购优先发货]尺码:36,鞋子已经收到啦，发货速度很快，包装的也不错，这个鞋子穿着不磨脚，大小也合适，码数正常就按平时买的来，在实体店看到试了一下蛮不错，在网上看了很久选这家的鞋，不错
2019年10月01日 14:39,颜色分类:白色 单鞋[收藏加购优先发货]尺码:39,鞋收到。质量真心不错、值得购买哦
2019年10月01日 17:57,颜色分类:白色 单鞋[收藏加购优先发货]尺码:38,很好穿，加上一点小高度，不管面还是底都出乎的好，外出游玩什么的都没有问题，就很简单百搭款，随便怎么穿都舒服。
2019年10月03日 18:20,颜色分类:黑色 单鞋[收藏加购优先发货]尺码:37,鞋子大小合适，很透气，卖家发货速度快，还送了不少礼物
2019年09月27日 19:13,颜色分类:黑色 单鞋[收藏加购优先发货]尺码:37,第一次在网上买鞋，还非常合适，鞋穿着挺舒服的，显气质，显个高，号码标准，就是打开时有味，还可以接受
2019年09月30日 06:19,颜色分类:白色 加绒[收藏加购优先发货]尺码:39,东西已经收到了，质量很不错，手感很好，很有特色，很是喜欢。穿起来感觉很舒服。有需要的亲可以下手了，物流快递也很快。 
2019年09月28日 19:58,颜色分类:白色 单鞋[收藏加购优先发货]尺码:39,鞋子内增高的，穿上脚显的腿长，最重要的是鞋子做工好质量好，穿上走路非常舒服，很喜欢
2019年10月01日 11:13,颜色分类:黑色 单鞋[收藏加购优先发货]尺码:36,给妈妈买的，质量很好，做工精细，底子我很软，妈妈很喜欢，尺码也标准
2019年10月03日 15:03,颜色分类:白色 单鞋[收藏加购优先发货]尺码:40订做,鞋子收到了，质量很好穿着很舒服很好看
2019年10月01日 14:34,颜色分类:黑色 单鞋[收藏加购优先发货]尺码:37,小白鞋真是超级百搭，这款有内增高，鞋底很舒服，走的时间长点也不累！
2019年10月04日 05:00,颜色分类:白色 单鞋[收藏加购优先发货]尺码:37,鞋子收到了，穿着舒服，显个高
2019年10月03日 20:57,颜色分类:黑色 单鞋[收藏加购优先发货]尺码:37,穿起来很舒服不磨脚，挺好的，很好看又百搭，满意
2019年10月01日 14:59,颜色分类:白色 单鞋[收藏加购优先发货]尺码:37,内增高小白鞋，质量特别好，没有味道，穿着挺舒服的，很显腿长，挺喜欢的
2019年10月01日 10:07,颜色分类:白色 单鞋[收藏加购优先发货]尺码:39,宝贝收到了，小白鞋质量不错，鞋跟刚刚好，上脚不累脚，穿着挺舒适的，挺满意的。
2019年10月06日 07:55,颜色分类:白色 单鞋[收藏加购优先发货]尺码:37,鞋大小正好，百搭满意
2019年09月30日 00:50,颜色分类:白色 单鞋[收藏加购优先发货]尺码:38,鞋子很百搭，穿了显高，内增高的穿着走路也很舒服，不错，质量挺好的，值得购买
2019年10月03日 10:43,颜色分类:白色 单鞋[收藏加购优先发货]尺码:37,鞋子质量很好！！很舒服穿着！！
2019年09月28日 13:18,颜色分类:白色 单鞋[收藏加购优先发货]尺码:37,鞋子质量很好，穿着很舒服，做工精细，款式不错，鞋底也超软
2019年09月29日 22:31,颜色分类:白色 单鞋[收藏加购优先发货]尺码:36,鞋子收到了，穿在脚上挺合适的，款式也是我喜欢的款式，而且价格还很实惠，性价比很高哦
2019年09月29日 12:59,颜色分类:黑色 单鞋[收藏加购优先发货]尺码:40订做,鞋子质量不错，穿着透气，走路轻便，款式也是我喜欢的！
2019年10月01日 20:59,颜色分类:白色 加绒[收藏加购优先发货]尺码:36,鞋子收到了，选了一款加绒的，内增高，适合个小的美眉，很满意，穿着舒服
2019年09月29日 18:19,颜色分类:黑色 加绒[收藏加购优先发货]尺码:39,鞋子收到了，码数标准穿着舒适不磨脚，质量满意
2019年10月03日 10:42,颜色分类:黑色 单鞋[收藏加购优先发货]尺码:38,很合脚，舒适
2019年09月28日 16:51,颜色分类:白色 单鞋[收藏加购优先发货]尺码:37,特别喜欢小白鞋，看到就忍不住想买，鞋子质量很好，穿着也舒服
2019年10月06日 17:22,颜色分类:白色 单鞋[收藏加购优先发货]尺码:37,鞋子码子很正
2019年09月28日 07:38,颜色分类:白色 单鞋[收藏加购优先发货]尺码:35,鞋子款式非常好看物美价廉值得拥有果断好评
2019年09月22日 08:21,颜色分类:白色 单鞋[收藏加购优先发货]尺码:35,新款时尚百搭，尺码穿上刚刚好，做工精致线缝整齐均匀，性价比超高，这个价格在实体店绝对买不到的 
2019年10月01日 13:21,颜色分类:黑色 加绒[收藏加购优先发货]尺码:38,鞋总体不错，大小合适，包装严实。店家也很好。发货很快。毕竟便宜好货更实在。希望店家多多优惠，祝生意兴隆。
2019年09月30日 19:24,颜色分类:黑色 单鞋[收藏加购优先发货]尺码:37,鞋子收到了，款式很好看，皮质也很好，上脚很舒服显脚小，满意
2019年09月30日 13:14,颜色分类:白色 单鞋[收藏加购优先发货]尺码:37,款式喜欢！收到很满意做工精细！穿着很舒服不累脚好搭配又增高
2019年09月29日 21:33,颜色分类:黑色 单鞋[收藏加购优先发货]尺码:37,鞋子穿上很舒服，增高了不少。鞋型简单，底部柔软。
2019年10月06日 02:15,颜色分类:白色 单鞋[收藏加购优先发货]尺码:36,质量好  穿着舒适
2019年09月27日 10:46,颜色分类:黑色 单鞋[收藏加购优先发货]尺码:40订做,鞋款式时尚大方，穿着很舒服很跟脚，很不错的一款鞋
2019年10月02日 17:51,颜色分类:白色 单鞋[收藏加购优先发货]尺码:37,合适，百搭，不错
2019年10月02日 20:54,颜色分类:白色 单鞋[收藏加购优先发货]尺码:35,质量好，大小穿着刚刚好，我很满意
2019年09月30日 21:47,颜色分类:黑色 加绒[收藏加购优先发货]尺码:39,鞋子收到了，穿上很合适，鞋子材料穿着很舒服，质量很好，鞋底很柔软，不硌脚，质量很好，物流很快
2019年10月01日 13:03,颜色分类:白色 单鞋[收藏加购优先发货]尺码:38,鞋子做工很不错，质量是看得见的，穿着很舒服，喜欢，满意。
2019年09月28日 18:41,颜色分类:黑色 单鞋[收藏加购优先发货]尺码:37,穿着很舒适，只是收到打开包装味道很大，希望以后能改善
2019年10月02日 10:27,颜色分类:黑色 单鞋[收藏加购优先发货]尺码:38,质量不错奥 很满意 商家服务很好 非常愉快 生意越来越好啊
2019年09月30日 13:05,颜色分类:黑色 单鞋[收藏加购优先发货]尺码:36,宝贝收到了，包装很好，鞋子款式颜色好看，试穿了一下很合脚，价格实惠，店家服务态度很好，值得购买
2019年09月30日 08:54,颜色分类:白色 单鞋[收藏加购优先发货]尺码:37,鞋子质量真不错，款式简单好看，穿着很舒服，满意
2019年10月01日 21:13,颜色分类:白色 加绒[收藏加购优先发货]尺码:37,物流很给力，已经收到了，鞋子质量很好，穿着舒适，比较百搭，很满意的一次购物
2019年09月28日 18:30,颜色分类:白色 单鞋[收藏加购优先发货]尺码:38,款式很好，搭裙子裤子都很好看，重要的是质量真的很好
2019年09月29日 16:29,颜色分类:白色 单鞋[收藏加购优先发货]尺码:37,宝贝收到了，包装完好，没有破损。对鞋子很满意，穿着很合脚很舒服，尺码很正，款式新颖，风格独特，鞋底还是防滑的，走路也不累，很好，很喜欢。
2019年10月03日 17:11,颜色分类:收藏加购优先发货[收藏加购优先发货]尺码:35,质量很好，颜色很好看，值得购买
2019年08月25日 19:14,颜色分类:白色 单鞋[收藏加购优先发货]尺码:38,小圆头，秀气又增高，不显脚大，鞋面软和，我脚宽也不觉得挤，比较轻巧，试穿脚感舒服，白的干净，很喜欢，全五星好评！
2019年09月23日 14:52,颜色分类:黑色 单鞋[收藏加购优先发货]尺码:39,内增高的鞋子穿着很舒服，完全不会不稳，款式也很漂亮，很百搭，鞋底防滑效果很好，厚底的很舒服
2019年10月06日 23:38,颜色分类:黑色 单鞋[收藏加购优先发货]尺码:36,风格：好好 
2019年09月30日 06:26,颜色分类:收藏加购优先发货[收藏加购优先发货]尺码:36,鞋子很好看，是我喜欢的款式！面料很舒服！
2019年10月01日 17:26,颜色分类:白色 单鞋[收藏加购优先发货]尺码:35,鞋子是真皮的，穿着舒服
2019年09月29日 19:23,颜色分类:白色 单鞋[收藏加购优先发货]尺码:39,宝贝收到了，鞋子很漂亮，穿在脚上显脚瘦，走路也舒适，物流也迅速，不错！
2019年10月01日 21:43,颜色分类:白色 加绒[收藏加购优先发货]尺码:39,鞋子收到了，质量好，穿着舒适透气，非常喜欢。
2019年09月30日 07:44,颜色分类:黑色 加绒[收藏加购优先发货]尺码:36,客服小姐姐态度很好，发货速度很快就收到了，鞋子很好看，穿起来很好看，质量也不错，穿起来很舒服，不硌脚，值得推荐。
2019年09月29日 09:08,颜色分类:白色 单鞋[收藏加购优先发货]尺码:36,质量好！内增高穿着舒服！百搭！
2019年09月20日 08:35,颜色分类:黑色 加绒[收藏加购优先发货]尺码:39,版型好看，鞋面舒适透气，鞋底软硬适中，穿上舒服漂亮，满意好评！
2019年09月22日 18:12,颜色分类:白色 加绒[收藏加购优先发货]尺码:36,内增高小白鞋质量不错，刚收到货就试穿了下，穿着很舒服也很好看，一点也不伤脚后跟，款式新颖，物有所值，必须好评！以后有需要还会再来。。。
2019年09月29日 20:16,颜色分类:白色 单鞋[收藏加购优先发货]尺码:35,鞋子质量很好，穿上走路很舒服，好搭配衣服，很满意
2019年09月22日 15:53,颜色分类:黑色 单鞋[收藏加购优先发货]尺码:39,鞋子收到了，非常不错，做工精细，款式简洁大方，码子标准，穿起来时尚又好看，性价比很高，好评
2019年10月01日 09:22,颜色分类:白色 单鞋[收藏加购优先发货]尺码:38,内增高款式的鞋子就是喜欢，即拉升了腿部线条又显得个子高。而且是真皮的，超级软，超级舒服。值得购买！
2019年09月24日 16:02,颜色分类:白色 加绒[收藏加购优先发货]尺码:36,皮质柔软，穿着舒适，款式秀气，穿上立马显高了，非常喜欢
2019年09月23日 10:47,颜色分类:白色 单鞋[收藏加购优先发货]尺码:39,鞋子收到了，款色好好看，做工和质量都不错，好休闲，鞋子轻巧，鞋底柔软，走路一点也不累，还有增高效果，棒棒哒！
2019年10月03日 12:39,颜色分类:黑色 加绒[收藏加购优先发货]尺码:39,质量不错，很舒服。满意
2019年10月07日 22:33,颜色分类:白色 单鞋[收藏加购优先发货]尺码:38,穿起有味
2019年09月28日 19:42,颜色分类:黑色 加绒[收藏加购优先发货]尺码:39,此用户没有填写评价。
2019年10月02日 08:54,颜色分类:黑色 单鞋[收藏加购优先发货]尺码:39,非常满意，质量好，还会再来
2019年10月01日 22:51,颜色分类:收藏加购优先发货[收藏加购优先发货]尺码:37,质量挺好的。不错，上脚很舒服，真心很满意喜欢
2019年09月21日 15:40,颜色分类:白色 单鞋[收藏加购优先发货]尺码:39,内增高的鞋子原本以为穿上会很累，没想到上脚舒服，穿了两天再来评价的，给侄女买的，她个头矮，一下增加了海拔，穿上走路舒服，不磨脚不觉累！很好！
2019年10月01日 12:50,颜色分类:白色 单鞋[收藏加购优先发货]尺码:38,内增高鞋适合我矮个子，哈。
2019年09月21日 08:09,颜色分类:黑色 单鞋[收藏加购优先发货]尺码:36,鞋子收到了，款式很不错，很好看，鞋底也很舒服，不会硬，穿着走不会脚疼脚累，风格也比较百搭，裤子裙子搭着都好看，很喜欢
2019年09月21日 14:32,颜色分类:黑色 加绒[收藏加购优先发货]尺码:36,鞋子很合脚，鞋底很厚实，做工也很精细，内增高的非常显瘦，显身材噢，价格也很划算很满意
2019年10月01日 10:31,颜色分类:白色 单鞋[收藏加购优先发货]尺码:39,"鞋子收到了,试了一下很舒服一点都不磨脚,万能的小白鞋必须百搭啊,在原有的基础上添加了增高的设计,显腿长肯定是小个子女生的福利啦"
2019年09月22日 11:56,颜色分类:白色 单鞋[收藏加购优先发货]尺码:37,包装很好，鞋头是那种圆点的，是我喜欢的，材质是皮的，很好清洗，虽然是内增高但是穿着很舒服，走路不会很累，脚也不会疼
2019年09月20日 02:02,颜色分类:黑色 单鞋[收藏加购优先发货]尺码:38,轻便透气舒适，而且很百搭，老婆非常喜欢，这个季节穿刚刚好，不磨脚没味道。
2019年09月21日 18:34,颜色分类:白色 单鞋[收藏加购优先发货]尺码:38,鞋面材质：鞋收了，质量非常好，穿着舒服，挺时尚的小白鞋，很好搭配，第一次买到这么的的鞋，价格不贵 
2019年10月07日 20:09,颜色分类:白色 单鞋[收藏加购优先发货]尺码:38,鞋穿的不错！挺满意的！
2019年09月29日 16:27,颜色分类:黑色 单鞋[收藏加购优先发货]尺码:37,质量不错很好喜欢物有所值棒棒哒！
2019年09月21日 22:01,颜色分类:黑色 单鞋[收藏加购优先发货]尺码:37,鞋头款式：款式好看 鞋面材质：质量过关   鞋底材质：软和舒适 
2019年09月30日 08:45,颜色分类:白色 单鞋[收藏加购优先发货]尺码:38,鞋子内增高的高度刚好适合我，很高兴能买到喜欢的鞋子了，质量好，鞋底耐磨，穿起来不打脚，值得推荐
2019年09月24日 17:50,颜色分类:白色 单鞋[收藏加购优先发货]尺码:37,鞋子款式简单，材质做工都不错，带内增高的，走路舒服不磨脚，值这个价，很满意的一次购物。
2019年09月24日 17:37,颜色分类:白色 单鞋[收藏加购优先发货]尺码:37,鞋子款式很喜欢，皮质手感不错，大小正合适，颜色跟图片一样，下次有需要再来
2019年09月25日 02:31,颜色分类:白色 单鞋[收藏加购优先发货]尺码:37,鞋子质量很好，穿着一点也不挤脚，码数标准，轻巧舒适，非常喜欢嘻嘻
2019年09月22日 18:52,颜色分类:黑色 单鞋[收藏加购优先发货]尺码:38,鞋子收到了，质量很好，穿着也比较合脚，很舒服，值得购买，以推荐给朋友们购买了，下次还会继续光顾的
2019年09月03日 15:21,颜色分类:白色 单鞋[收藏加购优先发货]尺码:36,鞋穿着挺舒服的，不磨脚，之前买了双黑色的。觉得好穿，又买了这双白色的。
2019年09月25日 20:28,颜色分类:白色 加绒[收藏加购优先发货]尺码:36,鞋头款式：鞋头是我喜欢的 鞋面材质：材料也喜欢。 鞋底材质：鞋子好软，穿的挺舒服的 风格：是我喜欢的，满意。 
2019年09月27日 09:57,颜色分类:白色 单鞋[收藏加购优先发货]尺码:39,质量很好，穿着很舒服，很显个高
2019年09月29日 12:54,颜色分类:白色 单鞋[收藏加购优先发货]尺码:37,不错，妈妈很喜欢，上脚效果好
2019年09月29日 13:53,颜色分类:黑色 单鞋[收藏加购优先发货]尺码:37,物流很快，鞋子质量很好，做工精细码数标准合脚
2019年09月29日 22:34,颜色分类:黑色 单鞋[收藏加购优先发货]尺码:36,还可以 穿上挺好看的
2019年09月22日 04:53,颜色分类:白色 加绒[收藏加购优先发货]尺码:36,鞋头款式非常时尚，鞋面材质非常实在细腻，鞋底材质非常柔软有韧性，风格非常前卫，喜欢，大爱
2019年09月24日 18:40,颜色分类:黑色 单鞋[收藏加购优先发货]尺码:36,和描述的一样，鞋子质量杠杠滴，用料上乘，穿着很舒服，款式新颖，看着上档次，非常喜欢，棒棒哒
2019年09月24日 15:48,颜色分类:白色 单鞋[收藏加购优先发货]尺码:38,鞋子收到了，物流很快，包装还不错，尺码正合适，皮质挺软的，上脚很舒服，性价比很高
2019年09月30日 22:21,颜色分类:黑色 单鞋[收藏加购优先发货]尺码:38,鞋子收到了，包装完美，鞋子版型很好，新颖时尚，穿上很舒服，一点也不会磨脚，鞋底很轻，显的腿长，百搭款，防滑耐磨，也不会捂脚，透气性超级好，我很喜欢，值得购买的
2019年09月22日 23:07,颜色分类:白色 单鞋[收藏加购优先发货]尺码:37,小白但单鞋，是内增高的，穿上脚感不错，这个天气穿上也不闷脚，个子矮，这个鞋很合适，鞋子也很好搭配，个人特别喜欢
2019年09月24日 10:31,颜色分类:白色 单鞋[收藏加购优先发货]尺码:36,好看的，可以增高不少呢，穿着走路也不累的呢，！！白色的穿着好看的，满意，质量很好的
2019年09月21日 12:52,颜色分类:白色 单鞋[收藏加购优先发货]尺码:39,鞋子收到了，质量还可以，穿上挺好看的大小正合适，比较好搭配衣服
2019年09月24日 23:12,颜色分类:黑色 单鞋[收藏加购优先发货]尺码:38,鞋子质量特别好，高度穿上很舒服，走路不累脚，矮个子的福音，非常满意的一次购物。
2019年09月24日 10:59,颜色分类:白色 单鞋[收藏加购优先发货]尺码:33订做,鞋已经穿了很久了、才想到、鞋非常不错、好看、大小合适、穿着舒服、舞蹈朋友都说好看、质量哦非常好
2019年09月23日 11:20,颜色分类:黑色 单鞋[收藏加购优先发货]尺码:35,收货后包装完好无损 穿上后很舒服 质量也很好 透气性非常好 尺码很准 很满意
2019年09月20日 14:15,颜色分类:白色 单鞋[收藏加购优先发货]尺码:38,鞋子收到，非常不错，鞋码正，穿着合适，而且舒适，休闲百搭，主要是穿上立即增高！大爱！
2019年09月20日 12:24,颜色分类:白色 单鞋[收藏加购优先发货]尺码:37,收到宝贝啦，款式非常好看鞋子，质量也非常好，穿起来不磨脚，很舒服，超级满意
2019年09月25日 21:21,颜色分类:白色 单鞋[收藏加购优先发货]尺码:37,鞋收到了拿回来就试了一下大小合适穿着也挺舒服的而且白色还很百搭
2019年09月24日 21:02,颜色分类:白色 加绒[收藏加购优先发货]尺码:36,前几天买的鞋子收到啦，大爱呀，鞋跟高度适中！走路不累也不打脚！也很好搭配衣服哦
2019年09月22日 10:05,颜色分类:白色 单鞋[收藏加购优先发货]尺码:36,尺码正 特别好  发货快  质量也不错  价格合适  喜欢的宝宝赶快入手吧
2019年09月24日 13:43,颜色分类:黑色 单鞋[收藏加购优先发货]尺码:37,快递很快，包装完好无损，鞋子尺码标准，按照原来的尺码就好，上脚很舒服，走路不累。质量不输实体店哦。好评！
2019年10月02日 15:17,颜色分类:白色 单鞋[收藏加购优先发货]尺码:39,这个好，内增高的，自己个子不高，穿这个就看不出来了。而且也不像高跟鞋走路累。至于鞋的质量也是杠杠的！
2019年09月29日 08:26,颜色分类:黑色 单鞋[收藏加购优先发货]尺码:37,老婆很喜欢
2019年09月21日 20:29,颜色分类:白色 单鞋[收藏加购优先发货]尺码:35,👟子收到，非常舒适，大方，值。
2019年09月21日 19:36,颜色分类:白色 单鞋[收藏加购优先发货]尺码:36,鞋子收到货了，太漂亮了，包装特别严密，没有破损，而且安装很方便，穿上试了试非常舒服，客服服务态度很好，很有耐心，好评！
2019年09月29日 15:44,颜色分类:黑色 单鞋[收藏加购优先发货]尺码:37,宝贝收到了，质量啥的都很好，赞一个
2019年09月22日 15:38,颜色分类:黑色 单鞋[收藏加购优先发货]尺码:34,款式好看。合适舒适，虽然带增高的，但走路很舒服，让不穿高跟鞋的我没有不适感
2019年09月28日 21:50,颜色分类:白色 单鞋[收藏加购优先发货]尺码:38,挺好的😄很满意很满意
2019年09月20日 13:27,颜色分类:黑色 单鞋[收藏加购优先发货]尺码:39,舒服百搭，跟我几套衣服搭配都好看，人一下子就高了好多，腿变得长长的了
2019年09月22日 14:49,颜色分类:白色 单鞋[收藏加购优先发货]尺码:37,鞋子皮质很软，穿上显腿长。而且很好搭配衣服，价格也很便宜。
2019年09月23日 11:09,颜色分类:白色 单鞋[收藏加购优先发货]尺码:39,质量非常好，款式新颖时尚，穿起来很漂亮，价格便宜值得购买我非常满意
2019年09月20日 11:20,颜色分类:白色 单鞋[收藏加购优先发货]尺码:37,鞋子质量很好 也比较好看 穿上增高了很多 整个人都更有气质 鞋子也比较好洗 
2019年09月21日 11:06,颜色分类:黑色 单鞋尺码:34,很好穿，真皮，第一次买了白色，第二次购买黑色
2019年09月24日 22:03,颜色分类:白色 单鞋[收藏加购优先发货]尺码:39,小白鞋质量不错，厚底内增高，穿着很舒服
2019年09月24日 10:49,颜色分类:白色 单鞋[收藏加购优先发货]尺码:38,给姐姐买的鞋子，鞋子很好看，不显脚大，真的不错。价钱也合理。
2019年09月30日 12:41,颜色分类:黑色 单鞋[收藏加购优先发货]尺码:37,鞋子收到，质量很好，上脚很舒服，大小刚好合适，走路很舒服一点也不磨脚，做工也很精细，价格实惠，值得购买
2019年09月24日 07:49,颜色分类:白色 单鞋[收藏加购优先发货]尺码:38,鞋子收到了，试穿了很合适，鞋子质量也不错，内增高穿上显高显瘦，也不累脚，很喜欢！
2019年09月29日 20:00,颜色分类:白色 单鞋[收藏加购优先发货]尺码:38,质量不错，尺码标准，很满意
2019年09月20日 08:39,颜色分类:白色 单鞋[收藏加购优先发货]尺码:38,鞋子收到了，质量不错，不磨脚不勒脚，很舒服！码数标准
2019年09月21日 15:33,颜色分类:黑色 单鞋[收藏加购优先发货]尺码:39,宝贝收到，大小刚好合脚，穿上比较舒服，质量也可以，十分满意
2019年09月20日 12:52,颜色分类:黑色 单鞋[收藏加购优先发货]尺码:37,增高鞋码数标准，做工精细，穿上舒服透气。
2019年09月23日 10:40,颜色分类:白色 单鞋[收藏加购优先发货]尺码:39,物流还是蛮快的，收到货上脚试了一下，挺合适的，拍正常码就好了，底子还算是比较软的，走路还是很舒服的，不错
2019年09月25日 16:30,颜色分类:白色 单鞋[收藏加购优先发货]尺码:37,小白鞋收到了，穿着舒服，不臭脚，尽管不耐脏但挺好洗的，太喜欢了，下次还续购
2019年09月23日 22:47,颜色分类:黑色 单鞋[收藏加购优先发货]尺码:38,鞋子质量很好，穿着很合适，款式颜色和图一样，很喜欢
2019年09月25日 11:28,颜色分类:黑色 单鞋[收藏加购优先发货]尺码:36,款式很喜欢，鞋底很好很防滑，穿着很显腿长。
2019年09月21日 10:30,颜色分类:白色 单鞋[收藏加购优先发货]尺码:34,宝贝收到了，包装严实完好，穿在脚上舒服，款式百搭透气，而且内增高的鞋子还很显高，价格比实体店要实惠的多，是全皮的，码数也很标准，我非常喜欢。
2019年09月24日 21:39,颜色分类:白色 单鞋[收藏加购优先发货]尺码:38,鞋头款式：喜欢的款式 鞋面材质：很舒服，物美价廉 鞋底材质：很棒 风格：早就想买了，和掌柜的描述的一样，物流发货很快 
2019年09月27日 07:40,颜色分类:黑色 单鞋[收藏加购优先发货]尺码:39,质量蛮好，很喜欢
2019年09月23日 20:34,颜色分类:白色 单鞋[收藏加购优先发货]尺码:35,天气开始转凉了，快递到的刚刚好，试了试，非常好，首先是合脚，再次是好看，好搭配，穿裤子，穿丝袜都好看！
2019年09月22日 10:59,颜色分类:黑色 加绒[收藏加购优先发货]尺码:37,鞋子收到了，是我喜欢的款式，穿着挺舒服，面料柔软，很好的宝贝，好评
2019年09月30日 10:42,颜色分类:白色 单鞋[收藏加购优先发货]尺码:39,增高神器
2019年09月25日 17:51,颜色分类:白色 单鞋[收藏加购优先发货]尺码:38,包装的非常严实，快递也很好，最重要的是我想要的款式，穿着非常舒适，走路一点都不累，还好看
2019年09月23日 01:15,颜色分类:黑色 单鞋[收藏加购优先发货]尺码:39,鞋子收到了，上脚非常舒服，码子很标准，很合适，做工精细，值得购买
2019年09月23日 07:45,颜色分类:黑色 单鞋[收藏加购优先发货]尺码:36,鞋子收到了，很喜欢，穿着很舒服，尺码标准啊。喜欢的可以放心购买。
2019年09月22日 08:46,颜色分类:白色 单鞋[收藏加购优先发货]尺码:37,鞋子不错，买的白色百搭款，增高的，哈哈哈，人矮只能靠增高鞋来凑哦
2019年09月08日 13:39,颜色分类:黑色 单鞋[收藏加购优先发货]尺码:39,鞋子今天终于收到了，虽然时间有点长，但是鞋子真的不错，质量，码数都是正品，试穿了一下，穿上去蛮舒服，时间长可能是台风的原因吧，快递小弟说是今天早上到的，中午就跟我送过来了，小弟👍️👍️👍️，值得信赖，我给了满分
2019年09月21日 06:37,颜色分类:白色 单鞋[收藏加购优先发货]尺码:37,鞋子穿着很舒服，内增高穿着不会累脚，做工精细，质量很好，很喜欢
2019年09月20日 23:52,颜色分类:白色 加绒[收藏加购优先发货]尺码:37,鞋底材质：软软的 鞋头款式：舒适 
2019年09月23日 15:58,颜色分类:白色 单鞋[收藏加购优先发货]尺码:37,鞋子脚感很舒服透气，走远路也不累脚
2019年09月25日 11:44,颜色分类:黑色 单鞋[收藏加购优先发货]尺码:38,皮质看着不错，这种的好打理，试了一下感觉挺舒服的，这个价位买到算可以了
2019年09月30日 15:58,颜色分类:黑色 加绒[收藏加购优先发货]尺码:39,质量好，款式好看非常喜欢
2019年09月22日 09:26,颜色分类:白色 单鞋[收藏加购优先发货]尺码:35,鞋子已收到货，已试穿上脚，大小合脚舒服。
2019年09月22日 07:33,颜色分类:白色 单鞋[收藏加购优先发货]尺码:39,鞋子收到了，收到第一时间上脚试穿非常舒适，走路不累不磨脚，质量做工都很精致，白色无论哪个季节都好穿百搭，我39的脚穿起来也不显大而且价格实惠，值得推荐。
2019年09月24日 13:52,颜色分类:白色 单鞋[收藏加购优先发货]尺码:38,宝贝已经穿上啦！上脚非常舒服，主要是穿着高了不少，质量不错，很好看，喜欢
2019年09月28日 16:22,颜色分类:黑色 加绒[收藏加购优先发货]尺码:38,很美，舒服。很喜欢
2019年09月21日 14:24,颜色分类:白色 单鞋[收藏加购优先发货]尺码:37,鞋子很好看，质量不错，款式也好看，穿着很舒服
2019年09月22日 17:52,颜色分类:黑色 单鞋[收藏加购优先发货]尺码:38,穿上很显气质显得腿很长，而且很好打理，大小正合适
2019年10月02日 12:03,颜色分类:白色 单鞋[收藏加购优先发货]尺码:36,矮小的女孩，比较适合穿增高鞋。我就是其中一个
2019年09月23日 23:37,颜色分类:白色 单鞋[收藏加购优先发货]尺码:34,衣服已经收到了，有资料很好穿上，记得穿上很舒服，料子很柔软。穿上很显高挑。没有味道，喜欢的可以购买。
2019年09月25日 11:01,颜色分类:白色 单鞋[收藏加购优先发货]尺码:36,鞋子很漂亮，款式好看，一直就喜欢白色的鞋子，好搭配衣服。
2019年09月20日 11:40,颜色分类:白色 单鞋[收藏加购优先发货]尺码:36,鞋子质量很好，款式简单大方，小个子的福音哦！
2019年09月24日 12:20,颜色分类:白色 单鞋[收藏加购优先发货]尺码:36,满意，鞋子穿着很舒服，昨天下午逛街穿了一下午也不觉得脚累，挺显腿长的，满意
2019年09月23日 16:29,颜色分类:白色 单鞋[收藏加购优先发货]尺码:39,鞋子质量好，样式好看，穿起来舒服，非常满意
2019年09月22日 15:28,颜色分类:白色 单鞋[收藏加购优先发货]尺码:37,到货鞋盒没有挤压变形，上脚舒服内增高，橡胶防滑鞋底行走舒适不累脚，透气内里不捂脚，鞋码标准，做工精致。
2019年09月24日 14:06,颜色分类:白色 单鞋[收藏加购优先发货]尺码:36,鞋子收到了，物流很快，鞋子大小正合适，鞋子款式简单大方，很好搭配衣服
2019年09月20日 11:56,颜色分类:白色 单鞋[收藏加购优先发货]尺码:39,鞋子不错   质量很好   很舒服不累   鞋码标准
2019年09月24日 17:03,颜色分类:白色 单鞋[收藏加购优先发货]尺码:37,穿起来不累，颜色百搭～不错👍
2019年09月24日 11:22,颜色分类:白色 单鞋[收藏加购优先发货]尺码:37,脚感好，很舒服，尺码合适，很喜欢！
2019年09月22日 17:25,颜色分类:白色 单鞋[收藏加购优先发货]尺码:38,"选了很久决定的这款鞋,拿到鞋就上脚试穿,现在天气刚变冷了正合适穿,好走路好搭配不累脚,白色年轻时尚大气,质量做工挺好的,价格比实体店便宜"
2019年10月02日 17:33,颜色分类:白色 单鞋[收藏加购优先发货]尺码:34,鞋子好看，秀气。但味道太重，刺鼻。
2019年09月20日 20:20,颜色分类:白色 单鞋[收藏加购优先发货]尺码:38,快递收到了，卖家发货速度很快，鞋子穿起来很舒服，款式很好看，是我想要的！
2019年09月22日 12:35,颜色分类:黑色 单鞋[收藏加购优先发货]尺码:36,收到了，很喜欢！看起来不错，穿起来也很舒服，很满意的一次购物
2019年09月20日 18:23,颜色分类:黑色 单鞋[收藏加购优先发货]尺码:34,鞋子质量不错，很舒服，喜欢的亲可以放心购买
2019年09月22日 08:12,颜色分类:白色 单鞋[收藏加购优先发货]尺码:37,鞋子质量很好，穿起来很舒服，又好看，值得购买
2019年09月24日 00:13,颜色分类:黑色 单鞋[收藏加购优先发货]尺码:39,鞋子挺百搭的，款式挺好看的。
2019年09月24日 18:20,颜色分类:白色 单鞋[收藏加购优先发货]尺码:38,快递收到了，质量挺好的，穿着也挺舒服的，很显腿细，穿着也挺好看的，值得购买！
2019年09月08日 11:48,颜色分类:白色 单鞋[收藏加购优先发货]尺码:35,鞋子收到了，是我喜欢的款式，穿上很好走路，是真皮的哟！需要的放心够买
2019年09月21日 18:15,颜色分类:黑色 单鞋[收藏加购优先发货]尺码:37,鞋子很好穿，做工很好，价格合理
2019年09月20日 14:53,颜色分类:白色 单鞋[收藏加购优先发货]尺码:36,鞋子穿好舒服呀，也很容易搭配，试试
2019年09月22日 11:55,颜色分类:黑色 单鞋[收藏加购优先发货]尺码:37,小白鞋收到了，穿上很舒服，一点也没感觉到累，质量不错，物流也很快，值得购买
2019年09月22日 01:39,颜色分类:白色 单鞋[收藏加购优先发货]尺码:34,我期待的鞋子到啦，比我想象的要好，鞋子很轻还有内增高而且质量超好，特喜欢，鞋码很正，穿着很轻巧，走路也不挤脚，我非常喜欢
2019年09月23日 15:56,颜色分类:白色 单鞋[收藏加购优先发货]尺码:37,鞋子收到了，试了一下很舒服一点都不磨脚，万能的小白鞋必须百搭啊，在原有的基础上添加了增高的设计，显腿长肯定是小个子女生的福利啦
2019年09月22日 06:41,颜色分类:白色 单鞋[收藏加购优先发货]尺码:37,鞋已收到，质量超好，穿上好舒服。
2019年09月21日 07:02,颜色分类:黑色 单鞋[收藏加购优先发货]尺码:38,快递很给力，很好看，穿着大小正合适，舒服，很满意！
2019年09月15日 14:27,颜色分类:白色 单鞋[收藏加购优先发货]尺码:35,去年买的黑色款，皮质好！非常舒服，今年又买双白色的，真的很满意。适合我们小个子人穿。
2019年09月21日 08:06,颜色分类:白色 加绒[收藏加购优先发货]尺码:38,很舒服，又百搭超级满意
2019年09月11日 18:19,颜色分类:白色 单鞋[收藏加购优先发货]尺码:34,第一次购到这么满意的鞋，款式，颜色都是我喜欢的，穿了好多天脚都很舒适，下次还会回购哦
2019年09月24日 21:18,颜色分类:白色 单鞋[收藏加购优先发货]尺码:39,好看 样式不错
2019年09月12日 21:00,颜色分类:黑色 单鞋[收藏加购优先发货]尺码:36,鞋底高度合适，不会觉得很累脚，大小也合适，搭配衣服也比较好搭，总之是一双不错的鞋子！
2019年09月20日 19:23,颜色分类:白色 单鞋[收藏加购优先发货]尺码:37,舒适度好，鞋不错
2019年09月19日 15:09,颜色分类:白色 单鞋[收藏加购优先发货]尺码:36,这款内增高的鞋子非常好穿，有跟的穿起来有气质而且不累脚。皮质是细腻光滑的，比较软。白色的非常百搭啊，时尚的，休闲的风格都能驾驭。
2019年09月23日 09:31,颜色分类:收藏加购优先发货[收藏加购优先发货]尺码:38,上脚舒服，显高好搭衣，不错。
2019年09月16日 19:42,颜色分类:白色 单鞋[收藏加购优先发货]尺码:39,尺码标准 穿上不累脚 是皮的 好穿
2019年09月24日 21:49,颜色分类:白色 单鞋[收藏加购优先发货]尺码:38,很满意，值得入手，性价比很高，挑了很久呢
2019年09月24日 08:42,颜色分类:白色 单鞋[收藏加购优先发货]尺码:39,鞋子很舒服还很增高哈哈
2019年09月16日 18:55,颜色分类:白色 单鞋[收藏加购优先发货]尺码:37,鞋子质量不错，非常喜欢，就是感觉稍微有点大，不过穿着不影响，非常好
2019年09月17日 11:37,颜色分类:黑色 单鞋[收藏加购优先发货]尺码:37,很合脚，穿起舒适。看起来也比较小巧秀气
2019年09月22日 08:57,颜色分类:黑色 单鞋[收藏加购优先发货]尺码:35,很舒服 很软 
2019年09月16日 09:21,颜色分类:白色 单鞋[收藏加购优先发货]尺码:38,鞋子收到，很漂亮关键是秀气，下回还会光顾
2019年10月02日 22:32,颜色分类:白色 单鞋[收藏加购优先发货]尺码:36,还可以，鞋码根正
2019年09月24日 20:18,颜色分类:白色 单鞋[收藏加购优先发货]尺码:35,穿的很合适，百搭。
2019年09月17日 22:02,颜色分类:白色 单鞋[收藏加购优先发货]尺码:38,快递很快，包装很好没有破碎，之前买的时候就想买一双带跟的小白鞋，这款小白鞋跟我想象中一样，内增高看起来比外在跟的好看很多，鞋子很百搭，很好配裤子，很喜欢，五星好评
2019年09月14日 19:58,颜色分类:黑色 单鞋[收藏加购优先发货]尺码:37,鞋子不错，鞋面跟软和，穿上很跟脚！很好，以后还会光顾
2019年09月16日 09:35,颜色分类:白色 单鞋[收藏加购优先发货]尺码:36,皮质很软很好，穿起来很舒服，尺码正。
2019年09月17日 12:41,颜色分类:白色 单鞋[收藏加购优先发货]尺码:39,很漂亮的小白鞋，发货速度还是挺快，内增高穿着还是挺舒服的，不累脚，尺码大小很合适，标准码，白色的好看，质量好！
2019年09月18日 15:48,颜色分类:白色 单鞋[收藏加购优先发货]尺码:37,鞋收到，跟描述的一样，鞋的版型很好看白色的百搭内增高，穿上不仅人高了也很提气质，我一直想拥有这样一双鞋，今天总算买到了。
2019年09月25日 20:09,颜色分类:黑色 单鞋[收藏加购优先发货]尺码:36,第二次买了，总体还可以，挺秀气的一款鞋子！
2019年09月15日 23:51,颜色分类:白色 单鞋[收藏加购优先发货]尺码:37,这款小白鞋也太好看啦，增高款穿起来一点也不重，鞋底挺轻巧的，走路不磨脚，穿出一米八的大长腿，太满意啦
2019年09月09日 20:09,颜色分类:白色 单鞋[收藏加购优先发货]尺码:37,圆头潮款，真皮材质，式样美观，秀气百搭，防滑的鞋底，穿着舒适，非常有气质！
2019年09月17日 09:06,颜色分类:黑色 单鞋[收藏加购优先发货]尺码:39,鞋子收到了，我很喜欢，尺码合适，颜色也比较正，穿衣服白搭，是皮子的，穿着感觉很时尚，而且还是内增高，显的我腿又长，物流很快！
2019年09月09日 11:28,颜色分类:白色 单鞋[收藏加购优先发货]尺码:35,这款鞋子价廉物美，质量不错也，我喜欢
2019年09月22日 11:15,颜色分类:白色 单鞋[收藏加购优先发货]尺码:38,很漂亮，是正品，物超所值
2019年09月17日 17:10,颜色分类:黑色 单鞋[收藏加购优先发货]尺码:38,鞋子的跟挺高的，就适合我这种不高的人，哈哈，穿着满满的自信啊，刚开始以为穿着会不舒服，没想到我想多了，鞋底很软，走路也轻快
2019年09月18日 13:16,颜色分类:白色 单鞋[收藏加购优先发货]尺码:37,鞋子质量很好，内增高对我这个小个子女生来说是救星，穿着立马显高了。款式也好看，好搭配，穿着舒服不累脚，很喜欢
2019年09月23日 17:57,颜色分类:白色 单鞋[收藏加购优先发货]尺码:39,鞋头款式：鞋头款式好看，穿着漂亮。 鞋面材质：鞋面材质好，结实耐穿，不咯脚。 鞋底材质：鞋底材质柔软，不磨脚，不硌脚。 风格：韩版的风格，非常新潮，穿着既高端又大气，好喜欢。 
2019年09月21日 16:43,颜色分类:白色 单鞋[收藏加购优先发货]尺码:37,收到了，非常不错超值
2019年09月19日 08:13,颜色分类:黑色 单鞋[收藏加购优先发货]尺码:39,鞋头款式：款式潮流 鞋面材质：优质 鞋底材质：硬朗 风格：优雅 
2019年09月08日 13:41,颜色分类:白色 单鞋[收藏加购优先发货]尺码:38,鞋子试了一下，跟很高，适合小个子总体秀气穿着舒服不夹脚
2019年09月15日 22:08,颜色分类:白色 单鞋[收藏加购优先发货]尺码:40订做,快递已经收到，款式很时尚。很喜欢，增高效果还是很好的。立马感觉有气质了。尺码比较标准，很合脚，透气，穿着很舒服。
2019年09月14日 08:02,颜色分类:白色 单鞋[收藏加购优先发货]尺码:37,因为我的个子比较矮，所以喜欢穿增高鞋鞋的质量很不错，不磨脚还是真皮的。
2019年09月12日 17:03,颜色分类:白色 加绒[收藏加购优先发货]尺码:38,很喜欢鞋子的款式，内增高穿上透气舒服，鞋子材质很软。穿上挺舒服的。推荐。
2019年08月02日 16:05,颜色分类:白色 单鞋[收藏加购优先发货]尺码:38,鞋子质量很好，穿上不夹脚，不显肥，脚看上很香气。38码刚合适，这是我在网上买到的最合脚的一双小白鞋，感谢店家，虽然价格有点小贵，不过很值，还会光顾的，好评。
2019年09月14日 16:08,颜色分类:白色 单鞋[收藏加购优先发货]尺码:38,是真皮的，款式新潮时尚，材质很好，做工质量好，内增高的，穿着也很舒适。
2019年09月17日 09:21,颜色分类:白色 单鞋[收藏加购优先发货]尺码:39,这鞋子太好配衣服了，而且百搭，白鞋穿着就是漂亮，真的好看，而且显腿长，真的好满意
2019年09月15日 08:29,颜色分类:白色 单鞋[收藏加购优先发货]尺码:38,鞋子质量不错，皮质好，穿起来不磨脚，很舒服，质量也好，买到就是赚到了。
2019年09月14日 16:47,颜色分类:白色 单鞋[收藏加购优先发货]尺码:37,上脚舒适透气，走路轻快便捷。客服推荐的码数正好，内增高的设计对于我们这种小个子很友好。穿上瞬间增高不假。喜欢💕
2019年09月18日 11:55,颜色分类:白色 单鞋[收藏加购优先发货]尺码:36,鞋子质量很好，做工不错，款式也挺好看的，码数标准，穿着不会磨脚，很舒服
2019年09月19日 15:02,颜色分类:白色 单鞋[收藏加购优先发货]尺码:37,物流很快到货，包装严实。鞋面材质柔软有型，鞋底舒服软硬适中，不打滑，百搭。
2019年09月10日 15:50,颜色分类:白色 单鞋[收藏加购优先发货]尺码:38,选的是高跟鞋的码数比较合适，是纯白色，和图片一样，皮质很好，穿的好后期再来评价
2019年09月11日 23:08,颜色分类:白色 单鞋[收藏加购优先发货]尺码:38,鞋子质量很好，款式好看，百搭小白鞋，尺码标准，是正品值得购买
2019年09月18日 23:16,颜色分类:白色 单鞋[收藏加购优先发货]尺码:36,快递三天就收到了，包装完好，没有破损，材质和做工都很好，鞋子很好合脚，和卖家描述的一样，质得购买
2019年09月15日 13:40,颜色分类:黑色 单鞋[收藏加购优先发货]尺码:36,白色鞋子穿着透气舒适，不挤脚刚刚好。
2019年09月16日 19:19,颜色分类:白色 单鞋[收藏加购优先发货]尺码:37,虽然是内增高 但是完全不影响舒适度 ，鞋子很好穿 鞋码也很合适
2019年09月11日 16:52,颜色分类:白色 单鞋[收藏加购优先发货]尺码:39,鞋子质量很好 透气舒适 鞋轻防滑 满意
2019年09月18日 15:59,颜色分类:白色 单鞋[收藏加购优先发货]尺码:37,小白鞋外观不紧美观。而且非常轻巧，早上跑步就靠它了
2019年09月15日 11:43,颜色分类:白色 单鞋[收藏加购优先发货]尺码:38,收到鞋了，大小码合适，鞋底很软，不磨脚
2019年09月15日 07:18,颜色分类:白色 单鞋[收藏加购优先发货]尺码:35,鞋子非常不错，皮子的面料很柔软，穿起来也合适，真的超级显高，也不磨脚放心穿。
2019年09月17日 11:40,颜色分类:白色 单鞋[收藏加购优先发货]尺码:36,宝贝收到啦，鞋子质量非常好，主要是有增高，会比较显腿长，哈哈，穿着舒服，买的最喜欢的鞋子啦。赞
2019年09月19日 10:41,颜色分类:白色 单鞋[收藏加购优先发货]尺码:36,真好穿，高度合适，做工精细，皮质好，价格实惠
2019年09月08日 21:30,颜色分类:白色 单鞋[收藏加购优先发货]尺码:38,小白鞋款式很好看，真皮的，质感很好，带内增高，很适合我
2019年09月14日 20:25,颜色分类:白色 单鞋[收藏加购优先发货]尺码:38,号码很合适，很舒服，试穿效果很好，是我想要的感觉，各方面都不错，喜欢喜欢
2019年09月16日 10:31,颜色分类:黑色 单鞋[收藏加购优先发货]尺码:37,收到快递简直太惊喜了，速度很快，包装很好很精致，鞋子尺码合适，穿起来很舒服，好评~
2019年09月19日 06:26,颜色分类:黑色 单鞋[收藏加购优先发货]尺码:38,小白鞋增高 穿上以后显得腿特别的长 质量没的说 这个价格买到也是非常好的 卖家态度非常的好
2019年09月19日 12:00,颜色分类:黑色 单鞋[收藏加购优先发货]尺码:37,卖家发货很快的，赞一个。 鞋子质量很好，穿着特别舒服，全皮的，比实体店价格优惠，码数是标准的，特别满意。
2019年09月16日 21:17,颜色分类:黑色 单鞋[收藏加购优先发货]尺码:38,已经收到宝贝了，包裝严实完好，穿在腳上舒服，款式百搭透气，值得信賴
2019年09月17日 18:14,颜色分类:黑色 单鞋[收藏加购优先发货]尺码:37,鞋子款式很新颖时尚，质量很好，材质柔软不硬，很舒服穿着，物流速度也很快
2019年09月16日 08:42,颜色分类:白色 单鞋[收藏加购优先发货]尺码:37,鞋子质量很好，穿着舒服，透气性很好，号码标准，很百搭
2019年09月15日 12:17,颜色分类:白色 单鞋[收藏加购优先发货]尺码:37,鞋头很软不会硬，面料舒服上脚很舒服。穿了一天不会累脚。
2019年09月11日 02:27,颜色分类:白色 单鞋[收藏加购优先发货]尺码:37,宝贝收到了，包装严实完好，穿在脚上舒服，款式百搭透气，而且内增高的鞋子还很显高，价格比实体店要实惠的多，是全皮的，码数也很标准，我非常喜欢。
2019年09月16日 16:40,颜色分类:白色 单鞋[收藏加购优先发货]尺码:36,鞋子质量很不错很好，穿起来挺好看的很好配衣服裙子，做工很不错，没有磨脚很透气。物流快。
2019年09月19日 13:17,颜色分类:白色 单鞋[收藏加购优先发货]尺码:38,鞋子质量很好，本来害怕根太高穿着不舒服，试了一下，是我想多了，穿着很舒服，不会累，一下子变高了好多，太喜欢了
2019年08月18日 16:05,颜色分类:白色 单鞋[收藏加购优先发货]尺码:35,鞋子大小正好，穿上脚超级舒服，是我喜欢的款
2019年09月09日 21:38,颜色分类:白色 单鞋[收藏加购优先发货]尺码:38,鞋头款式好看，鞋子柔软，穿着舒服，大小合适，很喜欢
2019年09月08日 20:16,颜色分类:白色 单鞋[收藏加购优先发货]尺码:38,有内增高也不累脚，穿着出去逛街了，不磨脚，不挤脚，很好！
2019年09月17日 13:29,颜色分类:白色 单鞋[收藏加购优先发货]尺码:39,鞋子穿上很漂亮。内增高度很稳。皮子质量不错
2019年09月18日 08:12,颜色分类:黑色 单鞋[收藏加购优先发货]尺码:39,质量非常好，穿着舒适透气，百搭时尚
2019年09月19日 12:16,颜色分类:白色 单鞋[收藏加购优先发货]尺码:36,小白鞋到了   无破损  无异味  很满意  看着不错  下次还会光顾的
2019年09月19日 09:49,颜色分类:白色 单鞋[收藏加购优先发货]尺码:37,刚收到的谢谢，质量非常好。鞋底很软穿着舒服，客服推荐的码数很合适，很满意。
2019年09月11日 07:12,颜色分类:白色 单鞋[收藏加购优先发货]尺码:37,大小正合适，款式简单大方，料子软软的
2019年09月19日 13:47,颜色分类:白色 单鞋[收藏加购优先发货]尺码:39,外观优雅，穿上舒服，鞋子漂亮。
2019年09月11日 09:45,颜色分类:白色 单鞋[收藏加购优先发货]尺码:37,鞋子收到了，质量很好，穿着也舒服，一点也不累，正好穿了
2019年09月12日 05:24,颜色分类:白色 单鞋[收藏加购优先发货]尺码:37,小白鞋己收到，打开看看质量挺好的，试穿了一下很合适，穿着脚感特别好，喜欢
2019年09月16日 09:24,颜色分类:黑色 单鞋[收藏加购优先发货]尺码:37,宝贝收到了，穿着非常跟脚合适，做工也很好，非常满意，还会再次购买！！
2019年09月13日 10:24,颜色分类:白色 单鞋[收藏加购优先发货]尺码:34,买的时候还想着穿会不会热，收到后就突然下雨变冷了，穿着正好，很舒服。
2019年09月16日 21:50,颜色分类:黑色 单鞋[收藏加购优先发货]尺码:39,穿着很舒服，也不磨脚，颜色也很好看，很百搭。挺不错的，超喜欢，满意
2019年09月17日 06:26,颜色分类:黑色 单鞋[收藏加购优先发货]尺码:39,鞋子质量很好，大小合适，穿着很舒服，关键是高了很多，喜欢 
2019年09月12日 11:26,颜色分类:黑色 单鞋[收藏加购优先发货]尺码:38,鞋子收到了质量很好，这个价格实惠，值得购买
2019年09月17日 11:42,颜色分类:白色 单鞋[收藏加购优先发货]尺码:35,宝贝收到了，试穿感觉是我众多小白鞋最轻巧、舒适的一双。会关注本店的！
2019年08月31日 17:48,颜色分类:白色 单鞋[收藏加购优先发货]尺码:36,这款鞋真的很好，穿上特别舒服，又洋气又时髦，鞋底软和，样式好看，真是大爱。内增高又把我这小个子衬托的美美的。收藏了好久，终于赶上了聚划算。真是买的太值了。
2019年09月18日 20:06,颜色分类:白色 单鞋[收藏加购优先发货]尺码:36,鞋子的质量很好，很好看，鞋跟也比较高，对个子矮的女生很友好，很好搭配衣服，很满意
2019年09月16日 10:03,颜色分类:黑色 单鞋[收藏加购优先发货]尺码:37,大小合适，做工精细，穿起来很舒服，很潮的鞋子，非常满意，很喜欢。
2019年09月19日 14:36,颜色分类:黑色 单鞋[收藏加购优先发货]尺码:37,款式新颖，材质很好，上脚舒服。
2019年09月11日 16:46,颜色分类:白色 单鞋[收藏加购优先发货]尺码:37,不错，穿上舒服，尺码也很合适！质量也是杠杠的好！满意！
2019年09月12日 23:36,颜色分类:白色 单鞋[收藏加购优先发货]尺码:37,鞋子质量挺好，皮子很软，穿上一点也不磨脚，非常喜欢。
2019年09月18日 15:42,颜色分类:白色 单鞋[收藏加购优先发货]尺码:36,鞋子舒服，气质不错，挺显瘦显高的，不错。
2019年09月16日 14:31,颜色分类:白色 单鞋[收藏加购优先发货]尺码:37,鞋子质量很好，款式好看，鞋底防滑耐磨
2019年09月11日 20:07,颜色分类:白色 单鞋[收藏加购优先发货]尺码:36,小白鞋收到了，发货速度，穿着舒服，质量杠杠滴，这次购物很满意
2019年09月18日 20:19,颜色分类:黑色 单鞋[收藏加购优先发货]尺码:36,到货鞋盒没有挤压变形，上脚舒服内增高，橡胶防滑鞋底行走舒适不累脚，透气内里不捂脚，鞋码标准，做工精致。
2019年09月17日 15:39,颜色分类:白色 单鞋[收藏加购优先发货]尺码:36,物流超级快，鞋子已经到手了，材质做工方面都很不错，穿在脚上很舒服，很好看。
2019年09月12日 09:40,颜色分类:黑色 单鞋[收藏加购优先发货]尺码:35,码数正，鞋跟高度正好，穿着不累脚
2019年09月19日 23:41,颜色分类:白色 单鞋[收藏加购优先发货]尺码:36,选了很久决定的这款鞋，拿到鞋就上脚试穿，现在天气刚变冷了正合适穿，好走路好搭配不累脚，白色年轻时尚大气，质量做工挺好的，价格比实体店便宜
2019年09月14日 10:21,颜色分类:白色 单鞋[收藏加购优先发货]尺码:39,鞋子很漂亮，一点都不累脚，非常舒服，百搭
2019年09月25日 17:25,颜色分类:黑色 单鞋[收藏加购优先发货]尺码:38,气味太大，好像不是皮的
2019年09月16日 16:41,颜色分类:白色 单鞋[收藏加购优先发货]尺码:36,很好下次还会来
2019年09月14日 05:52,颜色分类:黑色 单鞋[收藏加购优先发货]尺码:39,鞋头款式：挺漂亮的 
2019年09月14日 13:54,颜色分类:白色 单鞋[收藏加购优先发货]尺码:34,满意，物流快，鞋子穿着舒服走路不累脚，鞋子型好增高不少，真心不错
2019年09月14日 22:24,颜色分类:白色 单鞋[收藏加购优先发货]尺码:37,宝贝不错，质量看起来也可以，物流也快，好评！
2019年09月18日 19:39,颜色分类:白色 单鞋[收藏加购优先发货]尺码:37,宝贝收到了，鞋子款式好看，很潮流的款式
2019年09月08日 17:26,颜色分类:白色 单鞋[收藏加购优先发货]尺码:36,鞋很满意，质量好，大小合适，值得回购
2019年09月13日 16:36,颜色分类:白色 单鞋[收藏加购优先发货]尺码:37,鞋子穿着很舒服，显脚小，喜欢
2019年09月09日 07:34,颜色分类:黑色 单鞋[收藏加购优先发货]尺码:39,鞋子质量很好，百搭，满意。
2019年09月16日 18:42,颜色分类:白色 单鞋[收藏加购优先发货]尺码:36,鞋子收到了，物流很给力，款式很好看，鞋底不硬，质量很好，真皮的，没有异味，穿起来很舒服，价格也很实惠。
2019年09月18日 22:21,颜色分类:白色 单鞋[收藏加购优先发货]尺码:37,质量不错，大小合适，卖家服务热情，以后还会光顾！
2019年09月11日 10:43,颜色分类:黑色 单鞋[收藏加购优先发货]尺码:36,质量不错  穿得很舒服
2019年09月11日 13:12,颜色分类:白色 单鞋[收藏加购优先发货]尺码:37,帮朋友买的，她说可以！
2019年09月19日 12:37,颜色分类:白色 单鞋[收藏加购优先发货]尺码:37,穿着舒服 也好看
2019年09月01日 21:50,颜色分类:白色 单鞋[收藏加购优先发货]尺码:35,鞋子轻便漂亮是真皮，今天试穿了下很舒服，以后出去旅游逛街就是它了，客服服务好物流也不错！
2019年09月25日 23:00,颜色分类:白色 单鞋[收藏加购优先发货]尺码:34,气味太大，其他都好
2019年09月19日 15:44,颜色分类:白色 单鞋[收藏加购优先发货]尺码:39,穿上很舒服
2019年09月17日 12:32,颜色分类:白色 单鞋[收藏加购优先发货]尺码:38,很合适，很漂亮穿着很舒服，不错
2019年09月09日 19:52,颜色分类:白色 单鞋[收藏加购优先发货]尺码:37,宝贝收到了，很好很喜欢啊，物有所值，值得够买。
2019年09月07日 21:03,颜色分类:白色 单鞋[收藏加购优先发货]尺码:36,鞋底很软是内增高的，皮料非常好也是真皮的，穿上不捂脚很舒服，这款无论走路逛街还是锻炼身体穿都是不错的，选择小白鞋也很好搭配衣服，买对了。
2019年09月13日 10:53,颜色分类:黑色 单鞋[收藏加购优先发货]尺码:37,鞋子收到了，码子合适，穿上漂亮舒适，鞋底是橡胶材料防滑，皮面好清理，满意。
2019年09月12日 19:34,颜色分类:白色 单鞋[收藏加购优先发货]尺码:37,鞋子收到了，质量很不错
2019年09月04日 12:31,颜色分类:白色 单鞋[收藏加购优先发货]尺码:36,鞋子包装很好，一点都没压扁。这款内增高的白鞋特别适合我这种矮个子，款式也是很百搭的，特别秀气，跟脚，走路一点不累，还是全皮的，值得购买。
2019年09月09日 21:46,颜色分类:白色 单鞋[收藏加购优先发货]尺码:36,这鞋真好，下次还购买
2019年09月17日 18:57,颜色分类:白色 单鞋[收藏加购优先发货]尺码:37,质量好，穿着舒服。
2019年09月15日 09:24,颜色分类:白色 单鞋[收藏加购优先发货]尺码:39,质量好，没有色差，很喜欢！
2019年09月01日 19:35,颜色分类:白色 单鞋[收藏加购优先发货]尺码:37,款式满意，挺白，简洁大方，但号码有点偏小，仅供参考
2019年08月23日 12:15,颜色分类:白色 单鞋[收藏加购优先发货]尺码:35,鞋子非常好看，款式简单，内增高设计是矮个子的福音，穿着显瘦又显高，尺码正好，是真皮的，非常不错
2019年09月15日 11:06,颜色分类:白色 单鞋[收藏加购优先发货]尺码:39,鞋子收到了，物流挺快的，鞋子质量很好，真皮材质，款式时尚，穿着舒服不累脚，尺码标准，非常满意！
2019年09月10日 14:26,颜色分类:黑色 单鞋[收藏加购优先发货]尺码:38,很喜欢，百搭
2019年08月29日 10:38,颜色分类:白色 单鞋[收藏加购优先发货]尺码:36,鞋头款式：款式很漂亮，显脚小 鞋面材质：鞋面材质很好，穿着舒服，质量好 鞋底材质：鞋底柔软，走路很舒适 风格：实物与图片相符，无色差 
2019年09月17日 07:03,颜色分类:黑色 单鞋[收藏加购优先发货]尺码:37,鞋子收到，非常喜欢，穿上非常舒服，显高。物流非常快，商家服务态度非常好。
2019年09月12日 14:31,颜色分类:黑色 单鞋[收藏加购优先发货]尺码:39,很好，性价比很高
2019年08月31日 07:33,颜色分类:白色 单鞋[收藏加购优先发货]尺码:36,特别舒适 老妈很喜欢 一直想买白鞋子 这次终于合老母亲得心思了 尺码标准 没有异味 鞋底柔软不累脚 适合中老年妇女
2019年09月03日 13:35,颜色分类:黑色 单鞋[收藏加购优先发货]尺码:38,鞋子收到了，真皮的穿上很舒服，鞋底柔软透气，虽然是高跟的但是一点也不累脚，瞬间增高还看不出来哈哈，满意满意
2019年09月19日 09:47,颜色分类:白色 单鞋[收藏加购优先发货]尺码:38,快递很给力！质量很满意！ 
2019年09月09日 09:56,颜色分类:黑色 单鞋[收藏加购优先发货]尺码:38,质量很好。
2019年08月21日 15:47,颜色分类:黑色 单鞋[收藏加购优先发货]尺码:37,小白鞋款式简洁大方，厚底增高，穿上显得脚小身高。鞋底防滑，穿上不磨脚。客户服务好。穿上美美哒。
2019年08月26日 22:44,颜色分类:黑色 加绒[收藏加购优先发货]尺码:37,穿了几天才来评价，一直很想要一双内增高的秀气的鞋子，这回买到了。是真皮穿得舒服，小白鞋也是百搭鞋，大爱。
2019年09月07日 08:41,颜色分类:白色 单鞋[收藏加购优先发货]尺码:38,白色内增高鞋很适合我这个小矮子哦，秋天到了，穿着百搭好看，不磨脚，越看越喜欢，超级喜欢
2019年09月02日 18:05,颜色分类:黑色 单鞋[收藏加购优先发货]尺码:36,鞋穿着挺舒服的，先拍的黑色，穿着舒服，又拍了双白色的，八厘米的跟。矮个子的福音，穿着也不磨脚，稍微有点沉。如果再轻点就更好了。五分好评
2019年08月23日 15:38,颜色分类:白色 单鞋[收藏加购优先发货]尺码:36,质量做工挺好的，价格实惠，性比价挺高的，实体店的话这个价格买不到这样质量的鞋子。内增高的，穿着显高不少，鞋子挺轻的的，穿着走路舒服。
2019年08月22日 21:58,颜色分类:白色 单鞋[收藏加购优先发货]尺码:36,宝贝收到 脚感很好 鞋子百搭 
2019年08月27日 13:27,颜色分类:白色 单鞋[收藏加购优先发货]尺码:36,这鞋一直是女性的最爱，不管是裙子还是裤子，都美美的，喜欢穿高跟鞋，但走路怕累，这鞋上脚好看，还舒服，不累脚
2019年08月24日 07:40,颜色分类:白色 单鞋[收藏加购优先发货]尺码:38,鞋子收到了！包装的特别好没有破损！客服推荐的码数也刚好合适！小白鞋穿上不止让我高了很多外穿上也是特别的舒服！穿了一天也没有出现卡脚磨脚的现象！最主要的性价比还高！特别喜欢会继续回购的！
2019年09月03日 15:20,颜色分类:黑色 加绒[收藏加购优先发货]尺码:36,收到这款鞋非常喜欢，是真皮，皮子非常软一点也不磨脚，内增高穿着不累，搭配小脚裤显得腿特别修长
2019年09月04日 18:53,颜色分类:黑色 单鞋[收藏加购优先发货]尺码:39,内增高的鞋最适合我这种小个子了，一下子就把腿拉伸成大长腿哈哈，走路也舒服，坡跟可以随心走，今天下雨穿出去了有点心疼新鞋子
2019年08月27日 10:17,颜色分类:黑色 单鞋[收藏加购优先发货]尺码:37,鞋底很转，鞋面材质是真皮的，内增高是我需要的款式，穿着非常舒服，鞋的质量很好，五星好评！
2019年09月05日 17:09,颜色分类:白色 单鞋[收藏加购优先发货]尺码:36,很喜欢这款休闲的款式，试穿了下尺码很合脚，走走跳跳很舒服，很满意
2019年08月29日 18:48,颜色分类:白色 单鞋[收藏加购优先发货]尺码:36,鞋质量很好！穿着还行！
2019年08月25日 14:01,颜色分类:黑色 单鞋[收藏加购优先发货]尺码:39,鞋头款式：款式简单大方 鞋面材质：皮面的，穿着很舒服， 鞋底材质：内增高，走路脚不疼 
2019年09月11日 05:36,颜色分类:白色 单鞋[收藏加购优先发货]尺码:39,货已收到，很喜欢。
2019年08月28日 11:30,颜色分类:白色 单鞋[收藏加购优先发货]尺码:36,小白鞋，码数准确，百搭，是真皮的，主要内增高，穿着舒服，性价比高。
2019年09月03日 05:44,颜色分类:白色 单鞋[收藏加购优先发货]尺码:38,小白鞋质量不错，尺码标准，穿着很舒服，很百搭的一款鞋子，值得拥有！
2019年08月23日 15:07,颜色分类:白色 单鞋[收藏加购优先发货]尺码:37,质量不错，款式时尚百搭，价格实惠，码数合适，满意的一次购物。
2019年09月01日 23:34,颜色分类:白色 单鞋[收藏加购优先发货]尺码:39,鞋子内增高的非常适合小个子的我，穿上蛮舒适的，款式也白搭，价格美丽值得入手
2019年08月23日 11:08,颜色分类:黑色 单鞋[收藏加购优先发货]尺码:33订做,穿起来真的挺舒服的，主要是增高真的显得腿特别长，颜色也百搭，超级喜欢啦，质量不错还不贵哦 很满意的
2019年08月24日 21:43,颜色分类:黑色 单鞋[收藏加购优先发货]尺码:36,小白鞋很百搭，增高效果也很好，关键是还蛮舒服哦，真的是良心推荐的，质感也蛮好，喜欢的小伙伴可以闭眼如呀！
2019年08月29日 21:51,颜色分类:白色 单鞋[收藏加购优先发货]尺码:37,鞋子收到了  快递很快，  鞋子很不错 ， 尺寸也合适 穿上很舒服 是正品 ，很透气 不臭脚 ， 也很百搭， 总之非常喜欢 ， 打算再买几双换着穿 ，客服的服务态度也很好 
2019年08月21日 13:26,颜色分类:白色 单鞋[收藏加购优先发货]尺码:36,很好看的一款内增高鞋 百搭款 裙子九分裤都很完美 皮质很图案细腻
2019年09月06日 16:24,颜色分类:白色 单鞋[收藏加购优先发货]尺码:36,小白鞋特别漂亮，穿上很显高，特别百搭穿什么衣服都好看，很满意好评
2019年08月26日 15:37,颜色分类:白色 单鞋[收藏加购优先发货]尺码:36,鞋子收到了，版型好，穿着好看。很舒服不捂脚，有增高效果，显着腿长，很满意
2019年09月03日 15:42,颜色分类:白色 单鞋[收藏加购优先发货]尺码:39,鞋子收到了，版型好看，鞋跟高度合适，质量很不错
2019年08月24日 12:37,颜色分类:白色 单鞋[收藏加购优先发货]尺码:37,鞋子收到了，物流还挺快的呢，质量还挺不错的，款式很漂亮，我很喜欢，高度很满意。料子也不错，挺精致的。百搭的鞋子，大爱
2019年09月02日 08:51,颜色分类:白色 单鞋[收藏加购优先发货]尺码:37,刚拿回来就试穿了，真的很好。
2019年09月05日 18:45,颜色分类:白色 单鞋[收藏加购优先发货]尺码:37,小白鞋质量好，真皮的，透气性好，带内增高的，时尚好搭配
2019年08月22日 20:41,颜色分类:白色 单鞋[收藏加购优先发货]尺码:38,款式新颖，舒适度非常好，而且材质面料也很不错，风格简约大方
2019年08月30日 13:25,颜色分类:黑色 单鞋[收藏加购优先发货]尺码:36,鞋子质量很好，尺码标准穿上挺合脚的，上脚效果很好，走路也不累，好评了，很满意
2019年08月26日 00:01,颜色分类:黑色 单鞋[收藏加购优先发货]尺码:37,帮亲戚买的，看样子还挺好看的，亲戚说脚感挺好，价格也挺好的，总之性价比还挺高的
2019年08月22日 13:40,颜色分类:黑色 单鞋[收藏加购优先发货]尺码:37,还到货之前一真担心臭脚。穿了几天没味道。码数正不磨脚。是我喜欢的款式。
2019年09月07日 08:09,颜色分类:白色 单鞋[收藏加购优先发货]尺码:38,鞋子收到了，真的很满意，大小很合适，穿着很舒服，而且很好搭配衣服，很满意的一次网购。
2019年09月05日 16:33,颜色分类:黑色 单鞋[收藏加购优先发货]尺码:38,鞋子收到了，尺码标准很合适，质量非常的好，穿着很舒服，做工很精细，很满意
2019年09月01日 17:30,颜色分类:白色 单鞋[收藏加购优先发货]尺码:36,鞋子收到了，款式非常漂亮，面料穿着很软，鞋底非常软舒服，这款鞋子我很喜欢！
2019年08月29日 15:00,颜色分类:白色 单鞋[收藏加购优先发货]尺码:37,宝贝收到啦，很喜欢哦，白色款式经典耐看，搭配v裙子特别好看，棒棒哒！
2019年09月05日 19:35,颜色分类:白色 单鞋[收藏加购优先发货]尺码:39,已经收到了。物流很快。尺码大小合适。穿着很舒服。有内增高穿着看起来很好看，是我想要的。
2019年08月30日 16:36,颜色分类:白色 单鞋[收藏加购优先发货]尺码:35,鞋子款式很好看，穿上也很舒服！内增高的显个高哦！质量很好！价格也实惠！买的很满意！客服态度也很好。物流快！
2019年09月05日 13:07,颜色分类:白色 单鞋[收藏加购优先发货]尺码:36,适合秋天，款式呢也挺百搭的，穿小裙子和裤子都非常好看，质量不错，走线整齐干净。
2019年08月28日 22:51,颜色分类:黑色 单鞋[收藏加购优先发货]尺码:37,收到了，鞋子皮质不错，做工也好，款式挺喜欢的。店家服务态度很好，快递也很给力呢，包装完整。质量好，款式好看，做工精细， 性价比不错，码准穿着舒服 卖家发货及时，服务好，赞一下
2019年09月06日 10:31,颜色分类:白色 单鞋[收藏加购优先发货]尺码:39,鞋子收到了，太喜欢了，真的鞋子质量很好，大小合适，穿着逛街很舒服，赞赞赞
2019年09月04日 10:38,颜色分类:黑色 单鞋[收藏加购优先发货]尺码:39,鞋子收到了，立马打开试了一下，超级好看，随意搭配任何衣服，好看又不贵
2019年08月30日 12:07,颜色分类:白色 单鞋[收藏加购优先发货]尺码:39,内增高很给力，尺码合适，穿着舒适，满意的一次购物
2019年09月03日 20:26,颜色分类:白色 单鞋[收藏加购优先发货]尺码:36,试穿一下，真的很软很舒服，款式很休闲还百搭
2019年09月03日 12:52,颜色分类:黑色 单鞋[收藏加购优先发货]尺码:38,宝贝已经收到了，试穿的效果真不错，大小也正合适，走路也不累脚，也不勒脚，感觉不错，还是满意的，
2019年09月04日 13:05,颜色分类:白色 单鞋[收藏加购优先发货]尺码:39,鞋子好漂亮，上脚舒服合适，款式百搭衣服，好评
2019年08月22日 16:28,颜色分类:白色 单鞋[收藏加购优先发货]尺码:37,收到马上试穿了，质量宝贝和款式都好喜欢，真是良心卖家，客服也是耐心解说，喜欢的亲们可以放心购买哦   0
2019年08月21日 09:45,颜色分类:白色 单鞋[收藏加购优先发货]尺码:38,鞋子质量很好，很显瘦，主要是穿上很舒服，走路一点都不累，款式很漂亮
2019年08月28日 20:04,颜色分类:白色 单鞋[收藏加购优先发货]尺码:37,第一次买增高鞋，平时都是穿平底的，以为这个会穿着很累，实际不会的，穿着舒服，不磨脚
2019年08月28日 13:30,,"评价方未及时做出评价,系统默认好评!"
2019年08月28日 09:40,颜色分类:白色 单鞋[收藏加购优先发货]尺码:37,宝贝收到了，穿着很舒服，内曾高的鞋没想到穿了一天，一点也没累，穿上显着脚小，质量做工都不错，好评
2019年08月24日 14:11,颜色分类:黑色 单鞋[收藏加购优先发货]尺码:39,鞋子收到了，上脚很舒服，好搭配衣服，上班坐在空调房里再也不用冻脚了
2019年08月30日 13:25,颜色分类:白色 单鞋[收藏加购优先发货]尺码:39,很好看的鞋子，鞋脚度很好，内增高穿上脚也不累，底也很舒服，很难遇上这么好的鞋子，买值了
2019年08月21日 14:48,颜色分类:白色 单鞋[收藏加购优先发货]尺码:39,鞋子收到了，穿上很舒服，也不硌脚，内增高，立马拉高了身段，哈哈，很满意的
2019年09月02日 15:10,颜色分类:白色 单鞋[收藏加购优先发货]尺码:40订做,鞋头款式：比较好看！ 鞋底材质：很柔软！ 风格：百搭！ 
2019年08月29日 12:22,颜色分类:白色 单鞋[收藏加购优先发货]尺码:38,鞋子穿了一天才来评价的，很舒服一点都不会拐脚，瞬间高了不少，皮质也软软的，喜欢的很
2019年09月06日 19:38,颜色分类:白色 单鞋[收藏加购优先发货]尺码:36,物流很快，质量很好，是正品，鞋面很软，上脚很舒服，满意会继续光顾
2019年08月21日 20:27,颜色分类:白色 单鞋[收藏加购优先发货]尺码:36,不错，很喜欢，大小也很合适呢，款式很时髦，材质舒服，很柔软，，个人比较喜欢😍
2019年09月07日 18:44,颜色分类:黑色 单鞋[收藏加购优先发货]尺码:37,鞋子挺舒服的，码数正好，内增高的设计很适合小个子
2019年09月02日 10:19,颜色分类:白色 单鞋[收藏加购优先发货]尺码:36,质量不错，外观好看漂亮，大小也很合适。下回有要在来。
2019年09月04日 07:43,颜色分类:白色 单鞋[收藏加购优先发货]尺码:37,穿上舒服   合脚！一下子就把腿拉长了，超赞！矮个子和腿短的人首选！
2019年09月06日 22:15,颜色分类:白色 单鞋[收藏加购优先发货]尺码:37,非常舒服，一点也不磨脚，这样的鞋子还增高，拯救矮个子，百搭，裙子裤子都可以，客服非常好，物流快
2019年08月28日 15:17,颜色分类:黑色 单鞋[收藏加购优先发货]尺码:38,小白鞋收到了！质量特好！是纯皮的穿着很舒适！好评！
2019年08月25日 15:06,颜色分类:白色 单鞋[收藏加购优先发货]尺码:36,鞋子很不错？干净大方，内增高也还好八厘米还不错，皮质很好，
2019年08月24日 15:41,颜色分类:黑色 单鞋[收藏加购优先发货]尺码:37,鞋子款式好看，，穿着很舒服，做工质量很好，很满意
2019年09月07日 16:42,颜色分类:白色 单鞋[收藏加购优先发货]尺码:37,鞋头款式满意，鞋面材质优良，鞋底材质非常好。🙏🙏
2019年08月30日 22:41,颜色分类:黑色 单鞋[收藏加购优先发货]尺码:36,穿着舒适不累脚，码数标准，高度是想要的，显高显腿长
2019年08月27日 19:55,颜色分类:白色 单鞋[收藏加购优先发货]尺码:37,鞋子不错，大小正合适，既舒适又轻便！
2019年08月27日 10:03,颜色分类:黑色 单鞋[收藏加购优先发货]尺码:36,收到了，很洋气，内增高穿上不累脚，是真皮的，放心买吧
2019年08月27日 15:01,颜色分类:白色 单鞋[收藏加购优先发货]尺码:38,鞋子收到了，穿上挺合适的，显高啊。可以搭配各种裤子啦
2019年09月21日 12:56,颜色分类:白色 单鞋[收藏加购优先发货]尺码:36,鞋子上脚舒服，不夹脚，不闷脚，尺码正，内赠高显身高
2019年09月07日 12:44,颜色分类:黑色 单鞋[收藏加购优先发货]尺码:37,很漂亮鸭，穿着也舒服，显得干干净净的清纯的很，也好搭衣服
2019年08月24日 11:26,颜色分类:白色 单鞋[收藏加购优先发货]尺码:39,鞋子穿着很舒服，不闷脚，透气，和描述的一样，值得购买。
2019年08月28日 08:10,颜色分类:白色 单鞋[收藏加购优先发货]尺码:37,鞋子质量超级好。款式也好看。喜欢的不得了。朋友都说很好看。
2019年08月31日 22:28,颜色分类:白色 单鞋[收藏加购优先发货]尺码:36,收到我需要的宝贝了，发货快，质量好，款式喜欢，走路不累脚，满意的一次购物。
2019年09月06日 16:26,颜色分类:黑色 单鞋[收藏加购优先发货]尺码:36,鞋子很好看👌质量很好👌很合适🈴🈴走起来很舒服
2019年09月06日 19:06,颜色分类:黑色 单鞋[收藏加购优先发货]尺码:38,收到了，质量非常好，鞋底很软，穿着非常舒服，值得购买。
2019年09月17日 20:28,颜色分类:白色 单鞋[收藏加购优先发货]尺码:35,鞋子很漂亮，但是我穿磨脚，送人了。
2019年08月21日 21:18,颜色分类:白色 单鞋[收藏加购优先发货]尺码:35,真的是觉得非常非常的不错的哦，穿着感觉非常的舒服，而且款式也是挺可以的
2019年08月31日 18:54,颜色分类:白色 单鞋[收藏加购优先发货]尺码:36,高度很合适，码数很正，好穿不累脚，很百搭。
2019年08月30日 18:40,颜色分类:收藏加购优先发货[收藏加购优先发货]尺码:36,收到宝贝迫不及待的就试了，很合脚，穿上也舒服，尺码标准
2019年09月22日 00:04,颜色分类:白色 单鞋[收藏加购优先发货]尺码:34,穿了3天，有点脱胶，卖家寄了胶水来自己粘
2019年08月24日 10:23,颜色分类:白色 单鞋[收藏加购优先发货]尺码:40订做,鞋子收到了，质量很好的，不错的选择是对的，下次再来光顾你家生意，我很喜欢，祝卖家生意兴隆，财源广进啊！
2019年09月06日 08:19,颜色分类:白色 单鞋[收藏加购优先发货]尺码:38,鞋子很舒服，虽然是内增高，穿着却又不累脚，很舒服，很满意
2019年08月21日 14:11,颜色分类:黑色 单鞋[收藏加购优先发货]尺码:37,鞋子收到了，是皮的，大小合适，舒服，值得推荐
2019年08月25日 09:13,颜色分类:白色 单鞋[收藏加购优先发货]尺码:38,质量不错，款式百搭，穿着走路舒服，非常满意
2019年09月16日 21:49,颜色分类:白色 单鞋[收藏加购优先发货]尺码:37,是真皮的 穿了一阵子了不累脚 不捂脚  不变形 
2019年08月26日 21:56,颜色分类:白色 单鞋[收藏加购优先发货]尺码:36,大小合适。透气性好，没感觉到捂脚。人也显得高了不少，喜欢
2019年09月03日 19:04,颜色分类:白色 加绒[收藏加购优先发货]尺码:39,穿这舒服，是内增高，显得我腿很长，而且穿这舒服，合适，感谢客服提供的码数
2019年09月05日 12:10,颜色分类:白色 单鞋[收藏加购优先发货]尺码:40订做,鞋子很快就收到了 质量很好 尺码合适 客服服务态度很好 买的很值
2019年08月27日 11:40,颜色分类:白色 单鞋[收藏加购优先发货]尺码:38,鞋子很舒服，很好看，尺码也标准，非常满意，已收藏，还会回购。
2019年09月06日 14:19,颜色分类:白色 单鞋[收藏加购优先发货]尺码:38,收到鞋子了，码数刚刚好，上脚很舒服很好穿，满意！
2019年08月29日 17:40,颜色分类:白色 单鞋[收藏加购优先发货]尺码:39,鞋穿上显高，腿也修长，第一次穿开始不习惯，多穿些时间就适应了。
2019年09月03日 19:09,颜色分类:黑色 单鞋[收藏加购优先发货]尺码:39,鞋底软，做工精致，穿了很百搭。
2019年08月27日 12:38,颜色分类:白色 单鞋[收藏加购优先发货]尺码:37,鞋子质量很好，穿着合适，很舒服！
2019年08月28日 11:01,颜色分类:黑色 单鞋[收藏加购优先发货]尺码:35,宝贝收到、鞋底材质好，穿起来舒服....
2019年09月07日 14:29,颜色分类:白色 单鞋[收藏加购优先发货]尺码:38,确实不错，穿着很舒服，不过刚打开气味有点重
2019年08月26日 10:14,颜色分类:白色 单鞋[收藏加购优先发货]尺码:37,鞋子质量不错很透气，跟度合适穿上去舒适显腿长，满意好评！店家服务态度很好赞！
2019年08月24日 19:07,颜色分类:白色 单鞋[收藏加购优先发货]尺码:37,鞋子是真皮的质量好，穿着显脚小。喜欢！
2019年09月01日 10:49,颜色分类:白色 单鞋[收藏加购优先发货]尺码:36,发货很快，收到后质量也很好，穿后舒适合脚
2019年09月07日 10:33,颜色分类:黑色 单鞋[收藏加购优先发货]尺码:37,质量不错，用料做工挺好，下次有需要再来购买
2019年09月05日 15:22,颜色分类:白色 单鞋[收藏加购优先发货]尺码:34,鞋子非常好穿，舒服，又透气，而且很漂亮，很喜欢。
2019年08月25日 10:11,颜色分类:白色 单鞋[收藏加购优先发货]尺码:37,内增高小白鞋，很百搭，很时尚！
2019年09月05日 10:01,颜色分类:白色 单鞋[收藏加购优先发货]尺码:38,鞋子质量好，标准码，穿着刚好，是真皮，很喜欢
2019年08月28日 12:22,颜色分类:白色 单鞋[收藏加购优先发货]尺码:38,鞋子非常合脚，款式也漂亮，喜欢
2019年08月23日 11:49,颜色分类:黑色 单鞋[收藏加购优先发货]尺码:39,试穿了一下，感觉挺舒服的，客服也很耐心的回答问题，总体来说很满意，鞋底材质也很好。
2019年08月23日 20:51,颜色分类:白色 单鞋[收藏加购优先发货]尺码:37,鞋子收到了，穿起来很舒服，脚感不错
2019年08月25日 13:05,颜色分类:白色 单鞋[收藏加购优先发货]尺码:36,很好配衣服呀！矮个子的福音！很显腿长hhhhh！超级满意啦！
2019年08月24日 13:09,颜色分类:黑色 单鞋[收藏加购优先发货]尺码:38,大小码合适。穿起来舒服，显身高
2019年09月05日 15:32,颜色分类:白色 单鞋[收藏加购优先发货]尺码:39,快递灰常快到  鞋子质量非常好  穿上显得教小  很喜欢  好评
2019年09月17日 10:26,颜色分类:白色 单鞋[收藏加购优先发货]尺码:37,显得脚很秀气，很小
2019年08月28日 10:35,颜色分类:黑色 单鞋[收藏加购优先发货]尺码:34,鞋子很好看穿上很舒服特别喜欢
2019年08月23日 08:26,颜色分类:白色 单鞋[收藏加购优先发货]尺码:38,质感很好，做工也不错，穿着舒服，值得购买。
2019年09月07日 12:16,颜色分类:黑色 单鞋[收藏加购优先发货]尺码:37,款式好看，做工也很好，鞋跟也不累脚很喜欢。
2019年08月24日 22:35,颜色分类:白色 单鞋[收藏加购优先发货]尺码:36,质量不错，码数标准，穿着舒服，满意。
2019年09月03日 21:37,颜色分类:黑色 单鞋[收藏加购优先发货]尺码:34,鞋头款式：很时尚，质量很好，很喜欢 卖家物流很快，款式新颖独特，好漂亮 
2019年09月04日 10:22,颜色分类:白色 单鞋[收藏加购优先发货]尺码:37,小白鞋很喜欢，很百搭，推荐购买啊！
2019年08月31日 23:20,,"评价方未及时做出评价,系统默认好评!"
2019年08月22日 18:21,颜色分类:白色 单鞋[收藏加购优先发货]尺码:39,百搭款小白鞋，个人很喜欢。
2019年08月26日 07:32,颜色分类:白色 单鞋[收藏加购优先发货]尺码:37,很喜欢这个款式，质量也不错
2019年08月23日 11:29,颜色分类:白色 单鞋[收藏加购优先发货]尺码:38,物流很快，服务很好，尺码标准，结实耐穿！穿起来很洋气！
2019年08月21日 11:16,颜色分类:黑色 单鞋[收藏加购优先发货]尺码:38,给老妈买的，款式质量真心很不错，发货速度快。
2019年08月28日 18:37,颜色分类:白色 单鞋[收藏加购优先发货]尺码:39,鞋子质量不错，款式新颖，很喜欢
2019年09月21日 11:16,颜色分类:白色 单鞋[收藏加购优先发货]尺码:35,鞋子不错的，就是有点大了，在拍小一号就更合适了，谢谢老板
2019年08月21日 12:05,颜色分类:白色 单鞋[收藏加购优先发货]尺码:36,哈哈一下增高了不少，脚感挺舒服的
2019年09月05日 14:15,颜色分类:白色 单鞋[收藏加购优先发货]尺码:37,鞋子款式比较休闲，而且是皮的材质，鞋底我很柔软，上脚很舒服，大小也合适，我很喜欢
2019年09月02日 15:27,颜色分类:白色 单鞋[收藏加购优先发货]尺码:39,鞋子挺好的，穿着很舒服
2019年09月05日 12:08,颜色分类:白色 单鞋[收藏加购优先发货]尺码:39,快递收到了，包装精致，质量不错，款式新颖，卖家服务态度好，值得推荐
2019年08月25日 16:01,颜色分类:白色 单鞋[收藏加购优先发货]尺码:38,"东西收到了,包装的很用心,没有破损,小白鞋很百搭,有一定的增高效果,穿上走路很舒服,不累脚,性价比很高了,值得购买滴!"
2019年08月24日 19:23,颜色分类:白色 单鞋[收藏加购优先发货]尺码:36,嗯，发货很快，物流也挺快的，很快就拿到了。感觉挺不错的，性价比什么的，先给个好评咯。
2019年09月03日 19:48,颜色分类:黑色 单鞋[收藏加购优先发货]尺码:37,鞋子穿上正好合脚，款式很百搭。鞋底部软硬度适中，显着脚瘦，而且增高了不好。非常不错的一款鞋子！
2019年08月21日 07:42,颜色分类:白色 单鞋[收藏加购优先发货]尺码:39,挺不错，推荐的号码很合适，挺好看
2019年09月03日 11:04,颜色分类:白色 单鞋[收藏加购优先发货]尺码:39,鞋子质量很好，穿着整个人都高了好多，码数标准，店家服务态度很好，好评！
2019年09月06日 23:48,颜色分类:黑色 单鞋[收藏加购优先发货]尺码:39,很漂亮，也很合脚，穿着很显脚小
2019年09月05日 23:34,颜色分类:白色 单鞋[收藏加购优先发货]尺码:39,发货速度很快，百搭，带点跟很好配衣服。特别满意。
2019年09月07日 12:51,颜色分类:白色 单鞋[收藏加购优先发货]尺码:36,鞋子很舒服，款式好看！
2019年08月26日 09:04,颜色分类:黑色 单鞋[收藏加购优先发货]尺码:38,穿着舒服 质量不错 物流很快 卖家态度很好 服务很到位
2019年09月03日 13:46,颜色分类:白色 单鞋[收藏加购优先发货]尺码:36,很舒适，质量不错。很满意。颜色也正
2019年08月31日 22:02,颜色分类:白色 单鞋[收藏加购优先发货]尺码:38,鞋收到了，不错穿着很舒服，很喜欢
2019年09月15日 08:13,颜色分类:白色 单鞋[收藏加购优先发货]尺码:37,鞋子收到一般吧，不算很好，打开包裹。鞋胶味儿特别大。好像是新做的。再卖给顾客。我都不敢穿。我怕胶味儿伤到我脚。这双鞋不值那个钱。
2019年08月29日 18:32,颜色分类:白色 单鞋[收藏加购优先发货]尺码:38,鞋子不错很合身
2019年09月06日 02:08,颜色分类:白色 单鞋[收藏加购优先发货]尺码:39,宝贝收到了，实物与图片相符。客服态度也很好，服务很到位。一次愉快的购物体验
2019年09月02日 13:13,颜色分类:黑色 单鞋[收藏加购优先发货]尺码:38,鞋子舒服，不累脚
2019年09月06日 07:20,颜色分类:白色 单鞋[收藏加购优先发货]尺码:39,小白鞋的款式不错，而且是内增高的，可以弥补下身高的不足，穿着看起来更加高挑，鞋子尺码标准，穿着舒服透气，满意
2019年08月22日 14:55,颜色分类:黑色 加绒[收藏加购优先发货]尺码:34,鞋子合脚，满意
2019年09月02日 20:57,颜色分类:黑色 单鞋[收藏加购优先发货]尺码:38,很好的卖家，发货快服务好，鞋子挺好的
2019年08月30日 22:58,颜色分类:黑色 单鞋[收藏加购优先发货]尺码:39,穿着舒服，不捂脚，很满意
2019年09月06日 19:15,颜色分类:黑色 单鞋[收藏加购优先发货]尺码:35,鞋子收到质量很好，喜欢
2019年08月21日 09:04,颜色分类:白色 单鞋[收藏加购优先发货]尺码:38,鞋子收到了，质量很好，做工精细，尺码标准，老板服务态度很好!
2019年09月06日 16:58,颜色分类:黑色 单鞋[收藏加购优先发货]尺码:38,大小合适，很喜欢，质量很好
2019年09月04日 08:04,颜色分类:白色 单鞋[收藏加购优先发货]尺码:39,商家发货速度很快，服务态度好，包装很用心，穿上脚显瘦，质量特别好，值得购买
2019年09月06日 17:59,颜色分类:白色 单鞋[收藏加购优先发货]尺码:36,物流很快，客服服务态度也很好，鞋很舒服，不磨脚，很喜欢，很满意的一次购物，超赞～
2019年08月31日 20:20,颜色分类:黑色 单鞋[收藏加购优先发货]尺码:37,还可以的，卖家服务热情，很满意的一次购物
2019年08月01日 11:27,颜色分类:白色 单鞋[收藏加购优先发货]尺码:35,小白鞋百搭款，穿上舒服透气，内增高很显腿细长哦！鞋底防滑耐磨，真皮材质鞋面光滑细腻，非常喜欢💕
2019年08月09日 20:23,颜色分类:白色 单鞋[收藏加购优先发货]尺码:38,韩版内增高小白鞋女四季百搭真皮厚底单鞋收到了，外观精美，脚感舒适！大小码数标准！特别可心！
2019年08月12日 11:30,颜色分类:白色 单鞋[收藏加购优先发货]尺码:38,样式好看，皮质细腻，穿着很舒服漂亮，满意的一次网购。买棉鞋还来咱家。
2019年08月24日 14:22,颜色分类:白色 单鞋[收藏加购优先发货]尺码:39,物流超级快的，而且鞋子包装很大气上档次，一点也不输五六百的鞋子！鞋子表面很棒，皮质很软，上面碰到点灰，湿巾一擦就掉了！鞋底很舒服，不会哦那种特别硬，走路走起来一点都不累，比高跟鞋强多了！而且显脚小，显瘦呢！哈哈，客服小姐姐很热情，推荐的尺码很合适，谢谢！
2019年07月29日 20:36,颜色分类:白色 单鞋[收藏加购优先发货]尺码:37,做工精致，缝纫粘合工整缜密牢固，鞋码标准，没有异味，上脚行走舒适不累脚，内衬透气不捂脚，百搭内增高。
2019年08月07日 15:47,颜色分类:黑色 单鞋[收藏加购优先发货]尺码:34,鞋子穿起来非常的合适    显得脚面很小     而且鞋面的材质是真皮的    内增高显得我的腿比例很长   而且白色的鞋子百搭各种衣服     我非常的满意  赞！！！
2019年08月14日 18:18,颜色分类:白色 单鞋[收藏加购优先发货]尺码:36,这鞋子太适合我这矮个子了，瞬间增加不少，穿了一天，挺舒服的，走路不累，也很好搭配衣服，底子软度合适，不是很硬。
2019年08月06日 13:27,颜色分类:黑色 单鞋[收藏加购优先发货]尺码:38,鞋头款式：在网上买的最好的一双小白鞋 鞋面材质：质量很不错，脚感很好 鞋底材质：挺舒适的 风格：喜欢，跟卖家描述的一样  
2019年08月22日 16:04,颜色分类:白色 单鞋[收藏加购优先发货]尺码:38,鞋子我已经收到了，试穿了一下很合脚，非常的舒服，而且没有异味。鞋子款式新颖是我喜欢的风格，质量也特别好，鞋底很软，穿着走路很舒适。
2019年09月01日 10:07,颜色分类:黑色 单鞋[收藏加购优先发货]尺码:37,宝贝质量不错，很满意
2019年08月04日 14:13,颜色分类:白色 单鞋[收藏加购优先发货]尺码:38,宝贝质量啊非常好，白色好搭配衣服。休闲装，时尚套装都可以配。钟爱白鞋。增高很高，身高是短板的可以穿。穿着也不累。上班站一天也不累。很喜欢。谢谢老板的推荐。准备再买一双送姐姐。
2019年08月15日 17:37,颜色分类:白色 单鞋[收藏加购优先发货]尺码:38,鞋子好漂亮，里面增高，穿着腿显瘦又长，配搭衣服也特别好看！
2019年08月11日 16:41,颜色分类:白色 单鞋[收藏加购优先发货]尺码:35,内增高小白鞋收到了，质量非常好，穿着很舒服，大小也合适，鞋面是真皮的，女儿非常喜欢。
2019年08月17日 18:50,颜色分类:白色 单鞋[收藏加购优先发货]尺码:36,鞋子收到了 质量做工真的没的说，非常完美，鞋边的走线也很均匀， 实体店这个质量的真的拿不来，更重要是鞋子很轻 很舒服  穿上给踩棉花似的，从来没穿过这么软舒服的鞋子，我的脚有点胖，这款鞋子穿上反而显得脚小巧了  真的满意的很  
2019年08月03日 22:47,颜色分类:白色 单鞋[收藏加购优先发货]尺码:37,内增高鞋子收到了，包装很好，质量不错，做工也很细致，上脚舒服，矮个子的福音，而且个子立马高了，瞬间有了小长腿了，小白鞋好搭配衣服，喜欢的MM赶紧下手吧
2019年08月02日 09:19,颜色分类:黑色 单鞋[收藏加购优先发货]尺码:38,很简单漂亮的一双小白鞋，鞋子版型可以，内增高闲的腿又高又长，款式新潮很舒服而且小白鞋现在也很流行呀，很百搭的一款鞋子
2019年08月19日 10:42,颜色分类:白色 单鞋[收藏加购优先发货]尺码:37,很好穿，舒适合脚，下次再来你店。
2019年08月12日 16:32,颜色分类:白色 单鞋[收藏加购优先发货]尺码:35,宝贝刚收到，和我想象的一样，穿在脚上很舒服，又好看，值得信赖的产品，不买要后悔哦。
2019年08月02日 15:29,颜色分类:白色 单鞋[收藏加购优先发货]尺码:37,发货挺快的，没有特别大异味，版型正尺码挺准的。上脚效果不错，鞋子比较轻巧鞋底也软走路不累，增高效果明显~
2019年08月03日 12:51,颜色分类:黑色 单鞋[收藏加购优先发货]尺码:39,鞋子收到了，质量很好，无异味，缝纫粘和牢固，鞋底防滑，内增高穿着走路不累脚，休闲，百搭，满意。
2019年08月22日 17:34,颜色分类:白色 单鞋[收藏加购优先发货]尺码:36,喜欢，喜欢，太喜欢了
2019年08月26日 20:33,颜色分类:白色 单鞋[收藏加购优先发货]尺码:36,质量非常好
2019年08月15日 21:02,颜色分类:白色 单鞋[收藏加购优先发货]尺码:38,鞋子不错，风格独特，鞋面柔软舒适，鞋底舒服不磨脚，鞋头款式流行，还不下单等什么
2019年08月01日 10:22,颜色分类:白色 单鞋[收藏加购优先发货]尺码:36,鞋子质量还不错，内增高的，比高跟鞋穿着舒服多了，做工比较精细，这个价格买到超值！
2019年08月28日 09:44,颜色分类:黑色 单鞋[收藏加购优先发货]尺码:34,很好，质量很好
2019年08月20日 17:22,颜色分类:白色 单鞋[收藏加购优先发货]尺码:36,鞋头款式：妈妈很喜欢，一直在找这种内增高一脚蹬的小白鞋，底子也很软 
2019年08月07日 23:30,颜色分类:白色 单鞋[收藏加购优先发货]尺码:37,宝贝收到了，包装完整，质量很好，码数正，穿上去很舒服，款式简单，比实体店买划算！
2019年08月17日 13:42,颜色分类:白色 单鞋[收藏加购优先发货]尺码:37,小白鞋很合脚  穿上不累脚颜色百搭实用   内增高是我所最想要的     小个子的福星   穿上个子显的比较修长
2019年08月15日 10:01,颜色分类:白色 单鞋[收藏加购优先发货]尺码:38,很舒适的一款鞋子。款式比较简单，但是却比较百搭。试穿了一会儿挺舒服的，一点都不搁脚不累脚。皮质摸起来舒适，也没有任何异味。非常喜欢
2019年07月30日 09:54,颜色分类:白色 单鞋[收藏加购优先发货]尺码:35,小白鞋收到了是真的好白啊，鞋子码数刚好合适标准而且没有味道，内增高女鞋穿上去突然觉得自己长高了很喜欢，搭配衣服也容易搭配，很喜欢
2019年08月06日 19:35,颜色分类:白色 单鞋[收藏加购优先发货]尺码:38,鞋子收到了，包装很严实，物流也很快。鞋子跟描述一样，做工细致，质量很好，尺码标准，大小合适，不夹脚，不显脚肥。
2019年07月29日 22:07,颜色分类:白色 单鞋[收藏加购优先发货]尺码:38,宝贝收到了，卖家服务态度很好，发货真快，包装严实，鞋子的质量非常好，做工精致，码数正穿起来大小正合适，不累脚非常舒服，价格也实惠，值得购买。
2019年08月07日 08:48,颜色分类:白色 单鞋[收藏加购优先发货]尺码:39,鞋子的款式很百搭，休闲时尚服装随便搭配，穿上这双鞋显得腿很长，虽然有点小贵，但贵有贵的道理，物有所值
2019年08月04日 10:21,颜色分类:白色 单鞋[收藏加购优先发货]尺码:37,小白鞋透气舒适，尺码很准正好呢 内增高很显腿长
2019年08月12日 15:39,颜色分类:白色 单鞋[收藏加购优先发货]尺码:36,宝贝收到了，包装完好没有破损，鞋子质量很好，没有异味，鞋码很正，穿起来很合适，而且不磨脚，很满意的一双鞋子
2019年07月29日 09:03,颜色分类:白色 单鞋[收藏加购优先发货]尺码:38,鞋子收到了，店家发货速度很快，物流速度也给力，很快就收到了，立马就上身试了试，老公说好看～哈哈～颜色没有色差，这个色很衬皮肤的，开心，同事还问我要了链接～以后还会来回购的！
2019年07月28日 21:56,颜色分类:白色 单鞋[收藏加购优先发货]尺码:36,颜色简单大气，百搭款式，主要是版型挺好的，非常适合我这种小脚的人，以后买鞋就去他家了，棒棒哒
2019年07月29日 22:09,颜色分类:黑色 单鞋[收藏加购优先发货]尺码:37,质量不错，款式时尚。穿着舒服，上脚效果好。价钱实惠，满意的一次网购。
2019年08月10日 00:27,颜色分类:收藏加购优先发货[收藏加购优先发货]尺码:36,鞋子好看的，白色的，什么衣服都好搭配，下雨也好穿，主要是对于我这种矮的人来说，内增高真的很重要。
2019年08月06日 15:02,颜色分类:白色 单鞋[收藏加购优先发货]尺码:36,是我喜欢的风格，平底好走路，内增显身高，走路很舒服，建议购买
2019年08月17日 06:56,颜色分类:白色 单鞋[收藏加购优先发货]尺码:37,看了好久，最终选定这家店的鞋子，收到货后试穿了一下，大小合适，真皮材质显档次，走路不累脚，满意！
2019年08月04日 10:52,颜色分类:白色 单鞋[收藏加购优先发货]尺码:38,鞋子到货了，真的很合适，穿下去鞋底很软很舒服，鞋包很修脚，真心不错👍
2019年08月19日 01:15,颜色分类:黑色 单鞋[收藏加购优先发货]尺码:35,鞋子的款式简单易搭，质量非常的好，鞋底软，走起来非常的舒服！
2019年08月07日 13:37,颜色分类:白色 单鞋[收藏加购优先发货]尺码:38,小白鞋收到质量非常好  非常百搭 穿上舒服漂亮 是我喜欢的款式
2019年08月05日 01:51,颜色分类:白色 单鞋[收藏加购优先发货]尺码:37,这款内增高小白鞋质量挺不错的 款式很漂亮很时尚 穿着脚感很好 非常满意 给好评哈
2019年08月01日 20:49,颜色分类:白色 单鞋[收藏加购优先发货]尺码:36,卖家的服务很好，包装严实，宝贝很喜欢，上脚舒适，百搭，码数标准，无异味，满意
2019年08月12日 12:08,颜色分类:白色 单鞋[收藏加购优先发货]尺码:36,可以呀，内增高刚好合适我这种矮个子，不磨脚，材质也不错
2019年08月05日 14:56,颜色分类:白色 单鞋[收藏加购优先发货]尺码:36,收到货特意穿了几次才评论的，鞋子做工精细，穿着舒服透气不磨脚不崴脚，走路轻巧不累脚，很喜欢。
2019年08月04日 15:37,颜色分类:白色 单鞋[收藏加购优先发货]尺码:37,小白鞋质量不错 码数也刚刚好 内增高款穿着显得瘦高 挺喜欢的！
2019年09月07日 18:04,颜色分类:白色 单鞋[收藏加购优先发货]尺码:38,非常满意
2019年07月30日 10:49,颜色分类:黑色 单鞋[收藏加购优先发货]尺码:37,鞋子收到了，质量很好尺码很合适穿上很舒服，皮质柔软舒适满意
2019年08月08日 15:19,颜色分类:白色 单鞋[收藏加购优先发货]尺码:34,鞋子收到，质量很好，是真皮的，穿着不打脚，皮质软，内增高的，穿着显高。
2019年08月18日 16:37,颜色分类:白色 单鞋[收藏加购优先发货]尺码:36,小白鞋皮质不错 质感很强 不容易脏 收到打开没有异味 踩着很舒服 不割脚 很满意
2019年08月20日 11:30,颜色分类:黑色 单鞋[收藏加购优先发货]尺码:35,质量不错，码数标准，穿上显得高挑很多，好穿衣服，试了一下，不怎么会累脚，挺满意！
2019年08月03日 14:20,颜色分类:白色 单鞋[收藏加购优先发货]尺码:36,鞋子质量很不错，是真皮的，鞋底也比较软，穿着舒服，也不臭脚
2019年08月06日 15:32,颜色分类:白色 单鞋[收藏加购优先发货]尺码:38,鞋子收到了，款式很好看，鞋底很软穿着很舒服
2019年08月02日 20:22,颜色分类:黑色 单鞋[收藏加购优先发货]尺码:37,宝贝收到了，鞋子质量很好，做工很精细，跟店家描述的一样，穿着也很舒服，喜欢的小伙伴们快快入手吧👍👍👍
2019年08月16日 13:03,颜色分类:白色 单鞋[收藏加购优先发货]尺码:38,鞋面材质：材质特别舒服，穿一天脚也不累，哈哈 鞋底材质：鞋底也很柔软，而且也没有异味 风格：有增高，特别百搭 
2019年08月18日 09:04,颜色分类:黑色 单鞋[收藏加购优先发货]尺码:35,鞋子款式好看尺码标准很喜欢，走路也舒服，物美价廉值得购买果断好评？。
2019年08月04日 09:03,颜色分类:白色 单鞋[收藏加购优先发货]尺码:37,皮子的 内增高上脚显得脚小 百搭 走路也比较舒服 不累脚 
2019年08月08日 22:57,颜色分类:白色 单鞋[收藏加购优先发货]尺码:34,质量很好，穿上显脚瘦，而且百搭，穿牛仔裤，裙子，短裤都很搭，喜欢😘
2019年07月30日 20:39,颜色分类:白色 单鞋[收藏加购优先发货]尺码:36,面料软和，女朋友很喜欢，鞋底儿材料也很软和舒服，风格时尚
2019年08月06日 12:26,颜色分类:白色 单鞋[收藏加购优先发货]尺码:37,鞋子的皮质很好，穿上很舒服，款式很漂亮，百搭！
2019年08月02日 22:26,颜色分类:白色 单鞋[收藏加购优先发货]尺码:36,鞋子是真皮的，内增高效果挺好，穿上稳当舒服。
2019年08月18日 22:27,颜色分类:白色 单鞋[收藏加购优先发货]尺码:37,小白鞋很漂亮，内增高很显个子，非常百搭，走路很舒服
2019年08月08日 11:05,颜色分类:白色 单鞋[收藏加购优先发货]尺码:36,鞋子质量特别好，白色很百搭，有增高，看着比例更好，特别喜欢，很舒服，满意
2019年08月05日 18:07,颜色分类:白色 单鞋[收藏加购优先发货]尺码:36,鞋子很合脚，内增高的穿上很舒服，很显高，非常喜欢，透气性也很好，价格也很划算很满意
2019年08月17日 23:22,颜色分类:白色 单鞋[收藏加购优先发货]尺码:36,亲，小白鞋收到了，很喜欢，内增高的，刚好是我想要的，皮子很舒服，是真皮的，总之很好。
2019年08月07日 16:12,颜色分类:白色 单鞋[收藏加购优先发货]尺码:35,鞋子收到了，上脚特别舒服，走再多路脚都不累，蛮好的，一分钱一分货，质量不错，值得推荐
2019年08月13日 11:50,颜色分类:黑色 单鞋[收藏加购优先发货]尺码:34,秋天快来了，买双鞋子备着，很合适，穿着舒服，，不磨脚。价格也还算公道，能接受的啦，哈哈
2019年08月02日 21:07,颜色分类:白色 单鞋[收藏加购优先发货]尺码:38,白鞋柔软舒服不挤脚，适合我的脚，运动方便，做工精细。
2019年08月13日 15:43,颜色分类:白色 单鞋[收藏加购优先发货]尺码:36,宝贝收到了，试穿了一下上脚很舒服，内增高的比较显气质显腿长，鞋子做工也好，满意
2019年08月16日 23:38,颜色分类:黑色 单鞋[收藏加购优先发货]尺码:38,鞋子大小合适，内增高的，这样穿着高好几公分呢
2019年08月10日 07:06,颜色分类:黑色 单鞋[收藏加购优先发货]尺码:39,鞋子穿上很舒服，很合脚，没有磕脚的地方，穿上很好看，价格实惠，下次再来
2019年08月06日 14:49,颜色分类:白色 单鞋[收藏加购优先发货]尺码:39,买的白色挺好看的鞋子穿上舒服不累脚鞋码也标准没有异味物流也快很满意
2019年07月28日 21:47,颜色分类:白色 单鞋[收藏加购优先发货]尺码:37,快递给力！收到马上就穿了尺码合适，皮质柔软又增高又有型！穿着逛街也不累脚！
2019年08月16日 20:17,颜色分类:白色 单鞋[收藏加购优先发货]尺码:38,鞋子收到了 包装的很好 物流很快 鞋子款式很好看 跟图片相符 穿上很舒服 不错
2019年08月07日 12:08,颜色分类:白色 单鞋[收藏加购优先发货]尺码:38,鞋子收到啦 穿上去不磨脚 朋友推荐的 非常的不错 挑了好几家还是朋友介绍的店不错。
2019年08月19日 11:51,颜色分类:白色 单鞋[收藏加购优先发货]尺码:38,白色的比较百搭，穿着挺舒服的，款式很喜欢
2019年08月13日 15:07,颜色分类:白色 单鞋[收藏加购优先发货]尺码:39,非常喜欢，质量不错，穿着很舒服，码数标准 ，值得拥有。
2019年08月02日 14:30,颜色分类:黑色 单鞋[收藏加购优先发货]尺码:39,鞋子质量不错，穿着很舒服，打开味道不大，材质很柔软，很时尚，不错的一次购物
2019年08月16日 16:58,颜色分类:白色 单鞋[收藏加购优先发货]尺码:37,鞋子收到了，1.55一直都是我的硬伤。鞋子穿起来好看显高又显瘦，满意
2019年08月05日 19:44,颜色分类:黑色 单鞋[收藏加购优先发货]尺码:39,小白鞋收到了，做工很细致，看起来很可爱，女儿穿起来很合适，她说很喜欢，物流也快
2019年08月02日 21:41,颜色分类:白色 单鞋[收藏加购优先发货]尺码:38,鞋子穿着挺舒适的，不累脚，白色的很好看，增高效果挺不错的，穿上显腿长&hellip;&hellip;
2019年08月10日 11:42,颜色分类:黑色 单鞋[收藏加购优先发货]尺码:39,鞋子款式很好看，材质也很不错，穿着很舒服感觉很棒
2019年08月09日 15:46,颜色分类:白色 单鞋[收藏加购优先发货]尺码:39,不好意思，确认晚了，已经穿了几天了，穿上很舒服，质量也好，款式喜欢，赞👍
2019年08月15日 20:14,颜色分类:白色 单鞋[收藏加购优先发货]尺码:37,老顾客了，一直很喜欢他家的鞋子，款式好看，做工也好，穿上也很舒服
2019年08月12日 18:31,颜色分类:白色 单鞋[收藏加购优先发货]尺码:37,包装满分 外形满分 脚感满分 是我穿过最舒服的鞋了  满分推荐
2019年08月12日 10:38,颜色分类:白色 单鞋[收藏加购优先发货]尺码:38,宝贝质量很好，款式很漂亮，码数正，走路不累，很喜欢的款式，物流速度快发货速度快，好评，
2019年08月08日 11:05,颜色分类:白色 单鞋[收藏加购优先发货]尺码:37,宝贝是我期待的，材质，做工都是比较满意的，穿起来很舒服的。
2019年08月19日 12:32,颜色分类:白色 单鞋[收藏加购优先发货]尺码:39,真皮很透气，走路不会觉得很累，很值啦
2019年08月15日 22:58,颜色分类:白色 单鞋[收藏加购优先发货]尺码:36,鞋子穿着很多舒服，质量也不错哦，穿起来显高显脚小呢，真的很完美
2019年07月29日 20:33,颜色分类:白色 单鞋[收藏加购优先发货]尺码:36,质量很好，一点都不硌脚。款式很简约。
2019年08月04日 12:37,颜色分类:黑色 单鞋[收藏加购优先发货]尺码:37,鞋子尺码准，穿着舒适，价格实惠
2019年07月29日 12:01,颜色分类:白色 单鞋[收藏加购优先发货]尺码:39,鞋子到货了，做工比想象中要好很多呢，上脚穿了感觉了感觉，挺舒服的，不会卡脚，很喜欢！
2019年08月13日 13:23,颜色分类:白色 单鞋[收藏加购优先发货]尺码:37,鞋子收到了，包装很仔细，不错，质量很好，款式颜色都很喜欢，非常满意，赞赞赞
2019年07月28日 11:30,颜色分类:白色 单鞋[收藏加购优先发货]尺码:35,实体店很难买到满意的小白鞋，不够简约。这家基本符合我所有的要求，太棒了
2019年08月06日 19:13,颜色分类:黑色 单鞋[收藏加购优先发货]尺码:39,鞋收到，打开看，款式是我喜欢的，穿上很舒服，不卡脚，本人非常喜欢，非常值满意
2019年08月17日 09:14,颜色分类:白色 单鞋[收藏加购优先发货]尺码:39,东西已经收到了，质量很不错，手感很好，很有特色，很是喜欢。有需要的亲可以下手了，物流快递也很快。
2019年08月05日 20:03,颜色分类:黑色 单鞋[收藏加购优先发货]尺码:35,实物跟描述的一样，很不错。增高效果也不错，上脚也很舒服。尺码也很标准哦
2019年08月16日 13:32,颜色分类:白色 单鞋[收藏加购优先发货]尺码:36,质量很好，小白鞋很百搭，穿着很舒服，款式新颖时尚，码数标准，性价比高，特喜欢，客服态度热情，物流也很快
2019年08月10日 13:43,颜色分类:黑色 单鞋[收藏加购优先发货]尺码:38,鞋穿上也舒服很舒服，样式好看，质量很好，是皮子得
2019年08月14日 19:50,颜色分类:黑色 加绒[收藏加购优先发货]尺码:38,鞋子穿着舒服，大小正合适，感觉很合脚。个人感觉很不错，值得推荐。
2019年08月16日 12:42,颜色分类:白色 单鞋[收藏加购优先发货]尺码:38,鞋子质量很好。面料非常舒服，穿的超级漂亮，值得购买
2019年08月06日 16:14,颜色分类:黑色 单鞋[收藏加购优先发货]尺码:38,鞋子穿着非常的舒适，内增高底穿上能显个子高点。挺满意的。
2019年08月04日 20:38,颜色分类:黑色 单鞋[收藏加购优先发货]尺码:37,鞋头款式挺好，鞋面材质不错，风格挺好的，
2019年08月07日 10:56,颜色分类:黑色 单鞋[收藏加购优先发货]尺码:38,款式新颖，高端大气上档次，做工精细，质量很好，非常喜欢！价格也不贵！
2019年08月12日 08:11,颜色分类:黑色 单鞋[收藏加购优先发货]尺码:38,鞋子很不错  不累脚 显瘦显高  材质也很好
2019年07月31日 12:40,颜色分类:白色 单鞋[收藏加购优先发货]尺码:37,试穿了一下很舒适性，大小合适37，皮子很软的，挺好的。非常感谢。
2019年08月01日 18:58,颜色分类:白色 单鞋[收藏加购优先发货]尺码:39,鞋底舒服，鞋面质量非常好，卖家服务也很好，款式不错，喜欢极了
2019年08月05日 19:45,颜色分类:白色 单鞋[收藏加购优先发货]尺码:36,鞋子很不错，皮质很好。尺码也挺标准的，发货速度也快。穿了效果还不错，满意
2019年07月30日 17:22,颜色分类:黑色 单鞋[收藏加购优先发货]尺码:37,鞋子买给女票的七夕节礼物，很好看，质量也很不错，比较喜欢
2019年07月30日 12:42,颜色分类:白色 单鞋[收藏加购优先发货]尺码:37,宝贝收到了，已穿试大小合适，穿着舒服，走起路来不累脚，不板脚很喜欢，用需要了还会再来，客服很好，还温柔体贴，物流快值得赞👍
2019年07月28日 11:35,颜色分类:白色 单鞋[收藏加购优先发货]尺码:38,鞋子收到了，尺码标准，上脚很舒服，质量不错，物美价廉
2019年08月18日 13:13,颜色分类:白色 单鞋[收藏加购优先发货]尺码:39,鞋子质量很好，款式也刚看，穿着很舒服
2019年08月11日 21:59,颜色分类:白色 单鞋[收藏加购优先发货]尺码:35,现在脚感还不错，因为现在穿还是有点热，所以穿着走了一会就脱了，感觉还是不错的，可以入手。
2019年08月15日 18:37,颜色分类:白色 单鞋[收藏加购优先发货]尺码:37,小白鞋很漂亮，内增高穿着不累脚
2019年08月17日 21:25,颜色分类:黑色 单鞋[收藏加购优先发货]尺码:38,发货超级快，鞋子质量特别好，穿上特别舒服，超级喜欢，尺寸刚刚好
2019年08月02日 21:55,颜色分类:白色 单鞋[收藏加购优先发货]尺码:37,鞋子质量挺好的，码数标准，穿着舒服不磨脚，好评
2019年08月14日 10:29,颜色分类:白色 单鞋[收藏加购优先发货]尺码:36,小个子福音啊！上脚很舒服，走路多了也不怎么累！
2019年08月12日 17:13,颜色分类:白色 单鞋[收藏加购优先发货]尺码:37,鞋子质量很好，是真皮的。穿起来很舒服！好评
2019年07月31日 18:24,颜色分类:白色 单鞋[收藏加购优先发货]尺码:38,百搭款，穿上很舒服，显得腿很细，透气性很好
2019年08月16日 12:10,颜色分类:黑色 单鞋[收藏加购优先发货]尺码:39,小白鞋质量很好，穿着很舒服，很满意的一次购物。
2019年08月07日 21:43,颜色分类:白色 单鞋[收藏加购优先发货]尺码:38,穿着鞋底很舒服尺码也合适，赞👍
2019年08月07日 17:20,颜色分类:白色 单鞋[收藏加购优先发货]尺码:36,帮妈妈买的， 上脚了大小很合适
2019年08月02日 10:30,颜色分类:白色 单鞋[收藏加购优先发货]尺码:39,质量很好，款式漂亮，穿上很舒适。不臭脚，非常满意
2019年08月09日 08:26,颜色分类:白色 单鞋[收藏加购优先发货]尺码:37,鞋子特别好，穿起来挺好看，还显得腿特别长，物流也快，值得拥有。
2019年08月06日 12:01,颜色分类:黑色 单鞋[收藏加购优先发货]尺码:36,宝贝刚刚收到了，打开一看嘿嘿是我想要的好看
2019年08月20日 17:06,颜色分类:白色 单鞋[收藏加购优先发货]尺码:37,质量很好，穿上很舒服，不打脚不累，物流很快，价钱实惠，满意 
2019年08月04日 22:02,颜色分类:白色 单鞋[收藏加购优先发货]尺码:37,鞋子款式好看，很喜欢，内增高走路穿着很舒服
2019年08月16日 17:47,颜色分类:白色 单鞋[收藏加购优先发货]尺码:36,挺漂亮的小白鞋，大小刚好，感觉是真皮的，满意。
2019年08月08日 17:23,颜色分类:白色 单鞋[收藏加购优先发货]尺码:38,此用户没有填写评价。
2019年08月14日 13:40,颜色分类:白色 单鞋[收藏加购优先发货]尺码:37,鞋子穿上显高，走路很舒服，尺码标准的
2019年08月09日 17:16,颜色分类:白色 单鞋[收藏加购优先发货]尺码:36,好看显脚小
2019年08月11日 12:52,颜色分类:黑色 单鞋[收藏加购优先发货]尺码:37,物流到货速度很快，鞋子很好看很时尚，增高效果很棒，穿着也很舒服，点个赞
2019年09月14日 22:00,颜色分类:黑色 单鞋[收藏加购优先发货]尺码:35,鞋子收到了，还没穿，看着挺好，是皮子的，穿穿在追加评价
2019年08月08日 23:32,颜色分类:白色 单鞋[收藏加购优先发货]尺码:39,质量非常好，穿着舒服，尺码标准，跟卖家描述一样，卖家发货快，物流给力，好评
2019年09月07日 21:57,颜色分类:白色 单鞋[收藏加购优先发货]尺码:33订做,鞋子很舒服，说好的半码垫没送，自己加上去了。
2019年08月12日 13:01,颜色分类:收藏加购优先发货[收藏加购优先发货]尺码:35,很舒服 很软 走路不磨脚
2019年08月11日 21:41,颜色分类:黑色 单鞋[收藏加购优先发货]尺码:39,挺好看的鞋，款式不错。大小也的很合适。
2019年08月08日 10:59,颜色分类:白色 单鞋[收藏加购优先发货]尺码:36,好看百搭，很满意好评
2019年08月04日 16:23,颜色分类:黑色 单鞋[收藏加购优先发货]尺码:40订做,很不错的，买了好几次了，包装很不错，高大上。上脚很好看，显脚小！客服态度超级好，物流也很快，不错的购物体验！
2019年08月07日 12:19,颜色分类:黑色 单鞋[收藏加购优先发货]尺码:37,穿着显高！鞋底舒服！逛街不累
2019年08月18日 12:31,颜色分类:黑色 单鞋[收藏加购优先发货]尺码:35,收到了，帮邻居买的，对方表示脚感挺好的，不磨脚
2019年08月19日 16:10,颜色分类:白色 单鞋[收藏加购优先发货]尺码:37,还不错，脚感很好，超百搭！
2019年08月11日 19:09,颜色分类:白色 单鞋[收藏加购优先发货]尺码:38,增高效果真的好，这么高走路也很稳当，穿着也很舒服，不卡脚，很满意
2019年08月15日 20:27,颜色分类:白色 单鞋[收藏加购优先发货]尺码:37,鞋子非常不错，上脚轻便舒适
2019年08月17日 17:41,颜色分类:白色 单鞋[收藏加购优先发货]尺码:37,鞋子很好，穿上显得脚丫很小巧
2019年08月02日 12:26,颜色分类:白色 单鞋[收藏加购优先发货]尺码:37,昨天收到了，喜欢！尺码正，今天穿了一个上午感觉蛮舒服的，值得购买！
2019年07月28日 23:03,颜色分类:白色 单鞋[收藏加购优先发货]尺码:38,对于小个子女生来说，这鞋很不错，推荐购买！
2019年07月31日 16:20,颜色分类:黑色 单鞋[收藏加购优先发货]尺码:39,很有耐心的卖家，以后有需要还会回购的。鞋子很舒服
2019年08月02日 21:23,颜色分类:白色 单鞋[收藏加购优先发货]尺码:35,很合脚，走路不累，也不臭脚
2019年08月08日 13:39,颜色分类:黑色 单鞋[收藏加购优先发货]尺码:40订做,东西收到了，看起来感觉还可以，给好评！
2019年08月13日 05:52,颜色分类:黑色 单鞋[收藏加购优先发货]尺码:36,东西收到了，这次购物很满意，下次还会再买。
2019年07月31日 11:50,颜色分类:白色 单鞋[收藏加购优先发货]尺码:37,鞋子收到了，质量不错，很好穿。
2019年08月18日 12:46,颜色分类:白色 单鞋[收藏加购优先发货]尺码:38,质量很好，穿着很舒服，款式好看，很喜欢
2019年08月01日 06:40,颜色分类:白色 单鞋[收藏加购优先发货]尺码:39,很舒服逛街不累脚，很显脚小，客服推荐很标准，谢谢
2019年08月16日 19:13,颜色分类:黑色 单鞋[收藏加购优先发货]尺码:37,宝贝非常好喔  喜欢的亲亲快下手喔
2019年08月01日 10:36,颜色分类:白色 单鞋[收藏加购优先发货]尺码:35,鞋的质量很好，很耐穿，明显增高，不错
2019年08月15日 10:27,颜色分类:白色 单鞋[收藏加购优先发货]尺码:38,"鞋子收到了很喜欢,质量挺好的尺码标准样子好看穿着舒适非常满意!"
2019年08月13日 09:20,颜色分类:黑色 单鞋[收藏加购优先发货]尺码:37,鞋子收到了很喜欢，质量挺好的尺码标准样子好看穿着舒适非常满意！
2019年08月16日 13:44,颜色分类:白色 单鞋[收藏加购优先发货]尺码:39,内增高小白鞋收到了，鞋面是真皮面料，穿着很舒服，不累脚不挤脚不磨脚，穿上瞬间增高了许多，太适合矮个子的女生了，白色的，百搭款，很喜欢。
2019年08月04日 11:18,颜色分类:白色 单鞋[收藏加购优先发货]尺码:36,东西收到了，感觉和不错，是一次不错的选择
2019年08月11日 07:34,颜色分类:白色 单鞋[收藏加购优先发货]尺码:38,质量不错，显高
2019年08月04日 21:41,颜色分类:白色 单鞋[收藏加购优先发货]尺码:38,上脚很舒服
2019年08月03日 21:53,颜色分类:黑色 单鞋[收藏加购优先发货]尺码:36,鞋子质量很好，穿着舒服，不累脚，卖家发货很快，很满意
2019年08月08日 20:15,颜色分类:白色 单鞋[收藏加购优先发货]尺码:36,物流很快，很舒服，版型好看，喜欢。
2019年08月15日 09:27,颜色分类:白色 单鞋[收藏加购优先发货]尺码:35,很喜欢，漂亮。
2019年08月16日 17:56,颜色分类:收藏加购优先发货[收藏加购优先发货]尺码:39,收到货了，穿着很合适也不磨脚
2019年08月11日 10:31,颜色分类:白色 单鞋[收藏加购优先发货]尺码:38,收到，不错感觉，凉快之后穿
2019年08月14日 23:32,颜色分类:白色 单鞋[收藏加购优先发货]尺码:37,鞋子已经收到好几天啦穿上大小合适，码数很正，鞋子脚感特别舒服，鞋垫也很软，皮质不错，也很好搭配，非常满意
2019年08月08日 15:25,颜色分类:白色 单鞋[收藏加购优先发货]尺码:37,穿着很舒服，非常喜欢
2019年07月28日 20:47,颜色分类:白色 单鞋[收藏加购优先发货]尺码:37,鞋收到了，质量很好，穿着很舒服，服务很好，发货很快
2019年08月05日 11:32,颜色分类:白色 单鞋[收藏加购优先发货]尺码:38,质量很好物流快递很快好评
2019年08月10日 16:38,颜色分类:黑色 单鞋[收藏加购优先发货]尺码:38,很好很舒服 喜欢
2019年08月25日 17:20,颜色分类:黑色 单鞋[收藏加购优先发货]尺码:37,款式不错，37码正常，看着脚不大，表皮比较软，说是头层猪皮，感觉价格偏高，如果耐穿就算了。蛮高的但穿着不累，在家地板上来回走了半个小时，就是味道比较大。
2019年07月29日 13:41,颜色分类:白色 单鞋[收藏加购优先发货]尺码:38,特别舒服，质量很好
2019年08月14日 13:29,颜色分类:白色 单鞋[收藏加购优先发货]尺码:36,穿的特别舒服
2019年07月29日 13:26,颜色分类:白色 单鞋[收藏加购优先发货]尺码:36,物流很快，鞋子是我喜欢的类型🤓，好评！
2019年08月18日 15:05,颜色分类:白色 单鞋[收藏加购优先发货]尺码:38,很好看 质量很好！
2019年08月18日 09:58,颜色分类:白色 单鞋[收藏加购优先发货]尺码:37,宝贝很好，我很喜欢，值得购买！
2019年08月17日 21:53,颜色分类:白色 单鞋[收藏加购优先发货]尺码:38,很好，很合适！
2019年07月29日 19:37,颜色分类:白色 单鞋[收藏加购优先发货]尺码:39,不错，舒服 
2019年07月04日 13:56,颜色分类:白色 单鞋[收藏加购优先发货]尺码:37,鞋头款式：非常漂亮的一款小白鞋，物流很快，包装完好，鞋子也很透气，不捂脚，上脚舒服 
2019年07月26日 17:23,颜色分类:白色 单鞋[收藏加购优先发货]尺码:37,鞋子收到了，质量很好，做工也特别的精细，颜色和图片一样，没有什么色差，穿着大小也非常合脚，虽然是新鞋子，但是也没有什么刺激的气味，挺好的，非常好，很棒！
2019年07月15日 18:57,颜色分类:白色 单鞋[收藏加购优先发货]尺码:39,鞋子收到了，版型特别漂亮，真皮的质量很好，白色的鞋子很百搭，内高跟设计显脚小，很满意
2019年07月26日 12:57,颜色分类:白色 单鞋[收藏加购优先发货]尺码:38,这款鞋子看上好久了，在店里买都很贵，最后在这家买了，收到后很开心，和描述的一样，内增高特别适合我这种矮个子的，穿上也青春靓丽
2019年07月17日 12:39,颜色分类:白色 单鞋[收藏加购优先发货]尺码:40订做,鞋子显脚小，鞋面柔软舒适，简洁美观大方，穿上个头立马显高一大截，穿着特别的舒服，不捂脚，鞋底不累。
2019年07月25日 18:22,颜色分类:白色 单鞋[收藏加购优先发货]尺码:37,鞋子收到货了，打开验证没有异味，尺码大小合适，做工很好，上档次，价格实惠，特别喜欢！！！
2019年07月25日 22:49,颜色分类:黑色 单鞋[收藏加购优先发货]尺码:37,漂亮的小白鞋，搭什么衣服裤子都好搭，底也软，不磨脚，质量看着不错，可以穿好久啦！
2019年07月25日 11:18,颜色分类:白色 单鞋[收藏加购优先发货]尺码:34,在网上买了好几次内增高小白鞋，这款还算是比较满意，不打脚，穿着也不臭脚，蛮好搭配衣服，喜欢得朋友可以放心购买
2019年07月21日 14:33,颜色分类:白色 单鞋[收藏加购优先发货]尺码:38,鞋子收到了，质量很好！是纯皮的，穿上很舒服，鞋底很软！白色穿上很漂亮还很百搭，还好打理！很喜欢！
2019年07月25日 19:15,颜色分类:白色 单鞋[收藏加购优先发货]尺码:34,小白鞋和图片描述一致，质量好，鞋面和内里做工都精细，风格也是喜欢的，穿着舒适，休闲。性价比高，赞。
2019年07月12日 18:12,颜色分类:黑色 单鞋[收藏加购优先发货]尺码:38,鞋子不错质量做工精细，款式版型好看大小合适，尺码标准，鞋底柔软，非常耐看的一款。值得购买。
2019年07月17日 10:40,颜色分类:白色 单鞋[收藏加购优先发货]尺码:38,鞋子收到，实物和卖家描述一致，大小很合适，穿起来脚舒服，透气性很好，款式时尚可以百搭
2019年07月24日 18:31,颜色分类:白色 单鞋[收藏加购优先发货]尺码:38,宝贝鞋子终于收到了，真是期盼已久了，本人感觉比穿高跟鞋舒服，而且好搭配衣服，比较休闲，质量也很好，夏天穿透气舒服，推荐购买呦
2019年08月31日 11:02,颜色分类:白色 单鞋[收藏加购优先发货]尺码:35,因为个子不高  有时候穿衣服不太好看   所以我经常买有增高效果的鞋  这个是内增高的鞋子   透气又好看   而且穿的蛮舒服的
2019年07月21日 11:44,颜色分类:白色 单鞋[收藏加购优先发货]尺码:36,个头矮，只能鞋子来垫，款式很不错，脚感也很舒服，尺码刚好，很喜欢
2019年08月20日 17:39,颜色分类:黑色 单鞋[收藏加购优先发货]尺码:39,以前总以为这种鞋穿在脚上会很不舒服，可是事实证明不是这样，这款鞋子不仅样式新颖，而且穿在脚上特舒服，又不磨脚。我超级喜欢
2019年07月22日 21:11,颜色分类:白色 单鞋[收藏加购优先发货]尺码:35,非常满意，上脚好看，是我想要的
2019年07月25日 12:32,颜色分类:收藏加购优先发货[收藏加购优先发货]尺码:35,鞋子收到了，质量非常好，款式跟图片一样没有色差，是我喜欢的款式，码子标准大小刚好合适，非常喜欢物美价廉值得购买！
2019年07月19日 08:55,颜色分类:白色 单鞋[收藏加购优先发货]尺码:35,小白鞋，透气，漂亮，穿上显高，对于我这160的小小个子来讲，太喜欢了
2019年07月13日 11:53,颜色分类:黑色 单鞋[收藏加购优先发货]尺码:37,给妈妈买的，回来试了试号码比较准，还挺合适的，小白鞋漂亮，好配衣服，质量也比较好
2019年07月17日 21:46,颜色分类:白色 单鞋[收藏加购优先发货]尺码:38,特别漂亮的一双鞋，很喜欢，也不磨脚，没有异味，鞋底也比较软，朋友看见了还问我要链接
2019年07月14日 12:02,颜色分类:白色 单鞋[收藏加购优先发货]尺码:36,小白鞋款式很漂亮，大小合适，穿着舒服，皮质很好，透气，增高效果很好，非常满意。
2019年07月19日 17:55,颜色分类:白色 单鞋[收藏加购优先发货]尺码:37,鞋子很漂亮😊是真皮材质，内增高的，穿着很舒服不累脚，很好搭配衣服😊
2019年07月21日 12:05,颜色分类:白色 单鞋[收藏加购优先发货]尺码:38,宝贝收到了，高度合适，鞋子大小刚刚好，鞋面质量柔软，下雨天也不怕湿脚了，试穿一下也不夹脚
2019年07月26日 08:05,颜色分类:白色 单鞋[收藏加购优先发货]尺码:36,鞋子颜色很正好看，穿起来也很舒服，下次推荐朋友也买！
2019年07月26日 21:29,颜色分类:黑色 单鞋[收藏加购优先发货]尺码:39,小白鞋收到了，透气性很好，鞋面鞋底都很软。穿起来脚感很好。款式好看。尺码也刚好，物流很快
2019年07月20日 19:30,颜色分类:白色 单鞋[收藏加购优先发货]尺码:35,小白鞋夏天配裙子真的好合适！而且这款增高鞋顿时就显得我腿长了哈哈哈哈哈哈哈
2019年07月25日 16:55,颜色分类:白色 单鞋[收藏加购优先发货]尺码:37,视觉感很好 直观高了5厘米不止 矮个子的福音
2019年07月25日 18:30,颜色分类:白色 单鞋[收藏加购优先发货]尺码:36,大小合适 舒适不磨脚
2019年07月27日 17:09,颜色分类:白色 单鞋[收藏加购优先发货]尺码:37,鞋底很软，码数也刚刚好，
2019年07月20日 22:00,颜色分类:白色 单鞋[收藏加购优先发货]尺码:36,穿着非常舒服不磨脚。。。样式也好看。。好评
2019年08月28日 14:56,颜色分类:黑色 单鞋[收藏加购优先发货]尺码:39,做工质量蛮好的，是不是真牛皮就不知道。
2019年07月27日 17:16,颜色分类:白色 单鞋[收藏加购优先发货]尺码:37,款式好看，做工精细，尺码标准，穿着很舒服
2019年07月21日 15:53,颜色分类:黑色 单鞋[收藏加购优先发货]尺码:37,鞋子穿起来很舒服，很好走路，透气性很好
2019年07月24日 09:14,颜色分类:白色 单鞋[收藏加购优先发货]尺码:35,质量很好，做工很好，很好看，值得购买，走路不累
2019年07月19日 10:32,颜色分类:白色 单鞋[收藏加购优先发货]尺码:38,鞋子穿上很舒服，显的脚小，好搭配衣服，喜欢😍😍😍
2019年07月26日 11:53,颜色分类:白色 单鞋[收藏加购优先发货]尺码:37,"脚感及舒适度非常满意 大小合脚,很喜欢。"
2019年08月22日 16:13,颜色分类:白色 单鞋[收藏加购优先发货]尺码:37,码子合适，质量可以，比较满意
2019年07月20日 10:48,颜色分类:白色 单鞋[收藏加购优先发货]尺码:35,好看，穿着不磨脚
2019年07月21日 09:00,颜色分类:黑色 单鞋[收藏加购优先发货]尺码:34,物美价廉 质量值得信任 非常好 服务态度也非常机不可失失不再来赶快下手抢购吧
2019年07月23日 09:07,颜色分类:黑色 单鞋[收藏加购优先发货]尺码:39,宝贝收到了，质量啥的都是很不错的，推荐给大家购买
2019年07月17日 16:22,颜色分类:黑色 单鞋[收藏加购优先发货]尺码:36,鞋子收到了，码数标准，挺合脚的，卖家发货快快递速度也很给力，隔天就到了。
2019年07月09日 09:35,颜色分类:白色 单鞋[收藏加购优先发货]尺码:39,款式漂亮，穿着舒服，挺好的
2019年07月19日 13:47,颜色分类:黑色 单鞋[收藏加购优先发货]尺码:37,大小合适，穿着显高
2019年07月26日 11:58,颜色分类:白色 单鞋[收藏加购优先发货]尺码:36,鞋子不错，穿上蛮舒服的，很喜欢！
2019年07月16日 06:32,颜色分类:白色 单鞋[收藏加购优先发货]尺码:36,鞋子包装的很好，休闲百搭，很经典的一款小白鞋，尺码正，穿起来挺舒服的!
2019年08月20日 12:02,颜色分类:白色 单鞋[收藏加购优先发货]尺码:37,这是我买的最中意的一双鞋子
2019年07月26日 13:57,颜色分类:黑色 单鞋[收藏加购优先发货]尺码:35,很好看，穿上也舒服
2019年07月24日 10:30,颜色分类:黑色 单鞋[收藏加购优先发货]尺码:38,卖家发货及时 内增高的小白鞋但是穿的一点不累 
2019年07月25日 11:37,颜色分类:白色 单鞋[收藏加购优先发货]尺码:37,穿着舒适，款式好看。
2019年09月02日 11:43,颜色分类:白色 单鞋尺码:38,圆通快递员态度极其的不好，物流也慢，希望发有素质的快递公司，圆通快递员素质低，没文化，
2019年08月21日 20:35,颜色分类:白色 单鞋[收藏加购优先发货]尺码:36,鞋子可以，还没穿。
2019年07月16日 21:02,颜色分类:白色 单鞋[收藏加购优先发货]尺码:34,风格：喜欢。很合脚！ 
2019年07月19日 21:04,颜色分类:白色 单鞋[收藏加购优先发货]尺码:38,鞋子收到了了，很满意，质量不错，值得购买😊😊😊
2019年07月13日 14:35,颜色分类:白色 单鞋[收藏加购优先发货]尺码:39,质量特别好，很喜欢，款式好看
2019年07月19日 19:14,颜色分类:白色 单鞋[收藏加购优先发货]尺码:37,第二双了，我价廉物美，非常好！
2019年07月25日 07:51,颜色分类:白色 单鞋[收藏加购优先发货]尺码:36,鞋子不错，质量非常不错，穿上很合脚！很舒服！店家服务态度非常不错，物流很快！
2019年05月27日 12:42,颜色分类:白色 单鞋[收藏加购优先发货]尺码:37,鞋头款式：好看好看好看好看好看 鞋面材质：舒服极了一点都不磨脚 鞋底材质：舒适极了，很好很好一点都不滑 风格：休闲，百搭小白鞋，太喜欢了 
2019年07月27日 14:52,颜色分类:白色 单鞋[收藏加购优先发货]尺码:36,物美价廉物流也快，很满意的一次购物，
2019年07月14日 08:36,颜色分类:白色 单鞋[收藏加购优先发货]尺码:36,不错，值得购买，今天拍第二双了
2019年07月26日 19:55,颜色分类:白色 单鞋[收藏加购优先发货]尺码:39,"鞋子收到了包装完好,鞋子很合脚,穿上舒服,做工细节都仔细,特别喜欢,穿着漂亮,舒适,质量也不错,皮质很软,穿着特别的舒服,一点儿也不累脚，质量款式都非常好非常喜欢。"
2019年07月16日 17:57,颜色分类:白色 单鞋[收藏加购优先发货]尺码:39,"鞋子收到了 包装完好,鞋子很合脚,穿上舒服,做工细节都仔 细,特别喜欢, 穿着漂亮,舒适, 质量也不错,皮质很软,穿着特别的舒服,一点 儿也不累脚，质量款式都非常好非常喜欢。  "
2019年07月18日 12:35,颜色分类:白色 单鞋[收藏加购优先发货]尺码:39,很好，很舒服
2019年07月18日 01:02,颜色分类:黑色 单鞋[收藏加购优先发货]尺码:37,质量很好，物流很快，非常满意
2019年06月03日 08:57,颜色分类:白色 单鞋[收藏加购优先发货]尺码:37,质量很好！穿上很舒服
2019年08月02日 05:47,颜色分类:白色 单鞋[收藏加购优先发货]尺码:39,朋友介绍买的，穿着舒适，款式好看，就是味道有点大，不知道是不是真皮。
2019年06月26日 13:57,颜色分类:白色 单鞋[收藏加购优先发货]尺码:39,漂亮舒适
2019年06月20日 16:21,颜色分类:白色 单鞋[收藏加购优先发货]尺码:35,姐妹买的 应该可以的
2019年05月11日 21:02,颜色分类:白色 单鞋[收藏加购优先发货]尺码:35,鞋子很秀气 皮质也是我喜欢的 很软 上脚很舒服 值得购买
2019年05月03日 14:34,颜色分类:白色 单鞋[收藏加购优先发货]尺码:36,宝贝收到了，穿着挺舒服，看着秀气大方，很喜欢很滿意
2019年04月21日 21:15,颜色分类:白色 单鞋尺码:34,宝贝今天收到，与我想象的一样，大小也合适，穿了再追加评论
2019年05月16日 21:31,颜色分类:白色 单鞋[收藏加购优先发货]尺码:37,宝贝收到，质量好，漂亮，上脚舒服，还会继续关注。
2019年05月17日 21:39,颜色分类:白色 单鞋[收藏加购优先发货]尺码:35,穿了几天来评价的，非常舒适，不累脚，而且很秀气，满意！
2019年05月10日 15:53,颜色分类:白色 单鞋[收藏加购优先发货]尺码:36,宝贝收到了，质量很好。穿着特别舒服，好喜欢！
2019年04月22日 02:49,颜色分类:白色 单鞋尺码:37,收到了拆开试穿了下，还可以。穿的蛮舒服好评！
2019年04月30日 12:53,颜色分类:黑色 单鞋尺码:39,这鞋的质量挺好。穿着很舒服。
2019年07月21日 22:06,颜色分类:白色 单鞋[收藏加购优先发货]尺码:39,收货了！今天穿了一下午去逛街，鞋子很软走一下午也没有脚疼！
2019年05月05日 12:51,颜色分类:白色 单鞋[收藏加购优先发货]尺码:35,秀气，很增高，不错
2019年07月24日 19:27,颜色分类:白色 单鞋[收藏加购优先发货]尺码:38,鞋子穿起来很舒服，就是白色比较不紧脏，
2019年05月15日 08:54,颜色分类:黑色 单鞋[收藏加购优先发货]尺码:36,鞋子轻而软，款式显脚小，穿着舒服，走路不累，喜欢😊
2019年04月18日 22:44,颜色分类:黑色 单鞋尺码:36,穿着舒服美观
2019年05月22日 12:42,颜色分类:白色 单鞋[收藏加购优先发货]尺码:37,鞋子不错，新鞋有点儿味道
2019年04月28日 12:05,颜色分类:白色 单鞋尺码:36,满意，不累脚，只是皮子有点薄
2019年05月12日 07:36,颜色分类:白色 单鞋[收藏加购优先发货]尺码:37,很漂亮的宝贝。
2019年05月15日 12:55,颜色分类:白色 单鞋[收藏加购优先发货]尺码:37,穿得很舒服
2019年07月15日 13:49,颜色分类:白色 单鞋[收藏加购优先发货]尺码:37,质量不错，客服热情，物流快。
2019年04月23日 14:20,颜色分类:白色 单鞋尺码:35,鞋子还不错，穿着还是比较舒服滴，就是白色有些难保养
2019年10月10日 07:58,颜色分类:白色 单鞋[收藏加购优先发货]尺码:39,鞋子质量不错，穿上脚很舒服，显得脚很秀气，好评
2019年10月09日 12:08,颜色分类:黑色 单鞋[收藏加购优先发货]尺码:36,质量不错奥 很满意 商家服务很好 非常愉快 生意越来越好啊
2019年10月09日 23:29,颜色分类:白色 单鞋[收藏加购优先发货]尺码:38,"质量不错,大小合适,穿着舒服,满意"
2019年10月09日 17:15,颜色分类:白色 单鞋[收藏加购优先发货]尺码:36,鞋子很不错哦，料子舒服，有内高跟，但也舒服。矮个子的福利啊
2019年10月09日 18:52,颜色分类:黑色 单鞋[收藏加购优先发货]尺码:38,鞋子质量很好，大小刚刚合适，很喜欢。
2019年10月10日 09:49,颜色分类:白色 单鞋[收藏加购优先发货]尺码:38,鞋子质量很不错，穿着显高，女朋友很喜欢。
2019年10月11日 22:57,颜色分类:黑色 单鞋[收藏加购优先发货]尺码:39,皮质很好，鞋底很软，穿着很舒服
2019年10月10日 23:35,颜色分类:白色 单鞋[收藏加购优先发货]尺码:39,百搭，好穿，舒服
2019年10月11日 23:19,颜色分类:白色 单鞋[收藏加购优先发货]尺码:36,显腿长 关键是拯救了我们这种矮子
2019年10月09日 17:31,颜色分类:白色 单鞋[收藏加购优先发货]尺码:38,穿着很舒服，显腿长，不硌脚
2019年10月09日 22:56,颜色分类:黑色 单鞋[收藏加购优先发货]尺码:37,还行，味道太重了些。
2019年10月12日 00:55,颜色分类:白色 单鞋[收藏加购优先发货]尺码:35,内增高的，穿着不累脚，挺好
2019年10月11日 19:46,颜色分类:黑色 单鞋[收藏加购优先发货]尺码:36,皮质很好，上脚舒服
2019年10月10日 19:52,颜色分类:白色 单鞋[收藏加购优先发货]尺码:37,穿着很舒服，百搭款
2019年10月11日 16:29,颜色分类:白色 单鞋[收藏加购优先发货]尺码:36,好穿，满意
2019年10月11日 11:21,颜色分类:白色 单鞋[收藏加购优先发货]尺码:37,鞋子收到了，很漂亮，显腿长。
2019年10月10日 05:01,颜色分类:白色 单鞋[收藏加购优先发货]尺码:37,刚穿应该可以
2019年07月08日 16:48,颜色分类:白色 单鞋[收藏加购优先发货]尺码:36,宝贝收到了，面料很好，穿上很舒服，样式好看，同事们都说好看。
2019年09月03日 12:51,颜色分类:白色 单鞋[收藏加购优先发货]尺码:37,鞋子收到了，款式很好看，穿着很舒服，质量非常好，尺码也没有偏差，非常满意。
2019年09月23日 19:53,颜色分类:白色 单鞋[收藏加购优先发货]尺码:38,物流很快.尺码标准.款式时尚.做工精细.脚感很好.值得购买。
2019年09月22日 11:31,颜色分类:白色 单鞋[收藏加购优先发货]尺码:38,货收到了，试穿了一下，鞋子不错。款式好看，做工精细， 性价比不错，码准穿着舒服！
2019年09月04日 23:43,颜色分类:白色 单鞋[收藏加购优先发货]尺码:38,真心没让人失望。一分钱一分货，其他的跟这个真的没法比，各个细节都做的非常好，与实物描述一致，质量很好，可以放心的买，还有就是物流很快
2019年09月22日 18:11,颜色分类:黑色 单鞋[收藏加购优先发货]尺码:38,鞋子收到了 皮质挺好的 款式也很洋气 百搭款 内增高穿起来也很舒服 满意
2019年07月25日 12:23,颜色分类:白色 单鞋[收藏加购优先发货]尺码:36,鞋子大小合适，质量很好，内增高的，穿着不累脚很舒服，走路也不磨脚，小白鞋百搭，特别喜欢！
2019年08月25日 20:56,颜色分类:黑色 单鞋[收藏加购优先发货]尺码:35,鞋子收到了，质量很好，做工精细，上脚特别舒服，码数挺正的，走了一会路一点都不累，还不错，很满意。
2019年09月12日 07:12,颜色分类:黑色 单鞋[收藏加购优先发货]尺码:39,宝贝终于收到了，打开看了  ，很满意，和预想的差不多，物流也很快，赞美一下。
2019年08月14日 08:21,颜色分类:黑色 单鞋[收藏加购优先发货]尺码:34,"质量非常好,真出乎我的意料,包装非常仔细,非常感谢,祝生意兴隆!"
2019年08月19日 21:52,颜色分类:白色 单鞋[收藏加购优先发货]尺码:38,小白鞋美美的，质量很好，不还累脚，显脚瘦，喜欢
2019年08月04日 20:11,颜色分类:黑色 单鞋[收藏加购优先发货]尺码:37,收到货了，特意过了几天才来评价，很满意，与想象的也一样，值得推荐，祝店家生意兴隆
2019年09月04日 12:32,颜色分类:白色 单鞋[收藏加购优先发货]尺码:37,鞋子收到 大小刚好，很漂亮，质量挺好的，穿出去美美哒，真心喜欢哦，喜欢的可以放心购买，好评。
2019年09月06日 23:31,颜色分类:白色 单鞋[收藏加购优先发货]尺码:36,鞋子质量很不错，样式也挺喜欢的，试穿了下很合适很舒服，鞋子嘛舒服最重要
2019年10月02日 08:11,颜色分类:黑色 单鞋[收藏加购优先发货]尺码:37,鞋子还不错，穿着很舒服，做工很精致，物流给力速度快，性价比很高，好评
2019年09月13日 19:52,颜色分类:白色 单鞋[收藏加购优先发货]尺码:36,"收到就立即打开检查测试安装了,包装坚固完整,保护的很周到.商品做工细致,颜色真实没有色差,用起来得心应手,非常值得推荐"
2019年09月12日 07:01,颜色分类:黑色 单鞋[收藏加购优先发货]尺码:37,鞋子很喜欢，配色好看，简约大方，上脚穿舒服，鞋底挺软的，不磨脚，其他做工方面都挺不错的，满意
2019年09月18日 15:26,颜色分类:白色 单鞋[收藏加购优先发货]尺码:38,店家发货速度很快，鞋子质量很好，尺码标准穿着合脚舒适，是小个子的福音，穿上走路很稳也增高了很多！
2019年10月02日 08:57,颜色分类:白色 单鞋[收藏加购优先发货]尺码:38,鞋子收到了  质量 做工特别好  鞋子是纯皮的  上脚特别舒服  内增高设计一点不累
2019年09月15日 21:54,颜色分类:白色 单鞋[收藏加购优先发货]尺码:39,鞋子很给力！很舒服满意的一次购物体验！会回购物流快服务好！赞
2019年08月19日 22:30,颜色分类:白色 单鞋[收藏加购优先发货]尺码:35,鞋头款式：鞋子收到了，款式好看，很喜欢，鞋的质量不错，穿着很舒适，增高效果好，显瘦，性价比高，值得购买哦 
2019年10月01日 14:03,颜色分类:白色 单鞋[收藏加购优先发货]尺码:38,宝贝收到了，卖家发货速度很快，大小合适，穿着特别的舒服，高度刚好，喜欢这个样式的，价格也不贵，
2019年09月23日 07:10,颜色分类:白色 单鞋[收藏加购优先发货]尺码:38,很满意的一次购物。这件商品无论是质量、材质还是款式，都是本人所中意的，给各位爱淘宝的朋友一个购物参考，这个产品是非常值得购买的！祝店家生意兴隆。
2019年09月05日 17:21,颜色分类:黑色 单鞋[收藏加购优先发货]尺码:38,绝对的好评啊，首先，物流真的超快，其次，收到货的那一刻，打开精美的包装盒，呈现在眼前的只能用惊喜二字来形容，谢谢卖家
2019年09月07日 21:56,颜色分类:白色 单鞋[收藏加购优先发货]尺码:37,质量很不错，卖家发货速度很快。客服态度很好很有耐心解答，五星好评
2019年09月15日 10:21,颜色分类:白色 单鞋[收藏加购优先发货]尺码:36,很快就收到了，没有异味，质量很好的，很喜欢哟，会回购的，好评
2019年08月12日 18:14,颜色分类:黑色 单鞋[收藏加购优先发货]尺码:36,很好看很舒服 我觉得还是十分划算了开心开心质量很好，好评！淘宝好评很喜欢，喜欢的不要犹豫啦物超所值还可以，外观做工很好。
2019年07月16日 15:32,颜色分类:白色 单鞋[收藏加购优先发货]尺码:37,鞋子收到了，很喜欢，大小也刚刚好。快递很给力。
2019年09月04日 16:16,颜色分类:黑色 单鞋[收藏加购优先发货]尺码:39,鞋子收到了，质量很好，版型很正，款式很好看，卖家发货很快，物流很快，还会再来的
2019年07月21日 10:52,颜色分类:白色 单鞋[收藏加购优先发货]尺码:38,鞋子质量好，物流快，设计好看，上脚轻松，走路不累，非常喜欢
2019年09月03日 10:41,颜色分类:黑色 单鞋[收藏加购优先发货]尺码:37,很喜欢，穿上很合适，发货也很快，质量很好
2019年07月17日 00:25,颜色分类:白色 单鞋[收藏加购优先发货]尺码:38,&nbsp;质量很好，希望更多的朋友信赖．店主态度特好，我会再次光顾的．可不可以再便宜点．我带朋友来你家买。
2019年10月06日 15:02,颜色分类:白色 单鞋[收藏加购优先发货]尺码:37,发货速度很快，质量不错，包装完好，尺码标准，没有色差，没有异味，物美价廉，值得购买
2019年08月08日 18:13,颜色分类:白色 单鞋[收藏加购优先发货]尺码:37,物流很快.尺码标准.款式时尚.做工精细.面料舒服.值得购买。
2019年09月19日 21:40,颜色分类:黑色 单鞋[收藏加购优先发货]尺码:34,卖家服务态度很好，，物流速度也很快，鞋子特别好
2019年07月30日 17:04,颜色分类:黑色 单鞋[收藏加购优先发货]尺码:37,质量非常好，尺码标准，特别合适，穿着也很舒服，材质好，还会再来的，非常的喜欢，已经推荐给朋友了
2019年09月21日 00:26,颜色分类:黑色 单鞋[收藏加购优先发货]尺码:37,宝贝很棒，质量很好，很满意，卖家很耐心，有机会还会再来，祝一切顺利
2019年10月04日 08:10,颜色分类:白色 单鞋[收藏加购优先发货]尺码:37,鞋子很百搭，穿了显高，内增高的穿着走路也很舒服，不错，质量挺好的，值得购买
2019年07月24日 12:13,颜色分类:黑色 单鞋[收藏加购优先发货]尺码:37,鞋子收到了。是纯皮的而且皮质量非常的好，尺码标准穿着很舒服。价格还不贵很满意
2019年09月20日 11:10,颜色分类:黑色 加绒[收藏加购优先发货]尺码:37,鞋子收到了，和图片一样，很好看，质量也好，穿着很舒服，而且，显脚瘦，个子也高了，😄哈哈，卖家服务态度很好，物流也很快，很满意^_^^_^^_^
2019年10月01日 10:37,颜色分类:白色 加绒[收藏加购优先发货]尺码:38,等了好久，终于盼到小白鞋到货了，码数标准哦，走路也不累脚，好评(o^^o)
2019年08月29日 23:58,颜色分类:白色 单鞋[收藏加购优先发货]尺码:37,鞋子收到了，百搭款，还显高，喜欢。快递给力。
2019年09月02日 06:25,颜色分类:黑色 单鞋[收藏加购优先发货]尺码:34,鞋头款式：款式不错 鞋面材质：材质舒服好清洗 鞋底材质：鞋底软不嗝脚 风格：是我喜欢的风格和卖家描述的一样很喜欢 
2019年09月20日 20:10,颜色分类:白色 单鞋[收藏加购优先发货]尺码:39,质量非常好，穿着舒服，尺码标准，跟卖家描述一样，卖家发货快，好评
2019年09月28日 12:04,颜色分类:白色 单鞋[收藏加购优先发货]尺码:37,鞋子收到了，物流挺快的，已经试穿了，大小合适，鞋底挺软的上脚很舒服，做工不错挺精细的，价格比实体店划算会回购！
2019年08月02日 09:07,颜色分类:黑色 单鞋[收藏加购优先发货]尺码:38,货收到了，试穿了一下，鞋子不错。款式好看，做工精细， 性价比不错，码准穿着舒服！
2019年09月10日 12:13,颜色分类:白色 加绒[收藏加购优先发货]尺码:38,产品总体不错，包装严实。店家也很好。发货很快。毕竟便宜好货更实在。希望店家多多优惠，祝生意兴隆。
2019年09月21日 12:18,颜色分类:白色 单鞋[收藏加购优先发货]尺码:37,鞋子的质量还不错，客服态度很有耐心，码数穿起来刚好合适，穿起来很舒服，价格实惠，发货速度快
2019年08月12日 20:33,颜色分类:白色 单鞋[收藏加购优先发货]尺码:35,新款时尚百搭，尺码穿上刚刚好，做工精致线缝整齐均匀，性价比超高，这个价格在实体店绝对买不到的
2019年10月04日 15:44,颜色分类:白色 单鞋[收藏加购优先发货]尺码:36,内增高的，确实高了不少，穿上很舒服不累脚。
2019年09月11日 10:41,颜色分类:白色 单鞋[收藏加购优先发货]尺码:38,满意，比我想象中的还要好，买值了，这家店的质量真的好是zhen品，已经收藏了这家店铺，下次想买在来这家买[微笑]
2019年10月05日 10:33,颜色分类:白色 单鞋[收藏加购优先发货]尺码:36,买来给婆婆的 婆婆说上脚很舒服 她非常喜欢 白色百搭特别满意
2019年09月23日 14:46,颜色分类:白色 单鞋[收藏加购优先发货]尺码:36,店家发货速度很快，包装很好，收到没有一点破损，质量也是杠杠的。
2019年09月25日 12:55,颜色分类:黑色 单鞋[收藏加购优先发货]尺码:35,可以，鞋码标准
2019年09月23日 11:04,颜色分类:黑色 单鞋[收藏加购优先发货]尺码:37,穿了好几天买的鞋子不错。这次抱着试试看的心里买的，也是看了贼多评论挺好的才买的，买回来没让我失望，鞋面是可以松紧的，胖脚也能穿，穿着不嘞。鞋底子是中厚的，也拉高一点身材，穿起来不累，总之是满意的。评论的时特意穿了几天，确实不累 ，看朋友多买了 ，推荐我的，果然没有让我失望，很好哦。
2019年08月30日 10:45,颜色分类:白色 单鞋[收藏加购优先发货]尺码:36,宝贝收到了，物流十分快，快递小哥太给力。鞋子很好，我很喜欢。款式的话，也是让我十分满意。
2019年10月07日 21:29,颜色分类:黑色 单鞋[收藏加购优先发货]尺码:38,鞋子是正品，穿着舒服好看，也很百搭，质量很好，美哒哒的。
2019年08月11日 01:26,颜色分类:白色 单鞋[收藏加购优先发货]尺码:37,鞋子收到了，质量很好，鞋头是尖的，鞋面是真皮的，内增高的穿上一点不累脚，穿了一天也不磨脚，很舒服，白的的我很喜欢，大家可以放心购买
2019年09月24日 13:22,颜色分类:黑色 单鞋[收藏加购优先发货]尺码:38,鞋子款式很好，鞋面材质很好，上脚舒适轻便，很满意
2019年08月20日 08:36,颜色分类:黑色 单鞋[收藏加购优先发货]尺码:37,"开始我原以为质量是一般般的,想不到拿到手上后的感觉就是不一样,当初的凝虑没有了,真是太开心了!在这店里购物就是一种享受,很值得购买....哈哈！又一次淘到好东西了...好评,绝对的好评!下次再来，介绍倾情的同事朋友来购买,希望老板能便宜一点。"
2019年09月30日 22:50,颜色分类:白色 加绒[收藏加购优先发货]尺码:35,质量非常好，性价比很高，穿着也很舒适，不怎么能看得出来是增高的，走一下午也不觉得累，不磨脚，推荐购买！
2019年10月03日 20:07,颜色分类:黑色 单鞋[收藏加购优先发货]尺码:37,收到了，质量很好，很喜欢，价格也不贵，物美价廉，有需要还会来的
2019年10月03日 00:26,颜色分类:黑色 单鞋[收藏加购优先发货]尺码:36,鞋子质量超级好，面料柔软，做工精细，穿上美美哒特别舒服，有需要还会回购的
2019年09月24日 07:48,颜色分类:白色 单鞋[收藏加购优先发货]尺码:37,鞋子质量很好，做工精细，款式颜色都很喜欢，非常满意，赞
2019年10月01日 12:46,颜色分类:黑色 单鞋[收藏加购优先发货]尺码:35,带内增高，大小正合适，担心磨脚，穿了几天还是挺舒服的
2019年08月25日 21:26,颜色分类:白色 单鞋[收藏加购优先发货]尺码:38,穿上去很舒服，很贴肤，质量不错，值得推荐
2019年09月29日 14:20,颜色分类:白色 单鞋[收藏加购优先发货]尺码:37,鞋子质量挺好的，做工精细款式漂亮，穿着很舒适，满意。
2019年08月31日 09:24,颜色分类:白色 单鞋[收藏加购优先发货]尺码:36,鞋子舒服，鞋底很好。走路一天也没有感觉很累，赞赞赞！
2019年09月29日 20:07,颜色分类:白色 加绒[收藏加购优先发货]尺码:37,鞋子收到了，物流很快，很喜欢穿着很舒服，不割脚，价格实惠，质量不错，性价比高，值得购买
2019年07月24日 20:37,颜色分类:白色 单鞋[收藏加购优先发货]尺码:38,鞋头圆头设计穿着不夹脚，白色百搭，款式简单大方，鞋面皮质很好打理，穿着很显脚小显高，柔软舒适不累脚很喜欢哦！
2019年08月30日 23:10,颜色分类:白色 单鞋[收藏加购优先发货]尺码:38,收到了，真是太满意了，鞋子大小合适穿上很舒服不会累脚，真是太满意了，客服服务态度非常满意，物流发货很快必须好评
2019年09月30日 10:43,颜色分类:白色 单鞋[收藏加购优先发货]尺码:35,鞋子收到啦，颜色和图片一样，款式好看，质量不错，穿上很舒服，很时尚！
2019年09月24日 21:27,颜色分类:黑色 单鞋[收藏加购优先发货]尺码:38,东西收到了很喜欢，质量不错，挑选了好几家店锁定的这家，省去了逛街的时间，网上同样买到称心如意的好产品，满分好评！
2019年09月21日 09:40,颜色分类:黑色 单鞋[收藏加购优先发货]尺码:37,质量非常好，尺码标准，特别合适，穿着也很舒服，材质好，还会再来的，非常的喜欢，已经推荐给朋友了
2019年09月12日 18:32,颜色分类:白色 单鞋[收藏加购优先发货]尺码:34,自从第一眼看到你，欣喜便跃然而生，把你捧于掌心，如获至宝，打开你，你精美如至尚珍品，线条之雅美，工艺之精湛，细心而用心，精心而诚心&hellip;&hellip; 
2019年09月10日 14:45,颜色分类:白色 单鞋[收藏加购优先发货]尺码:35,和卖家描述的一样，质量很好，价格便宜，很满意的一次购物！
2019年04月17日 13:54,颜色分类:白色 单鞋尺码:35,实物与描述一致，物美价廉，很漂亮，质量也不错！！客服萌萌哒！！！！客服萌萌哒！！！！客服萌萌哒！！！！萌萌哒！！！！&nbsp;客服萌萌哒！！！！客服萌萌哒！！！！
2019年09月12日 17:38,颜色分类:白色 单鞋[收藏加购优先发货]尺码:36,白色单鞋到货了，穿上很舒服，走路不打脚，还有内增高的，非常喜欢
2019年07月29日 12:51,颜色分类:白色 单鞋[收藏加购优先发货]尺码:37,帮妈妈挑的  很喜欢喜欢啊啊  小个子的福音(ಡ&omega;ಡ)hiahiahia
2019年08月04日 12:16,颜色分类:白色 单鞋[收藏加购优先发货]尺码:38,鞋子收到了，款式漂亮，质量好，码数标准，喜欢。
2019年07月31日 22:33,颜色分类:收藏加购优先发货[收藏加购优先发货]尺码:37,百搭款，好看
2019年08月01日 08:53,颜色分类:黑色 单鞋[收藏加购优先发货]尺码:34,哇哇哇，超级满意的购物体验。 卖家服务超级好，有问必答。 发货速度快，包装也挺好的。 稀饭稀饭，喜欢喜欢。 
2019年08月10日 11:28,颜色分类:白色 单鞋[收藏加购优先发货]尺码:36,此用户没有填写评价。
2019年09月21日 07:34,颜色分类:白色 单鞋[收藏加购优先发货]尺码:39,东西非常的不错，快递发货速度也很快包装的也很满意，下次还会选择这里。
2019年08月06日 17:52,颜色分类:白色 单鞋[收藏加购优先发货]尺码:37,宝贝收到后迫不及待的打开了，实物真心不错，试穿了一下，挺舒服的。从不爱评价的我也抽个时间来评价一下，因为值得，店家服务态度也很好，非常满意的一次购物，有需要的值得推荐。
2019年07月14日 14:45,颜色分类:白色 单鞋[收藏加购优先发货]尺码:36,卖家服务态度好，发货速度快，很快就收到啦，非常满意呢。鞋子款式漂亮，材质也不错，穿着蛮舒服的啦。最重要的是满足了小个子的需求，哈哈，推荐给大家~
2019年09月16日 09:46,颜色分类:白色 单鞋[收藏加购优先发货]尺码:36,宝贝很不错，物超所值，物流也非常的快，卖家很耐心，总之是非常满意的一次购物
2019年09月01日 10:43,颜色分类:白色 单鞋[收藏加购优先发货]尺码:37,鞋头款式：发货速度非常快，包装非常仔细、严实，物流公司服务态度很好，运送速度很快，很满意的一次购物 
2019年08月08日 16:46,颜色分类:白色 单鞋[收藏加购优先发货]尺码:38,收到了，尺码合适，已经试了，穿的舒服，走路不累。款式好看，喜欢。
2019年08月12日 14:07,颜色分类:白色 单鞋[收藏加购优先发货]尺码:39,宝贝收到，物流非常给力，客服态度非常好，很满意的一次购物，有需要还会来你家的！也会推荐亲戚，朋友来你家哦！
2019年08月14日 16:06,颜色分类:白色 单鞋[收藏加购优先发货]尺码:38,服务态度很好，质量不错，物流很给力，价格实惠，是我喜欢的风格，掌柜热情讲解，下次有需要再来光顾，也会推荐给身边的好朋友。
2019年08月01日 22:37,颜色分类:黑色 单鞋[收藏加购优先发货]尺码:38,"质量非常好，与卖家描述的完全一致，非常满意,完全超出期望值，发货速度非常快，包装非常仔细、严实，物流公司服务态度很好，运送速度很快，很满意的一次购物"
2019年09月19日 18:34,颜色分类:黑色 单鞋[收藏加购优先发货]尺码:34,哇哇哇，超级满意的购物体验。 卖家服务超级好，有问必答。 发货速度快，包装也挺好的。 稀饭稀饭，喜欢喜欢。 
2019年10月01日 17:00,颜色分类:黑色 加绒[收藏加购优先发货]尺码:36,"鞋头款式：质量非常好，与卖家描述的完全一致，非常满意,真的很喜欢，完全超出期望值，发货速度非常快，包装非常仔细、严实，物流公司服务态度很好，运送速度很快，很满意的一次购物 "
2019年09月30日 12:48,颜色分类:白色 单鞋[收藏加购优先发货]尺码:36,东西收到了，很不错呦。鞋子已经收到了很不错，鞋子样式很简单，很百搭。颜色就是白色的，穿什么都可以搭配。这个鞋子质量还不错，穿着还是很舒服的，价格还便宜，整体很不错，还是很值得购买的。东西收到了，很不错呦。鞋子已经收到了很不错，鞋子样式很简单，很百搭。颜色就是白色的，穿什么都可以搭配。这个鞋子质量还不错，穿着还是很舒服的，价格还便宜，整体很不错，还是很值得购买的。东西收到了，很不错呦。鞋子已经收到了很不错，鞋子样式很简单，很百搭。颜色就是白色的，穿什么都可以搭配。这个鞋子质量还不错，穿着还是很舒服的，价格还便宜，整体很不错，还是很值得购买的。
2019年10月06日 19:58,颜色分类:白色 单鞋[收藏加购优先发货]尺码:38,此用户没有填写评价。
2019年07月19日 12:56,颜色分类:白色 单鞋[收藏加购优先发货]尺码:37,鞋收到了 收到的实物和图片牌子不一样 外表一样 还没穿 不知质量咋样 现在不是穿这鞋的季节 和客服联系 让我退货 因为在别家因为质量问题退过一次货了 嫌麻烦 不想再折腾了 是好是坏认了 至于投诉还在考虑 如果鞋的质量好又怕冤枉了卖家 不投诉又怕自己上吃哑巴亏 纠结
2019年09月03日 19:24,颜色分类:白色 单鞋[收藏加购优先发货]尺码:36,此用户没有填写评价。
2019年08月18日 14:08,颜色分类:白色 单鞋[收藏加购优先发货]尺码:38,说实在，这是我淘宝购物来让我最满意的一次购物。无论是掌柜的态度还是对物品，我都非常满意的。掌柜态度很专业热情，我问了不少问题，他都不觉得烦，都会认真回答我。再说宝贝，正是我需要的，收到的时候包装完整，打开后让我惊喜，不得不竖起大拇指。下次需要的时候我还会再来的！
2019年09月02日 01:33,颜色分类:白色 加绒[收藏加购优先发货]尺码:36,质量非常好，与卖家描述的非常，非常满意，真的很喜欢，完全超出期望值，发货速度非常快，包装非常仔细，严实，物流公司态度非常好，运送速度快，非常满意的一次购物。
2019年10月08日 19:52,颜色分类:收藏加购优先发货[收藏加购优先发货]尺码:37,鞋子很漂亮也舒服，而且还能增加个子。正常尺码。很满意的一次购物。下次还会再来的！
2019年10月08日 09:22,,"评价方未及时做出评价,系统默认好评!"
2019年10月08日 19:28,颜色分类:白色 加绒[收藏加购优先发货]尺码:37,质量不错，做工无可挑剔，上脚特别舒服，走路带风！
2019年10月08日 09:27,颜色分类:白色 单鞋[收藏加购优先发货]尺码:38,特别漂亮的小白鞋。很漂亮。
2019年10月08日 03:17,颜色分类:白色 单鞋[收藏加购优先发货]尺码:36,鞋子不错，闲的腿长，没办法，个子小，只有鞋子来凑，穿上脚很舒服，一点也不累人，主要白色款式好搭配衣服，挺喜欢的，值得拥有
2019年10月08日 08:33,颜色分类:黑色 单鞋[收藏加购优先发货]尺码:33订做,此用户没有填写评价。
2019年10月08日 16:40,颜色分类:黑色 单鞋[收藏加购优先发货]尺码:35,尺码很合适，款式也简约漂亮，穿着也合适，性价比也高，是一次愉快的购物
2019年10月08日 19:41,,"评价方未及时做出评价,系统默认好评!"
2019年10月08日 09:41,颜色分类:黑色 单鞋[收藏加购优先发货]尺码:37,鞋子味道大
2019年10月08日 06:29,颜色分类:黑色 单鞋[收藏加购优先发货]尺码:38,小鞋，百搭，正适合这个时候穿，鞋底不累脚，还有增高的效果哦。鞋子简直太舒服了。发货速度，赞一个
2019年10月08日 22:01,,"评价方未及时做出评价,系统默认好评!"
2019年10月08日 15:50,,"评价方未及时做出评价,系统默认好评!"
2019年10月08日 20:51,,"评价方未及时做出评价,系统默认好评!"
2019年10月08日 01:01,颜色分类:黑色 加绒[收藏加购优先发货]尺码:35,鞋子收到了  简单大气的是我喜欢的   鞋子穿上舒服不磨脚    显高 穿上显得很有气质   好搭裤子  很满意
2019年10月08日 11:42,,"评价方未及时做出评价,系统默认好评!"
2019年10月08日 21:23,颜色分类:白色 单鞋[收藏加购优先发货]尺码:37,鞋子收到了，包装很好的，鞋子是真皮材质的，质量很好，做工精细，内增高的，穿起来很舒服的，很喜欢的，满意
2019年10月08日 20:48,颜色分类:白色 单鞋[收藏加购优先发货]尺码:37,鞋子穿了几天，超级舒服，这个季节穿很适合，不会闷，物流很快，卖家服务态度也很好，很开心的一次购物，很满意。
2019年10月08日 15:39,颜色分类:白色 单鞋[收藏加购优先发货]尺码:38,鞋子是纯皮的哦，尺码正常，穿着挺舒服的，有点坡跟，给妹妹买的，穿上显得腿长，值得推荐哦
2019年10月09日 00:50,,"评价方未及时做出评价,系统默认好评!"
2019年10月09日 00:50,,"评价方未及时做出评价,系统默认好评!"
2019年10月09日 00:50,,"评价方未及时做出评价,系统默认好评!"
2019年10月09日 00:51,,"评价方未及时做出评价,系统默认好评!"
2019年10月09日 10:42,,"评价方未及时做出评价,系统默认好评!"
2019年10月10日 21:31,,"评价方未及时做出评价,系统默认好评!"
2019年10月10日 21:31,,"评价方未及时做出评价,系统默认好评!"
2019年10月10日 21:31,,"评价方未及时做出评价,系统默认好评!"
2019年10月10日 21:50,,"评价方未及时做出评价,系统默认好评!"
2019年10月10日 22:50,,"评价方未及时做出评价,系统默认好评!"
2019年10月10日 23:02,,"评价方未及时做出评价,系统默认好评!"
2019年10月10日 07:00,,"评价方未及时做出评价,系统默认好评!"
2019年10月11日 00:51,,"评价方未及时做出评价,系统默认好评!"
2019年10月11日 14:07,颜色分类:白色 单鞋[收藏加购优先发货]尺码:35,此用户没有填写评价。
2019年10月11日 15:42,,"评价方未及时做出评价,系统默认好评!"
2019年10月11日 18:00,,"评价方未及时做出评价,系统默认好评!"
2019年10月11日 20:42,,"评价方未及时做出评价,系统默认好评!"
2019年10月11日 20:50,,"评价方未及时做出评价,系统默认好评!"
2019年10月11日 20:50,,"评价方未及时做出评价,系统默认好评!"
2019年10月11日 20:51,,"评价方未及时做出评价,系统默认好评!"
2019年10月11日 20:51,,"评价方未及时做出评价,系统默认好评!"
2019年10月11日 20:51,,"评价方未及时做出评价,系统默认好评!"
2019年10月11日 21:00,,"评价方未及时做出评价,系统默认好评!"
2019年10月11日 22:02,,"评价方未及时做出评价,系统默认好评!"
