2019年10月04日 14:38,颜色:黑色尺码:S,超好看的、质量也很好、以后会多关注你家店铺的
2019年09月21日 14:11,颜色:白色尺码:XL,面料品质：大品牌就是舒服， 厚薄度：很舒服 尺码推荐：xl 上身效果：太赞了，穿上就有感觉 材质特性：棉，穿着就是舒服， 
2019年10月05日 07:38,颜色:白色尺码:S,衣服已经收到了，包装得很好，上档次，面料很柔软，尺码也很合适，这个价钱能买的真的很开心。
2019年09月28日 18:10,颜色:黑色尺码:M,很好的衣服，厚度適中適合秋天穿著！ 上身效果：很合身 面料品质：良好 尺码推荐：標準 
2019年09月27日 11:44,颜色:黑色尺码:L,衣服面料舒适，穿上显身材非常时尚，不缩水不掉色，标准尺码
2019年09月22日 09:55,颜色:白色尺码:XL,T恤收到了，面料质量很好，上身很舒服，做工也很好，一分价钱一分货，卖家服务也很好哦，不错，会再来的
2019年09月21日 15:18,颜色:白色尺码:L,面料品质：柔软舒适，质量上等 厚薄度：夏季穿很凉快，透气 尺码推荐：大小合适，标准码 上身效果：时尚修身，休闲百搭非常满意，是正品 
2019年09月28日 11:17,颜色:白色尺码:M,特意穿了之后才评价，衣服尺寸刚刚好，料子也很不错，穿上身上很舒服，开心的一次购物！
2019年09月25日 19:58,颜色:白色尺码:M,面料品质： 面料很舒服，手感很柔软。 厚薄度： 厚薄刚刚好，适合夏天穿。 尺码推荐：码数算比较标准。 上身效果：上身效果还是不错的， 材质特性：面料很舒服，比我想象中的要好多了。 
2019年09月26日 20:42,颜色:白色尺码:S,衣服收到了 很正 试穿了一下 版型布料都非常好 太漂亮了
2019年09月28日 08:05,颜色:白色尺码:L,衣服质量不错，穿着很舒适，感觉也很有活力！喜欢！
2019年09月28日 10:31,颜色:白色尺码:M,衣服质量很好，面料柔软舒适，客服推荐的码数刚刚好，喜欢的可以购买了
2019年09月21日 16:45,颜色:白色尺码:M,衣服收到了质量很好，是纯棉的上身亲肤感特别柔软，版型大小刚好合适，值得购买
2019年09月22日 13:16,颜色:白色尺码:M,衣服布料很好，舒适透气，做工精细，大小合适，穿上舒适好看。
2019年09月29日 07:23,颜色:白色尺码:L,短袖面料很好，穿起来很舒适
2019年09月26日 00:27,颜色:黑色尺码:XL,纯棉的，很可爱，布料很柔软，没有褪色，穿着舒服
2019年09月25日 06:56,颜色:白色尺码:L,面料很舒服薄厚适度，现在穿刚刚好。同事买的黑色，我更喜欢白色百搭
2019年09月20日 13:18,颜色:黑色尺码:S,质量不错面料很舒服，厚薄度适中透气性也很好，款式很好看是我喜欢的，还会回购。
2019年09月23日 10:47,颜色:白色尺码:M,面料很透气，穿起来很舒服，而且又时尚百搭。给卖家一个赞，非常满意。
2019年09月24日 06:50,颜色:白色尺码:S,面料很好  厚薄也挺合适   尺码推荐：尺码挺标准   很好 上身效果：穿着挺潮  效果很好 
2019年09月20日 15:42,颜色:白色尺码:L,面料品质都很棒，穿着很舒服很柔软，是纯棉的，特别的舒服，
2019年09月24日 15:07,颜色:白色尺码:L,超级nice，大小合适不说，质量也非常好，面料触感都不错，这件t是这个夏天最满意的了
2019年09月20日 20:49,颜色:白色尺码:XL,衣服己收到料子不错尺码标准厚度正合适，穿着感觉很舒服，女儿很喜欢值得购买
2019年09月26日 23:33,颜色:白色尺码:S,t恤收到了，正品，面料柔软舒服，图案也很精致个性，码数标准，穿起来很合身，满意
2019年09月23日 06:58,颜色:白色尺码:S,衣服收到了，穿着很舒服，质量很好，大小合适。唤醒超级个性潮流。
2019年09月24日 19:10,颜色:白色尺码:M,衣服收到了，面料不错，穿着舒适透气。款式也很时尚百搭。
2019年09月28日 23:13,颜色:白色尺码:M,纯棉布料，很舒服。很可爱的T恤。
2019年09月26日 07:47,颜色:白色尺码:L,衣服收到了，是纯棉的面料柔软，质量很好，尺码标准，上身效果很好看，喜欢非常满意的一次购买！
2019年09月22日 06:34,颜色:黑色尺码:M,面料很柔软，穿着很舒服，上身效果不错，很潮，明星同款，大爱，好评
2019年09月22日 07:41,颜色:黑色尺码:XL,衣服收到了，试穿了很好看上身效果非常棒 最主要的是显瘦质量好料子舒服，下水洗了不掉色无色差
2019年09月26日 09:56,颜色:白色尺码:XL,是正品衣服，很喜欢这个品牌，衣服质量很好，图片很可爱，穿着舒服，吸汗
2019年09月21日 10:52,颜色:白色尺码:S,种草晚了，这个时候才入，看到实物一点也不失望，正品，应该是全网最低价的正品吧，哈哈，感谢卖家的服务，才能买到这么实惠的T恤！喜欢
2019年09月27日 09:02,颜色:白色尺码:XL,衣服面料品质很好，尺码刚好，薄厚度合适，穿着很舒服！
2019年09月24日 08:49,颜色:白色尺码:M,白色体恤已收到质量很好，是正品，很图片上的一样，料子摸起来很舒服，尺码很合适
2019年09月25日 04:21,颜色:白色尺码:XL,衣服质量很好，面料柔软，穿着很舒服，上身效果特别好，卖家发货速度特别快，非常满意
2019年09月26日 23:13,颜色:白色尺码:S,衣服收到了，面料柔软舒适，是全棉的，穿着很合身，悟空图案清晰，很好看，休闲版型穿着很舒服，喜欢。
2019年09月26日 22:45,颜色:白色尺码:M,宝贝收到了，物流特别给力，很不错的一件t恤，质量很好，是纯棉的，布料很柔软，图案又好看，码数很标准，穿上特别舒服又显瘦，我很喜欢，好评。
2019年09月23日 19:48,颜色:白色尺码:M,衣服面料柔软舒服，款式简单大，尺码不标准，大小合适，上身效果很棒，也很百搭
2019年09月21日 14:36,颜色:白色尺码:M,宝贝收到了，质量很好，尺码合适，纯棉面料，穿着特别舒服，喜欢，还会回购的
2019年09月23日 13:07,颜色:白色尺码:M,衣服收到了，面料很好很凉快，尺码很标准，上身效果超赞
2019年09月22日 08:23,颜色:白色尺码:M,面料非常舒服，薄厚度刚刚好，尺码也很标准，上身效果特别不错的，很是喜欢
2019年09月24日 09:17,颜色:白色尺码:XL,宝贝已收到，迫不及待的试了下，不大不小刚刚好，质量好的也没话说，款式也很时尚，非常喜欢这次的购物，下次一定还来你家。
2019年09月23日 22:22,颜色:白色尺码:XL,衣服布料柔软舒适，做工精细，尺码标准，价格实惠，推荐购买
2019年09月24日 19:35,颜色:白色尺码:S,很棒啊，料子很好，然后印花也很清晰好看，质感很好
2019年09月26日 21:32,颜色:白色尺码:L,大品牌就是不一样，穿上很舒服，透气舒适，做工也很好
2019年09月25日 17:16,颜色:白色尺码:S,衣服收到了，这个颜值比较高，是正品的，穿上很帅，穿起来很舒服，物美价廉值得拥有！
2019年09月26日 14:46,颜色:黑色尺码:XL,体恤款式新颖时尚，图案好看，清晰，质量杆杠的，不掉色不起球满意
2019年09月20日 19:08,颜色:黑色尺码:L,收到褂子了   质量超级好   尺码大小合身   上身效果超级帅气   喜欢推荐购买
2019年09月23日 10:50,颜色:黑色尺码:L,面料很好，穿着舒适，尺码标准，上身效果很好，百搭时尚，好评
2019年09月22日 14:53,颜色:黑色尺码:M,T恤穿上很合身，款式时尚穿着舒服，做工精细面料柔软，推荐大家
2019年09月27日 10:14,颜色:白色尺码:L,衣服上身效果非常好，面料不错，做工精细，穿着特别舒服，很满意。
2019年09月22日 23:12,颜色:白色尺码:L,是正品，面料柔软舒适，尺码也合适，上身效果非常好，犹豫不决的可以赶快下单吧！
2019年09月20日 03:22,颜色:白色尺码:XL,很满意 图案很喜欢 价格也实惠 穿着很实惠 
2019年09月22日 18:08,颜色:白色尺码:S,衣服收到了，质量很好大小合适穿上很满意
2019年09月20日 18:28,颜色:白色尺码:M,衣服面料舒适，上身效果特别好，儿子超级喜欢，还要回购一件
2019年09月22日 09:35,颜色:白色尺码:XL,衣服纯棉面料柔软舒服，尺码标准，上身效果不错，是正品。
2019年09月26日 13:11,颜色:白色尺码:S,衣服收到了，上身很漂亮，很可爱，面料软软的很舒服，大小很合适，是正品
2019年09月21日 18:39,颜色:白色尺码:XL,衣服收到了，做工精细质量非常好，物美价廉值得拥有，很满意的一次购物！
2019年09月26日 00:15,颜色:白色尺码:S,大品牌质量有保证，料子很柔软，不起球，不缩水，款式简单大方又百搭，👍🏻👍🏻
2019年09月22日 11:57,颜色:黑色尺码:M,衣服质量很好，布料柔软，手感舒服，穿着舒适
2019年09月25日 17:01,颜色:白色尺码:L,面料不错的，现在单穿有点冷，外面加个外套，很棒的，很百搭，我很喜欢呢
2019年09月21日 18:33,颜色:白色尺码:L,面料品质：面料非常好，穿着非常舒服。 厚薄度：现在穿正好。 尺码推荐：尺码标准，穿着非常合身 上身效果：穿着非常帅气，体恤是正品。 材质特性：面料和做工都很好，很喜欢。 
2019年09月26日 11:08,颜色:白色尺码:S,衣服收到了是正品，儿子特别喜欢。质量特别好。准备再给侄子买一件。
2019年09月25日 13:40,颜色:黑色尺码:M,面料很舒服，是正品的质量很好的和店里买的一样
2019年09月21日 15:28,颜色:白色尺码:L,t恤收到包装很用心，料子很好穿上很舒服，不错好评。
2019年09月22日 07:46,颜色:白色尺码:XL,T恤收到了，质量很好！穿着舒服！大小码正好！非常喜欢
2019年09月22日 08:33,颜色:白色尺码:M,衣衣收到了质量不错板型也很好超值，质量好，以后还来你家买
2019年09月22日 14:53,颜色:白色尺码:S,T恤收到了，图案很漂亮，质量很好，款式休闲百搭，喜欢哦，赞
2019年09月21日 20:30,颜色:白色尺码:XL,质量很好，布料柔软，很百搭，大小也合适
2019年09月25日 17:29,颜色:白色尺码:S,款式新颖，质量很好，料子摸起来柔软舒适，做工精细，很喜欢
2019年09月27日 07:10,颜色:白色尺码:L,衣服版型很好看，上身效果很好， 不错，有点小贵，但值得
2019年09月13日 13:10,颜色:白色尺码:L,衣服不错 领子不紧正好，没有起球，摸着光滑柔软，质量很好，很大气好搭衣服。
2019年09月22日 20:11,颜色:白色尺码:M,衣服收到了穿着舒服尺码标准很喜欢
2019年09月24日 10:09,颜色:白色尺码:L,衣服质量很不错，款型很帅气，摸着是正品，挺满意的
2019年09月20日 22:37,颜色:白色尺码:M,款式简单大方，穿着很舒服，非常百搭，价格还不贵，是正品
2019年09月20日 21:23,颜色:黑色尺码:L,衣服收到了，大小合适，做工精细，款式时尚，纯棉的，面料柔软舒服，上身效果好看，质量很好，非常喜欢。
2019年09月26日 10:54,颜色:黑色尺码:S,这个短袖质量很好 穿起来很舒服
2019年09月21日 08:54,颜色:白色尺码:XL,物流快，衣服尺码合适，布料穿着舒适，洗了不起球！
2019年09月24日 13:41,颜色:黑色尺码:S,已经收到了，试穿了一下，大小正好，很合身的，还是比较满意的
2019年09月25日 13:52,颜色:白色尺码:S,面料摸着挺舒服的，上身效果很不错，挺百搭的。
2019年09月25日 16:35,颜色:白色尺码:S,正品，面料很好，款式好看，上身效果好，这次购物非常的满意
2019年09月20日 22:23,颜色:黑色尺码:M,衣服款式很好看，很大气，很百搭，面料很舒适，非常喜欢。
2019年09月25日 08:56,颜色:白色尺码:XL,宝贝收到，穿着舒，手感好，衣服料子不错，是正品
2019年09月21日 20:37,颜色:白色尺码:XL,款式时尚，百搭上身效果真的不错，特喜欢
2019年09月23日 12:38,颜色:黑色尺码:M,衣服很好看，是正品，穿起来很简单大方，特别喜欢！！！
2019年09月27日 07:02,颜色:白色尺码:S,质量很好，穿上也很舒服哦！是正品，很满意，百搭又好看的时尚单品。
2019年09月22日 19:57,颜色:白色尺码:XL,质量很好是正品上身效果很好满意愉快的购物
2019年09月25日 09:50,颜色:白色尺码:M,尺码合适，面料柔软，厚薄适中！
2019年09月22日 11:02,颜色:白色尺码:L,质量很好，做工精美，图案漂亮，料子柔软穿着舒服，特别喜欢！
2019年09月21日 12:55,颜色:白色尺码:M,非常满意的一件衣服，质量好，穿起来特别舒服，百搭，喜欢。
2019年09月25日 13:14,颜色:白色尺码:S,衣服质量非常好，大小合适，很满意。
2019年09月23日 16:12,颜色:白色尺码:L,衣服已经收到，面料非常好，客服推荐的尺码刚刚好。
2019年09月27日 09:14,颜色:黑色尺码:L,穿着很舒服，效果也不错
2019年09月22日 10:06,颜色:白色尺码:S,送给男朋友的，整体使人很有朝气的感觉
2019年09月25日 21:53,颜色:白色尺码:M,大小合适，穿上很好看
2019年09月25日 18:05,颜色:白色尺码:L,很不错的一款T恤，宽松版的，穿上很舒服的，非常满意，好评！
2019年09月20日 18:10,颜色:白色尺码:M,面料非常好，穿着很舒服。
2019年09月22日 15:38,颜色:白色尺码:M,质量很好的T恤，非常喜欢，穿着很合身又舒服，满意
2019年09月26日 22:23,颜色:白色尺码:M,衣服巳收到，布料挺好，穿上很舒服，物流快。
2019年09月10日 21:59,颜色:白色尺码:S,正品哦！面料柔软透气，做工一流，尺码很标准，上身很好看，关键是比实体店便宜，哈哈哈哈
2019年09月24日 20:16,颜色:白色尺码:L,衣服面料穿起来很舒服，挺满意的！
2019年09月26日 10:38,颜色:白色尺码:XL,质量很好，包装完整，发货及时，很满意
2019年09月24日 07:35,颜色:白色尺码:M,面料柔软舒适，做工精细，版型很好，喜欢。
2019年09月22日 09:33,颜色:黑色尺码:M,衣服码子很正，版型不错，物流很快，同事都说好看，很喜欢。
2019年09月23日 00:04,颜色:白色尺码:L,穿着很合身，很好看，质量也是杠杠的，物流很给力，性价比高。
2019年09月25日 12:43,颜色:白色尺码:M,款式颜色都是我喜欢的，单穿打底都很不错，很喜欢
2019年09月22日 23:47,颜色:白色尺码:L,东西收到了很喜欢很好看，下次还会来买。
2019年09月27日 11:36,颜色:黑色尺码:S,是正品，穿着很舒适。喜欢很久了，终于买到了。
2019年09月21日 10:58,颜色:黑色尺码:S,非常潮 很好看 上身效果不错
2019年09月25日 22:55,颜色:黑色尺码:S,太好看了吧。料子特别舒服，快递也很快，主要衣服真的真的很赞😘
2019年09月22日 11:34,颜色:黑色尺码:M,好看，大小正合适，满意
2019年09月15日 15:41,颜色:白色尺码:XL,面料品质：面料柔软细腻手感舒适 厚薄度：厚薄适中 尺码推荐：尺码大小合适 上身效果：穿着时尚帅气十足，真的很不错 
2019年09月23日 11:46,颜色:黑色尺码:M,物流真的是炒鸡快，衣服穿上也很好看很酷，值得购买👍🏻👍🏻
2019年09月23日 21:18,颜色:黑色尺码:M,衣服质量不错，做工很好，好评
2019年09月10日 09:20,颜色:白色尺码:XL,t恤质量很好做工很精致，款式简单大方时尚，面料柔软透气，穿着很舒服很合身，很满意物超所值
2019年09月09日 08:54,颜色:黑色尺码:M,而料很舒服柔软得不得了，穿着特别的透气舒适线头不多，洗了也没掉色
2019年09月21日 21:33,颜色:白色尺码:L,T恤收到了，大品牌值得信赖，质量非常好。
2019年09月25日 23:49,颜色:白色尺码:M,宝贝收到了非常满意物流很快店家服务态度很好穿上很舒服漂亮
2019年09月26日 09:43,颜色:黑色尺码:L,是正品，上身效果更好看，要买的赶紧下手吧！
2019年09月27日 13:56,颜色:白色尺码:M,面料柔软舒适，做工精细！
2019年09月15日 09:48,颜色:白色尺码:L,质量超赞，穿起来太减龄啦，好喜欢，搭配裙子或者牛仔裤，都好看，喜欢喜欢
2019年09月09日 23:16,颜色:白色尺码:XL,休闲上衣已收到了。布料柔软，做工精细，尺码标准。上身效果就像量身定制一样标准。帅。
2019年09月26日 14:10,颜色:白色尺码:XL,宝贝收到了，很满意，款式很潮。 
2019年09月25日 19:04,颜色:白色尺码:M,宝贝收到了，非常满意，以后再来。
2019年09月23日 22:20,颜色:白色尺码:M,宝贝收到了，正品，质量非常好，值得购买
2019年09月14日 15:22,颜色:白色尺码:M,衣服收到了！质量很好，做工精致，穿着很舒服，是纯棉的，尺码标准，上身效果很好，很喜欢！
2019年09月21日 13:00,颜色:白色尺码:XL,还不错，值的购买
2019年09月16日 14:40,颜色:黑色尺码:M,衣服收到了，质量很好，摸着面料很舒服，柔软舒适，穿上很合身，大小合适，颜色很正，没色差！非常喜欢！
2019年09月10日 22:28,颜色:黑色尺码:XL,t恤衫是正品，面料好，大小合适，洗了一次，不脱色，不变形
2019年09月11日 16:30,颜色:黑色尺码:L,质量不错  图案很漂亮  尺码标准 透气性很好  喜欢
2019年09月12日 18:20,颜色:白色尺码:M,面料不错，宽松版穿着很舒服，有个性我喜欢
2019年09月15日 10:17,颜色:白色尺码:L,衣服收到了，质量很好，做工精细，面料柔软舒适，穿着很舒服，上身效果不错显瘦显年轻，我很喜欢
2019年09月18日 23:30,颜色:白色尺码:M,面料品质：面料材质很不错 质量没的说 很喜欢的呢 爱了爱了 喜欢😍 
2019年09月11日 13:58,颜色:白色尺码:L,面料很柔软，做工很好，不起球不缩水，尺码也很标准，值得推荐
2019年09月10日 10:49,颜色:黑色尺码:L,衣服穿起来很舒服，料子透气舒服！
2019年09月12日 10:31,颜色:白色尺码:XL,半袖收到啦 超好看 质量又很好穿着合身面料也很舒服 款式休闲也很百搭 超赞
2019年09月11日 22:58,颜色:黑色尺码:XL,衣服收到了，今年很流行这衣服，打开看了一下是正品，穿了下这面料穿身上真心舒服，还很好看 值得拥有。
2019年09月19日 09:39,颜色:黑色尺码:L,面料品质：面料纯棉的。质量很好哦，穿着很舒服，版型也很正，是正品，很喜欢 
2019年09月15日 12:33,颜色:白色尺码:L,衣服做工很不错，面料舒服透气，尺码合适，发货挺快的。
2019年09月17日 19:04,颜色:白色尺码:S,正品穿着舒服，质量很好没有色差，图案做工精致面料柔软穿着很舒服
2019年09月16日 21:33,颜色:白色尺码:M,衣服面料柔软舒服，质量很好做工精细，上身显肤色白嫩，非常喜欢好评好评
2019年09月12日 11:40,颜色:黑色尺码:M,T恤穿起来很好看，是正品，质量棒棒哒，大小刚刚好，非常百搭，喜欢的宝宝赶紧入手哦！
2019年09月08日 14:16,颜色:白色尺码:L,t恤上身效果不错！ 做工质量都很好！ 正品无疑， 满意的一次购物！ 穿着舒适， 值得购买
2019年09月19日 12:01,颜色:黑色尺码:L,衣服收到了，大小很合适，质量非常好，穿着很舒服，料子很柔软，很满意！
2019年09月14日 13:00,颜色:白色尺码:M,衣服收到，面料柔软舒适，上身效果好，尺码合适，做工也不错。
2019年09月17日 07:41,颜色:白色尺码:XL,衣服收到了超级满意，款式是特别的喜欢，面料超级好，上身效果非常棒👍！尺码标准，值得推荐！
2019年09月08日 08:05,颜色:黑色尺码:L,衣衣质量很好，面料柔软舒适，尺码也很合适，上身效果超好看，很喜欢
2019年09月10日 23:10,颜色:白色尺码:L,衣服收到了  质量很好 做工精细  面料很柔软舒适  上身很帅气  很满意
2019年09月16日 22:03,颜色:白色尺码:L,衣服面料柔软舒服，厚度刚好适合夏天穿，穿在身上很显年轻！
2019年09月09日 04:59,颜色:白色尺码:L,是正品，质量很好，厚度适中，尺码合适，面料很好，穿着很舒服，很喜欢
2019年09月18日 23:57,颜色:黑色尺码:S,款式简单大气，很有个性，面料柔软舒服，很百搭！
2019年09月16日 18:16,颜色:白色尺码:L,质量挺好的，料子好，穿着舒服。是正品，尺寸标准，简单大方，百搭
2019年09月10日 07:54,颜色:白色尺码:L,衣服质量很好，款式简单大气，全棉的，穿着舒适。
2019年09月11日 22:23,颜色:白色尺码:XL,衣服收到了，是正品，做工很细致，面料柔软舒适，穿着很舒服，尺码合适
2019年09月11日 16:13,颜色:黑色尺码:L,质量很好，面料做工都很棒，版型简单百搭，上身效果非常棒，超级喜欢！
2019年09月11日 09:37,颜色:白色尺码:L,卖家介绍的码数穿着很合适，质量还很好
2019年09月11日 12:19,颜色:黑色尺码:L,衣服质量不错，纯棉的，柔软舒服，厚薄适中，尺码标准，满意
2019年09月22日 08:50,颜色:白色尺码:L,物流很给力，很快收到货了，店家也很热情
2019年09月22日 19:43,颜色:黑色尺码:L,是正品，质量好
2019年09月24日 12:17,颜色:白色尺码:M,卖家服务态度很好，宝贝质量很好的
2019年09月09日 14:28,颜色:黑色尺码:XL,面料很舒服，上身效果很好，没有褪色情况，很满意的
2019年09月19日 06:48,颜色:白色尺码:L,衣服是正品，质量很好，面料舒服，尺码标准。上身效果非常好。喜欢。很满意的一次购物
2019年09月15日 07:18,颜色:白色尺码:L,穿着舒服时尚，做工好图案漂亮，有喜欢再来
2019年09月14日 06:50,颜色:白色尺码:XL,面料不错穿着挺舒服的，洗后不起球不掉色也不起折，款式宽松活动自如值得购买
2019年09月08日 11:10,颜色:白色尺码:S,面料很舒服，做工细致，实惠耐穿，特别的有范
2019年09月11日 12:26,颜色:黑色尺码:S,穿在身上很好看，面料摸起来很舒服，尺码也可以
2019年09月18日 07:48,颜色:白色尺码:M,衣服质量很好，面料柔软，穿着很舒服，百搭
2019年09月19日 11:04,颜色:白色尺码:L,质量棒棒哒！面料舒服，不易变形，牌子的衣服质量就是好。
2019年09月16日 20:18,颜色:白色尺码:S,宝贝收到了，质量挺不错的，面料摸起来挺舒服的，下次还会再来！！！！
2019年09月19日 12:40,颜色:白色尺码:L,面料非常柔软，正品，老公特别喜欢小悟空，选的尺码老公穿着很合身，不错哟
2019年09月09日 10:26,颜色:白色尺码:L,衣服很漂亮，很干净，图案超喜欢，尺码也很标准，穿着很舒服
2019年09月11日 08:20,颜色:白色尺码:L,衣服质量特别好，做工很细，面料柔软穿着舒服，客服服务态度很好
2019年09月08日 17:52,颜色:白色尺码:XL,衣服收到了，面料非常好，穿着很舒服款式也很漂亮，非常完美
2019年09月10日 16:10,颜色:白色尺码:M,质量挺好的，穿着挺舒服，面料不错。尺码标准，不起球不缩水
2019年09月17日 23:36,颜色:白色尺码:M,衣服到了好多天了，质量非常不错是正品！款式时尚休闲！满意！
2019年09月08日 05:56,颜色:黑色尺码:L,"T恤穿着合身，专柜正品,纯棉面料，很舒服。"
2019年09月15日 14:09,颜色:白色尺码:M,上衣是纯棉的，实物图片很漂亮，穿上很可爱
2019年09月17日 04:17,颜色:白色尺码:XL,宝贝质量非常好，做工精细，面料柔软，穿在身上很舒服
2019年09月18日 21:02,颜色:白色尺码:L,面料纯棉的，穿着舒服，朋友看了说是正品，满意
2019年09月12日 22:23,颜色:黑色尺码:XL,质量很好，穿上大方好看，快递速度很快，一分价钱一分货吧，好评
2019年09月18日 08:42,颜色:白色尺码:L,T恤已经收到了，大小合适，面料上身很舒适，很满意。
2019年09月08日 21:15,颜色:白色尺码:XL,很喜欢这种纯棉的小潮牌，穿起来很有型，很舒服也很百搭。
2019年09月19日 14:02,颜色:白色尺码:XL,面料不错！穿的舒适透气！很喜欢的款式！不错！
2019年09月19日 12:49,颜色:白色尺码:M,面料很好，穿着很舒服，款式也好看，很酷，打算再入手一件
2019年09月10日 18:55,颜色:黑色尺码:M,衣服收到了，是正品，面料是纯棉的，穿上特别舒服，很满意的一次购物，好评
2019年09月17日 14:57,颜色:黑色尺码:L,宝贝收到了，穿在身上很好看，面料也是没的说，朋友也要我给他带一件，赞一个
2019年09月14日 10:21,颜色:白色尺码:S,上衣质量不错，面料摸起来很舒服
2019年09月12日 23:49,颜色:白色尺码:S,衣服收到了，质量很好，码数也合适，上身效果很满意，值得推荐
2019年09月12日 22:46,颜色:白色尺码:L,一直想买和吴亦凡同款衣服，今天终于圆满了。好开心，超级爱他
2019年09月17日 14:54,颜色:白色尺码:L,真的是正品，尺码标准，穿上怎么看都好看，反正就是喜欢
2019年09月15日 14:28,颜色:黑色尺码:XL,衣服上身挺好看的，尺码标准，没有色差，挺喜欢的。
2019年09月10日 07:56,颜色:黑色尺码:M,质量很好，做工精致，穿上合适，价格便宜，值得购买
2019年09月19日 21:46,颜色:白色尺码:S,满意，棉的，穿上很好看，贵是贵了点，但是绝对值得购买，质量不错
2019年09月09日 00:51,颜色:白色尺码:L,衣服穿着合适，质量挺好的
2019年09月18日 22:24,颜色:白色尺码:L,面料非常好 穿着很舒服 百搭款
2019年09月08日 01:48,颜色:黑色尺码:L,质量不错，面料柔软穿上很舒服超级百搭，好评哦
2019年09月17日 11:26,颜色:黑色尺码:L,正品哦，质量超棒，跟朋友在香港采购一样好，码数上身也刚刚好，满意
2019年09月08日 18:05,颜色:白色尺码:XL,收到了，面料还不错，版型很好，图案很棒，宽松款式，很喜欢，尺寸刚好合适，很满意！
2019年09月17日 10:08,颜色:黑色尺码:M,衣服收到了，面料柔软舒适 款式新颖独特，非常喜欢
2019年09月15日 18:41,颜色:白色尺码:M,衣服质量不错，穿起来很帅气，图案潮流时尚，运输快
2019年09月18日 21:15,颜色:白色尺码:M,收到衣服啦！衣服是正品，这个面料摸上去很舒服柔软。值得推荐。
2019年09月19日 15:59,颜色:黑色尺码:XL,穿上很合身，早就看中这一款了，立秋了才舍得买。很喜欢，质量不错，推荐购买。
2019年09月14日 10:35,颜色:黑色尺码:L,上身效果不错款式很潮很喜欢，质量很好做工很精细。
2019年09月15日 08:34,颜色:黑色尺码:XL,质量挺好的，款式好看新颖，穿着很合身，是正品不错很满意
2019年09月09日 12:59,颜色:白色尺码:M,面料很舒服，图案最喜欢了，穿起来百搭
2019年09月17日 16:30,颜色:黑色尺码:M,真心不错 颜色也好看 这个质量很好的 以后还会来的 颜色很好看的 摸着质量也挺好的 挺不错的
2019年09月08日 08:51,颜色:黑色尺码:XL,衣服收到质量很好，是正品纯棉，颜色好看
2019年09月15日 21:07,颜色:黑色尺码:L,衣服收到了，质量非常好，面料舒服，做工精细，时尚大气，非常满意。
2019年09月18日 06:57,颜色:黑色尺码:S,衣服版型非常好看，好搭配，面料特别好，穿的非常舒服，👍👍
2019年09月18日 07:59,颜色:白色尺码:L,面料舒服，厚薄合适，尺码标准，上身效果好
2019年09月14日 08:43,颜色:白色尺码:XL,非常不错的衣服，是正品的，面料很舒服，上身效果不错，喜欢！
2019年09月09日 09:24,颜色:白色尺码:L,衣服料子很好很舒服，上身很漂亮
2019年09月16日 12:30,颜色:白色尺码:S,质量非常好 穿上很好看 也非常舒服 特别满意
2019年09月09日 00:57,颜色:黑色尺码:XL,质量很好，穿着很舒服，很洋气，码数也很合适，喜欢
2019年09月19日 16:45,颜色:黑色尺码:L,衣服是正品，好看，穿着很舒服，很百搭，好评
2019年09月16日 11:08,颜色:黑色尺码:S,宝贝收到了，非常潮哦，上身效果也很棒，而且很百搭呢，超级喜欢😍
2019年09月10日 20:23,颜色:白色尺码:S,很潮的一款，物流，包装，衣服都是满意的，喜欢的朋友可以放心购买。
2019年09月09日 05:46,颜色:黑色尺码:S,衣服是正品，质量很好，喜欢这种风格的衣服，容易搭配
2019年09月16日 15:51,颜色:白色尺码:S,超喜欢，前面真的是酷，穿着很合适，面料舒服，满意
2019年09月10日 05:50,颜色:白色尺码:XL,很好的卖家，质量不错，发货快，包装很好，价格合理。
2019年09月09日 02:00,颜色:白色尺码:M,衣服很漂亮，穿起来也合身，下次会回购的。
2019年09月12日 06:40,颜色:白色尺码:L,t恤收到，质量很好，卖家推荐的尺码正合适，满意
2019年09月19日 18:07,颜色:白色尺码:S,衣服收到了，是正品，质量不错上身效果不错，推荐购买，好评
2019年09月16日 14:58,颜色:白色尺码:L,衣服很漂亮，外形很好看，穿着也很舒服
2019年09月19日 11:04,颜色:黑色尺码:S,衣服质量很好，穿上舒服很满意！
2019年09月08日 19:59,颜色:白色尺码:XL,料子不错，穿着舒服做工精细。
2019年09月12日 11:23,颜色:黑色尺码:S,超级喜欢这款衣服，是正品没错了，上身好好看啊。
2019年09月11日 21:25,颜色:白色尺码:L,面料舒适，一直很喜欢，终于买了一件给自己，洗后无色差。
2019年09月18日 01:02,颜色:黑色尺码:L,厚薄度：挺薄适合复季穿，质量很好，尺码合适， 
2019年09月17日 21:08,颜色:黑色尺码:M,性价比蛮高的，质量也很好！很喜欢，真的很nice！
2019年09月18日 13:43,颜色:白色尺码:L,衣服面料舒服，穿上很潮流。
2019年09月18日 07:04,颜色:白色尺码:XL,质量很好，穿着舒服，显身材呦，尺码标准
2019年09月10日 09:02,颜色:白色尺码:L,质量真的不错，上身效果也好，很值得的
2019年09月13日 02:40,颜色:白色尺码:M,衣服不但很好看，质量还非常好，穿的舒服，不错哦，👍👍
2019年09月09日 21:14,颜色:白色尺码:XL,短袖面料柔软，穿着很舒服，很喜欢，满意。
2019年09月17日 18:29,颜色:白色尺码:M,很满意的一次购物，衣服很喜欢，质量做工都不错，发货也蛮快的，下次还来
2019年09月10日 11:15,颜色:白色尺码:M,宝贝收到了，超级喜欢，面料很舒服，是我喜欢的类型，非常满意。
2019年09月08日 21:50,颜色:白色尺码:M,衣服款式美美哒，手感柔软舒服，收到就试穿了，大小合适，发货速度快，值得推荐
2019年09月19日 05:54,颜色:黑色尺码:M,衣服很好看，质量很好，料不错，尺码合适 物流也很快。不错值
2019年09月11日 12:11,颜色:白色尺码:M,是正品应该，很喜欢，穿上很合适，质量挺好，很满意
2019年09月16日 15:28,颜色:白色尺码:L,衣服收到了，衣服质量真的没得说一分一分貨，是正品来。喜欢，好评
2019年09月09日 13:43,颜色:黑色尺码:XL,是正品，质量棒棒哒，上身效果非常满意！
2019年09月10日 11:03,颜色:黑色尺码:L,商品收到了，不亏是大牌，很喜欢。
2019年09月10日 20:55,颜色:白色尺码:XL,真的很不错，面料很好，穿在身上也很舒服。
2019年09月09日 18:15,颜色:白色尺码:XL,上身效果很好，而且做工也很精细，很满意！
2019年09月10日 20:01,颜色:白色尺码:M,衣服收到了.衣服是正品.质量很好.
2019年09月14日 08:55,颜色:黑色尺码:XL,衣服不错，很合身穿上特别舒服，很喜欢
2019年09月11日 13:58,颜色:黑色尺码:S,衣服收到质量不错。简单又好看。很喜欢
2019年09月19日 15:48,颜色:黑色尺码:M,衣服收到了。是正品，质量很好，尺码合适
2019年09月10日 07:52,颜色:白色尺码:S,是正品的，质量很好，款式休闲，发货快，很满意
2019年09月14日 22:06,颜色:白色尺码:L,衣服收到了，款式好看，码数合适，物流速度快
2019年09月19日 20:34,颜色:白色尺码:L,很好看，刚好赶上夏天的尾巴。
2019年09月18日 10:03,颜色:白色尺码:M,正品，穿着很好看，也不会没有型。
2019年09月14日 19:21,颜色:黑色尺码:M,不错不错，质量很好高性价比很高，满意
2019年09月17日 22:09,颜色:黑色尺码:L,质量很好，上身效果好看，很喜欢
2019年08月31日 08:14,颜色:黑色尺码:M,衣服收到了，洗了不会掉色，面料柔软细腻，厚薄刚好，穿上透气舒服。
2019年09月12日 08:43,颜色:白色尺码:XL,质量挺好的，物流也很快。已经洗了。摸起来很舒服，是纯棉的
2019年09月01日 15:36,颜色:白色尺码:L,衣服做工精细款式时尚简洁大方，面料柔软透气亲肤，尺码标准上身效果特别好看，性价比很高，这个价位能买到这么好的产品超满意
2019年08月29日 11:45,颜色:白色尺码:M,这个短袖超好看的，一穿上去就是比较高逼格，高大上，是纯棉的料子，衣服很吸汗的哦，洗了不会褶皱，图案不会褪色
2019年09月18日 18:36,颜色:白色尺码:XL,买回来里面穿个打底，特别时尚，好评
2019年09月18日 14:19,颜色:白色尺码:S,T恤棉的穿很舒服，价格不贵，很划算
2019年09月18日 18:21,颜色:白色尺码:M,衣服收到了，大小合适，满意
2019年09月09日 09:22,颜色:白色尺码:S,是正品，好看，舒服，简单，大气
2019年09月09日 09:30,颜色:黑色尺码:M,盯上很久了，还是入手了，没让我失望，真的很潮
2019年09月10日 14:20,颜色:白色尺码:L,已收货，衣服质量挺好的，喜欢
2019年09月08日 14:54,颜色:黑色尺码:XL,衣服收到了，质量挺好的，悟空好可爱，喜欢
2019年09月10日 09:37,颜色:白色尺码:L,是正品！质量很好穿的也很显瘦很潮超级喜欢没两天就到了给快递点赞
2019年09月08日 19:09,颜色:黑色尺码:M,宝贝收到很喜欢，跟描述的一样，而且发货速度也快
2019年09月13日 10:12,颜色:黑色尺码:L,棉的，穿着舒服
2019年09月18日 08:59,颜色:白色尺码:M,很不错 质量很好
2019年09月09日 19:23,颜色:白色尺码:M,质量非常好，布料非常柔软，很满意
2019年09月11日 04:03,颜色:白色尺码:L,质量好，穿着显瘦，超级好看，很喜欢
2019年09月16日 15:24,颜色:白色尺码:XL,买的送人的  收到告诉我喜欢的不得了 很满意
2019年09月19日 13:41,颜色:白色尺码:S,衣服收到了，质量很好。
2019年09月19日 10:34,颜色:白色尺码:L,料子款式都很不错，满意
2019年09月12日 20:25,颜色:白色尺码:L,面料不错
2019年09月11日 18:16,颜色:白色尺码:S,T很好看，颜色图案都ok的，简单又好搭配，物流也快
2019年08月31日 23:39,颜色:白色尺码:L,超级奈斯，包装很完整，没有破损。 打开之后这个图案特别可爱 衣服质量挺ok的 穿上也很合身 宽松版 而且洗了也不脱色 现在穿正合适!
2019年09月17日 15:58,颜色:白色尺码:L,衣服很满意，是正品，特别舒服！
2019年09月19日 10:11,颜色:白色尺码:M,挺好的，是正品，版型很好，很合适，很舒服
2019年09月16日 09:54,颜色:白色尺码:XL,是正品 可以放心购买
2019年09月16日 09:16,颜色:黑色尺码:XL,衣服质量很好，满意
2019年09月08日 07:41,颜色:白色尺码:L,体恤很舒服
2019年09月12日 23:43,颜色:黑色尺码:M,东西收到了，物流很快，打开以后非常满意，质量不错
2019年09月08日 18:34,颜色:黑色尺码:M,好评，质量挺好的，快递速度也挺快，尺码大小非常准确，店家服务态度很好，
2019年09月04日 05:04,颜色:白色尺码:XL,t恤收到了，面料是纯棉的穿着很舒服图案跟图片一样洗后不掉色缩水比实体店便宜做工精细物流也很快满意网购。
2019年09月12日 14:51,颜色:黑色尺码:L,是正品，质量很好很百搭
2019年09月25日 14:56,颜色:黑色尺码:M,质量挺好的，面料不错，物流很快！
2019年09月08日 09:03,颜色:白色尺码:M,简单大方，穿着不错
2019年09月04日 11:28,颜色:黑色尺码:M,衣服质量真心不错，纯棉的穿上很亲肤，可舒服了，大小也正好，下次还会再来的
2019年08月24日 07:07,颜色:黑色尺码:L,宝贝收到了，质量非常不错，穿上超级舒服，尺码标准，穿上非常合身，没有异味色差，不起球掉色，值得购买！
2019年08月22日 02:01,颜色:黑色尺码:M,纯棉面料舒适透气，款式新颖时尚潮流，男女都可以穿，个性十足
2019年09月03日 05:05,颜色:黑色尺码:XL,"衣服收到了,面料柔软 是纯棉的 上身效果非常好 和描述的一样,也不会褪色 合身 很满意"
2019年09月19日 07:02,颜色:白色尺码:XL,面料很舒服，好评
2019年08月31日 10:03,颜色:白色尺码:XL,衣服收到了！面料柔软舒适很透气，做工也不错，图案很有个性！我喜欢的款！满意！
2019年09月05日 21:01,颜色:白色尺码:XL,面料品质：衣服是纯棉面料，做工很好，穿着舒服，号码标准，穿着很合适，图案漂亮，很喜欢 
2019年09月09日 14:12,颜色:白色尺码:M,宝贝收到了，质量很不错，值得购买，老板人很好
2019年08月29日 01:56,颜色:白色尺码:M,T恤收到了，质量很好是正品，图案与图片描述的一样好看，面料柔软舒适，穿上不显胖，超级满意的。
2019年09月06日 00:02,颜色:黑色尺码:S,T桖料子柔软，做工精细质量好没有多余线头，码数合适，上身显瘦好看
2019年08月23日 15:54,颜色:白色尺码:S,T恤收到了，版型很好看，很休闲，纯棉布料，穿着很舒服透气，百搭
2019年08月31日 19:34,颜色:白色尺码:L,衣服收到了，是正品，面料是纯棉的，很柔软，穿着很舒服，质量不错。大小刚刚好，很合身。满意
2019年08月30日 06:55,颜色:白色尺码:XL,面料品质：面料品质不错，手感挺好的 厚薄度：厚薄度是应季的，很满意 尺码推荐：商品有尺寸推荐，尺寸特别准 上身效果：上身效果很好，是修身的 材质特性：面料商家描述的一样，特别喜欢 
2019年09月02日 21:26,颜色:白色尺码:L,衣服的款式挺独特的，面料很柔软很舒服。虽然尺码大了一点点，但穿起来很舒适，值得推荐哦
2019年08月22日 10:17,颜色:白色尺码:M,衣服面料很好，穿上很舒服，上身效果非常满意，颜色纯正，给满分
2019年09月04日 19:58,颜色:黑色尺码:M,图案设计效果非常好，材质很舒适，穿着宽松透气很潮。
2019年08月31日 23:44,颜色:黑色尺码:M,衣服质量好，面料舒服透气性也好，价格实惠好评 
2019年09月01日 20:20,颜色:白色尺码:XL,衣服宝贝收到了。纯棉的，藏肉的。标准码。舒服，透气。有气质。值得购买，价格实惠。
2019年09月06日 08:36,颜色:白色尺码:XL,纯棉面料，款式时尚潮流，穿着舒适，上身效果很显瘦，容易搭配衣服，值得购买
2019年09月07日 06:14,颜色:黑色尺码:M,这款t恤衫真的很好看，纯棉面料，图案清晰，颜色靓丽，穿上大小刚合适，是正品。
2019年08月27日 19:16,颜色:白色尺码:M,物流很快衣服收到了面料柔软贴身舒服，款式好看宽松牌的穿上合身材质好，整体感觉很棒不起球不退色买的值。店里服务态度好发货快服务满意
2019年08月21日 10:49,颜色:黑色尺码:XL,正品，面料柔软舒服，透气，大小也合适，样子潮，穿上就是最靓的仔。
2019年08月29日 10:58,颜色:黑色尺码:XL,质量挺好，棉质，有弹力，休闲款，很实在的卖家，给个五星好评，希望老板的货能一如既往的优秀
2019年09月03日 10:59,颜色:黑色尺码:M,洗过以后拍了照来评价的，质量超赞，版型很好，大牌范儿十足，100斤m号妥妥的，给大家参考
2019年08月27日 20:28,颜色:黑色尺码:L,面料柔软穿着舒服，做工精细没有发现多余线头，尺码标准，上身效果帅帅的
2019年08月30日 11:47,颜色:黑色尺码:S,版型也好看，也不掉色 不缩水。做工啊走线 各种细节处理的很好呢。是正品的！ 大家 放心购买 大家可以放心购买！
2019年08月30日 20:53,颜色:白色尺码:M,T恤不错，搭配牛仔裤非常漂亮，面料穿着很舒服，应该是正品，质量很好，做工仔细看了，一针一线都很好，满意好评
2019年08月31日 13:15,颜色:白色尺码:M,说实话，从来没有买过这么满意的衣服，大小合适上身效果相当好，布料柔和贴身透气柔软，物美价廉，号码准确，正品的！！客服热情。好评！
2019年08月23日 17:43,颜色:黑色尺码:XL,衣服面料轻薄舒适，透气性很好，穿着也很舒服非常有型，很满意的购物。
2019年09月07日 19:33,颜色:黑色尺码:L,衣服收到了，质量挺好的，面料舒服透气，上身好看
2019年08月21日 19:17,颜色:黑色尺码:M,面料很舒服穿着比较透气，宽松休闲的款式
2019年08月21日 19:57,颜色:黑色尺码:L,T恤质量挺不错的，面料柔软，颜色很正，尺码标准，穿上身效果很不错，满意好评。
2019年09月05日 22:00,颜色:黑色尺码:M,宝贝收到啦，面料版型工艺很好，尺码也合适，穿上之后效果非常好，好评。
2019年09月05日 13:30,颜色:白色尺码:S,衣服收到了，质量超级好。面料柔软穿上超级舒服。款式新潮码数标准很合身！
2019年09月20日 20:47,颜色:黑色尺码:XL,物流快。质量好。
2019年09月06日 09:26,颜色:白色尺码:L,哈哈，衣服很喜欢穿着很漂亮，衣服面料很软是纯棉的
2019年09月07日 17:50,颜色:黑色尺码:M,物流很快衣服收到了，穿上很合身很个性，面料很舒服，比实体店优惠多了
2019年09月07日 09:42,颜色:白色尺码:S,短袖面料很好，透气性很好，尺码很合身，穿着也非常舒服，很喜欢
2019年09月04日 00:31,颜色:黑色尺码:M,衣服收到了，质量很好，做工也很好，面料柔软舒服，尺码标准大小合适，图案很有特色，很好看！
2019年08月21日 10:25,颜色:白色尺码:S,面料很好，夏天穿很凉爽，码数正，上身效果不错，没有色差很舒服。
2019年08月31日 06:33,颜色:黑色尺码:L,面料很柔软，质量很好，纯棉很舒服，大小合适，洗了不掉颜色不变形
2019年09月03日 18:09,颜色:黑色尺码:M,宝贝面料很好，摸上去很舒服，厚薄大小都刚合适，上身也很好看，很喜欢。
2019年09月06日 07:14,颜色:黑色尺码:XL,衣服收到了，面料柔软舒适，透气性很好，穿起来很舒服，非常满意的一次购物，好评。
2019年08月22日 08:48,颜色:黑色尺码:L,T恤收到了，首先面料非常舒适，印花也好，然后上身效果也不错，洗了一次，不变形，好评，
2019年09月06日 23:58,颜色:白色尺码:XL,衣服收到了，质量很好，做工精细，纯棉面料，透气性很好。
2019年08月23日 18:26,颜色:黑色尺码:M,面料不错穿着也舒服。卖家推荐的尺码也刚好！上身效果非常棒
2019年08月28日 07:45,颜色:白色尺码:L,面料很柔软穿上根舒服。做工不错。尺码标准！
2019年08月30日 12:14,颜色:白色尺码:M,穿上很舒服，特别喜欢这个图案，做工挺细的，最重要的是我跟老公都能穿，太划算了
2019年08月30日 20:21,颜色:白色尺码:M,衣服收到了，质量很好，面料摸起来很舒服，价格实惠，总体满意
2019年09月05日 10:03,颜色:白色尺码:M,衣服收到了，质量很好，面料舒服，是正品，上身效果很好看，大小合适。穿着刚刚好。很满意的一次购物，物超所值
2019年08月26日 17:25,颜色:白色尺码:L,面料很舒服透气质量不错哦！穿上很百搭，值得推荐！
2019年09月03日 21:36,颜色:白色尺码:S,材质很舒服，也很吸汗，穿着很休闲
2019年09月06日 14:59,颜色:黑色尺码:M,衣服面料不错，纯棉的，应该是正品，透气性也不错滴、
2019年08月27日 21:56,颜色:黑色尺码:XL,衣服收到了，质量非常好，面料柔软给儿子买的，儿子也满意，价格实惠，
2019年08月23日 23:41,颜色:黑色尺码:M,面料真不错，不起球，不褪色，款式很喜欢。穿起来版型很满意
2019年09月05日 07:28,颜色:白色尺码:S,T恤面料棉的，穿着很舒服，很薄的，客服推荐的尺码刚刚好，款式好看，上身效果好
2019年09月04日 11:28,颜色:白色尺码:M,布料舒服透气，而且款色好看，潮。
2019年08月31日 10:18,颜色:黑色尺码:XL,正品，码数标准，纯棉吸汗，穿着也舒服
2019年09月06日 10:32,颜色:黑色尺码:L,棉质柔软，穿着舒服吸汗，显瘦，个人很满意
2019年08月30日 21:32,颜色:黑色尺码:L,衣服已收到，质量很好，面料柔软，商家推荐的尺码很合适，上身效果很好，舒服透气，宽松不显肚子，值得推荐
2019年09月04日 07:35,颜色:白色尺码:XL,喜欢的衣服收到了   面料非常的好   穿起来很舒适   尺码也刚好    贵点真是不一样的好呀
2019年08月24日 07:33,颜色:黑色尺码:M,衣服质量很好 下水没有褪色，大小刚好。穿起来很帅，很喜欢
2019年09月06日 13:13,颜色:黑色尺码:L,面料手感很柔软舒适，上身效果很好看，整体效果很满意哈
2019年08月28日 18:48,颜色:白色尺码:XL,款式时尚潮流，大小合适，面料很舒服，上身效果很满意。
2019年08月25日 09:04,颜色:白色尺码:S,面料品质：面料很舒服 厚薄度：薄厚度应季 上身效果：上身效果很好，百搭，非常满意喜欢 
2019年09月04日 15:24,颜色:黑色尺码:XL,衣服已收到，面料柔软舒适绝对纯棉，厚薄正好，尺码标准，做工精细，穿上很洋气，非常喜欢。物流速度快服务态度好
2019年08月26日 13:51,颜色:黑色尺码:XL,款式超级好看，图案很棒很喜欢，面料舒适透气很满意！
2019年09月06日 08:00,颜色:白色尺码:L,面料不错，柔软透气，上身效果不错，休闲百搭，，👍
2019年08月25日 16:22,颜色:白色尺码:S,衣服已收到，面料舒服亲肤，款式经典大牌。满意
2019年09月01日 13:09,颜色:白色尺码:M,衣服是正品，质量很好，穿上也很有型，好看好看，果然没买错，会推荐朋友来买的
2019年08月28日 07:42,颜色:白色尺码:L,衣服纯棉的，宽松舒适，穿上很好看，显得皮肤白白的
2019年09月05日 14:51,颜色:白色尺码:S,衣服收到了，质量还不错，样式也好看，大小刚好，穿上显的年轻了点
2019年08月22日 16:44,颜色:黑色尺码:M,简单百搭，物流也很快，面料也很可以，总体来说这个价格还是比较实惠了
2019年09月04日 11:55,颜色:黑色尺码:XL,时尚潮流，好搭配，质量也好，做工精细，也没有线头，穿着也舒服。
2019年08月22日 14:29,颜色:白色尺码:M,衣服质量不错，穿起来很舒服，很休闲很百搭。赞 赞
2019年09月05日 15:13,颜色:白色尺码:L,衣服面料质量不错，上身效果非常好。尺码合适。非常满意
2019年09月17日 23:29,颜色:白色尺码:M,衣服颜色的乳白色的 不是纯白的 挺厚的 不知道是不是正品
2019年08月22日 02:44,颜色:白色尺码:L,正品，穿上很酷，料子很舒服，图案很个性，喜欢！
2019年08月26日 10:37,颜色:黑色尺码:XL,质量不错，穿起来挺舒服，透气，也挺好看的
2019年08月28日 14:17,颜色:白色尺码:M,衣服面料柔软，上身效果好看，下次需要还来这家。
2019年09月03日 15:24,颜色:白色尺码:S,质量挺不错的，摸起来手感也很好，穿着很舒适，真的是很百搭
2019年09月07日 10:52,颜色:黑色尺码:L,t很快收到了，尺码标准，面料柔软舒适，穿起来宽松大气，很适合广东的天气
2019年08月28日 06:07,颜色:白色尺码:M,衣服收到了，款式挺不错的，上身效果很好，面料舒服，尺码也很合身，挺满意的
2019年08月21日 14:31,颜色:白色尺码:L,面料很舒服，儿子最喜欢的悟空图案，质量挺好的，穿着款式好看。
2019年08月26日 09:48,颜色:黑色尺码:M,很喜欢的款式，跟老公凑了情侣装，衣服面料也不错，穿着很舒服
2019年08月27日 22:07,颜色:黑色尺码:S,这衣服来的时候来的太好了，正好穿，很舒服，有气质，朋友都说好，有需要还来
2019年08月27日 23:46,颜色:白色尺码:M,正品的，值得大家购买，比实体店便宜，款式又经典又好看。
2019年09月04日 20:55,颜色:白色尺码:M,t恤质量挺好的。面料不错，尺码标准，穿着合身，很帅气，很喜欢
2019年08月30日 15:47,颜色:白色尺码:S,颜色没有色差 包装也很好  尺码很准给弟弟买的他很喜欢
2019年09月02日 14:49,颜色:黑色尺码:XL,面料很舒服，做工细致，实惠耐穿，特别的有范
2019年09月05日 06:46,颜色:白色尺码:M,衣服收到了 版型和质量都不错 挺满意的 穿上很好看 值得购买
2019年08月25日 11:00,颜色:白色尺码:M,衣服收到了，质量很好，是我喜欢的款式，穿在身上很舒服，码数也刚刚好。这次是真的很满意呢。
2019年09月03日 07:50,颜色:白色尺码:M,衣服面料特别好。穿起来很宽松很休闲很好看。是正品。
2019年08月30日 12:14,颜色:黑色尺码:XL,衣服收到了，很漂亮哦，面料柔软舒适，大小合适，儿子超喜欢
2019年08月29日 20:31,颜色:白色尺码:XL,衣服是正品我买的是白色的。穿在身上，效果很不错，特别喜欢这种感觉。
2019年08月25日 12:48,颜色:黑色尺码:L,衣服面料超级好，穿上合身，打算再买一件其他颜色的
2019年09月07日 21:50,颜色:白色尺码:L,衣服拿过来了。穿上很好看，布料软软的，摸着很舒服。这个是宽松版的，我很喜欢。
2019年08月23日 15:13,颜色:白色尺码:XL,衣服面料挺舒服的，尺码也正合适，挺喜欢的，会推荐朋友来购买的！
2019年09月02日 12:18,颜色:白色尺码:L,正品衣服，做工挺精致，明星同款，非常满意，总之就是喜欢
2019年08月24日 08:42,颜色:白色尺码:S,衣服穿着舒服，大小合适，面料柔软舒适，款式好看，喜欢
2019年08月28日 13:40,颜色:白色尺码:L,面料很好，穿着很舒服，尺码也挺标准的，效果不错，挺好看
2019年08月24日 21:58,颜色:白色尺码:M,半袖收到啦，样子非常洋气。穿着很舒服，质量们问题
2019年09月03日 09:48,颜色:白色尺码:S,物流很快衣服已经收到啦~试穿了一下大小正好合适，面料也特别舒服，比实体店要便宜很多，很愉快的一次购物！
2019年09月03日 20:29,颜色:黑色尺码:L,衣服面料很舒服，上身效果很好，尺码也合适，做工精细，很满意
2019年08月25日 20:33,颜色:黑色尺码:L,衣服收到了，面料非常柔软，大小也合适，真心不错值得推荐，
2019年08月31日 12:53,颜色:白色尺码:XL,短袖面料很柔软，质量不错，尺码标准，穿了特别舒服，显得很休闲，卖家服务态度好，物流很快。
2019年09月07日 21:51,颜色:黑色尺码:L,短袖布料柔软，水洗也没有掉色，很喜欢😘
2019年09月04日 23:27,颜色:黑色尺码:M,衣服质量很好面料很舒服做工很精细，特别喜欢很合身
2019年09月05日 09:29,颜色:黑色尺码:S,衣服质量很好，面料也舒服，穿起来很显瘦
2019年08月21日 08:33,颜色:白色尺码:S,T恤上身效果很不错、很喜欢、穿着出去回头率很高
2019年08月27日 09:31,颜色:黑色尺码:M,衣服质量很好，面料柔软舒适，上身效果非常好看，很满意
2019年09月01日 21:47,颜色:黑色尺码:M,体恤大小很合适，专门买了大一码，现在喜欢穿宽松的感觉，没啥异味，也不掉色，很好！
2019年08月29日 08:32,颜色:黑色尺码:L,衣服面料很不错，手感和做工很好，上身效果也修身及透气，性价比高，值得推荐！
2019年08月27日 17:02,颜色:白色尺码:M,纯棉的，面料舒服，样子喜欢，手感不错，一分钱一分货真心不错，还会光顾，很潮哦！客服人好热情细心。
2019年09月02日 12:19,颜色:白色尺码:XL,衣服面料很舒服很透气，客服推荐的尺码也很合适，满意
2019年08月28日 11:47,颜色:白色尺码:S,衣服质量很好，面料很舒服，穿上身很舒服很漂亮。
2019年08月24日 12:12,颜色:黑色尺码:M,包装很好物流很快，一看质量就是正品，穿着很舒服，上身效果很好，很满意。
2019年09月06日 21:48,颜色:白色尺码:XL,衣服是正品，面料很好，穿着很舒服，尺码刚好
2019年09月05日 17:15,颜色:黑色尺码:L,衣服收到了，是正品，质量不错，版型好看，上身好看舒服！
2019年08月29日 08:15,颜色:黑色尺码:L,质量很好的一款t恤，穿上很显瘦，很舒服，而且上面的图案很喜欢
2019年09月05日 09:40,颜色:黑色尺码:XL,这个价钱买到很满意 超值  质量很好 洗了不掉色 尺码标准 满意
2019年08月23日 06:00,颜色:白色尺码:XL,面料很舒服尺码标准做工精致穿上很好看
2019年09月04日 22:42,颜色:白色尺码:L,面料舒适，上身效果不错，图案漂亮，尺码标准，发货挺快的，喜欢。
2019年09月03日 11:35,颜色:白色尺码:XL,宝贝收到了，质量特好，穿着舒服，是正品，比实体店便宜好多，尺码合适，非常满意物流给力
2019年09月05日 00:29,颜色:黑色尺码:L,衣服料子很好，质量也不错，穿着很舒服，大小也合适，物流也很快，好评
2019年09月06日 20:15,颜色:白色尺码:XL,哈哈  收到了很喜欢   料子好 穿着舒服极了   下次还会回购啊
2019年08月26日 12:35,颜色:白色尺码:L,衣服收到了，质量不错，穿着宽松舒适，卖家发货也很及时，非常满意
2019年08月27日 05:17,颜色:黑色尺码:L,收到货了，质量不错，用水泡了一下，也没有褪色，满心欢喜，值得信赖
2019年08月25日 14:16,颜色:白色尺码:S,T恤合适，料子也舒服呢，朋友都说很潮
2019年09月04日 07:20,颜色:黑色尺码:XL,衣服质量很好，面料很舒服。穿上合身。
2019年08月25日 07:29,颜色:白色尺码:XL,这款T恤挺不错的。衣服质量摸着还可以，版型好看。好评。
2019年09月07日 22:34,颜色:黑色尺码:L,挺有个性的衣服，面料也舒服。
2019年09月06日 20:00,颜色:白色尺码:M,宝贝收到了，物流很快，面料摸起来很舒服，衣服也很合身，白色百搭款，喜欢
2019年08月27日 07:46,颜色:白色尺码:M,衣服很好，是正品的，码子也很标准，大小很合身，面料很舒服，
2019年08月26日 01:21,颜色:黑色尺码:M,正品货，穿上版型很好看，很宽松，不显得小肚子胖，很喜欢
2019年08月29日 07:29,颜色:白色尺码:L,面料柔软，手感好，穿着亲肤，做工细致，同网红同款噢
2019年09月03日 15:32,颜色:白色尺码:M,和图片一样，没有色差，是正品没错，质量很好，穿着很舒服的。
2019年09月02日 16:09,颜色:黑色尺码:S,衣服面料很舒服，厚度适中，推荐尺码合适，很喜欢 
2019年09月02日 08:54,颜色:黑色尺码:XL,体恤收到了，质量很好，面料柔软很舒服，上身效果很好
2019年09月04日 12:19,颜色:白色尺码:L,宝贝收到了，看着质量很好，上身效果很不错，很百搭，很漂亮，很满意
2019年08月28日 08:50,颜色:白色尺码:S,宝贝收到了，质量很好，上身效果不错，面料也舒服，很百搭。好评
2019年08月28日 20:39,颜色:黑色尺码:L,面料质量都很好，朋友都说好看，特别喜欢💖喜欢的入手吧
2019年08月23日 19:09,颜色:黑色尺码:XL,面料品质：质量很好，穿上特别大牌，满意 
2019年09月03日 19:35,颜色:黑色尺码:S,衣服看着就好，穿着舒服有活力
2019年09月01日 10:44,颜色:黑色尺码:XL,正品呦！很赞！面料超好！上身效果合适的很！
2019年08月21日 13:38,颜色:白色尺码:XL,衣服收到，面料很舒服，上身效果非常好，是我想要的感觉，喜欢
2019年08月28日 23:53,颜色:黑色尺码:M,悟空体恤已经穿了几天了，质量蛮好的◝😎◟版型好很满意
2019年08月28日 09:51,颜色:白色尺码:L,宝贝已收到质量非常好，穿上很潮非常满意！
2019年08月31日 21:29,颜色:白色尺码:L,布料很好，做工精细，款式好看，穿起来挺舒服。
2019年09月07日 21:50,颜色:白色尺码:M,面料很舒服，满意，厚薄适中，上身宽松
2019年08月22日 09:47,颜色:白色尺码:L,面料舒服穿着合适码数也正好
2019年08月24日 08:58,颜色:黑色尺码:XL,穿上了，很好看有质感，显瘦
2019年08月31日 09:08,颜色:白色尺码:M,面料超好，穿着很舒服，第一次买着这么好的。店家态度也超好
2019年08月21日 06:45,颜色:黑色尺码:L,T恤面料不错，做工精细，款式很好，上身效果不错，非常喜欢！
2019年08月27日 07:40,颜色:黑色尺码:M,衣服收到了，    穿着很有个性，还挺百搭的，      纯棉的，面料很柔软舒适
2019年08月23日 21:37,颜色:白色尺码:L,是正品的，很喜欢这款，料子做工都很好，穿着很舒服，好评
2019年09月06日 21:27,颜色:白色尺码:L,面料舒服，拿回来就穿上了，很合身，穿上刚刚好。
2019年08月27日 13:55,颜色:白色尺码:M,短袖收到了，质量非常好，尺码标准，面料柔软，透气性好，图案简单好看，穿着舒服，美美哒。很喜欢。
2019年09月03日 10:19,颜色:白色尺码:M,没有色差，质量挺好的穿着很舒服
2019年08月30日 19:06,颜色:白色尺码:L,上衣收到了，是正品，质量很好，款式很好看，布料很舒服，做工很不错，值得推荐
2019年08月29日 22:49,颜色:黑色尺码:M,衣服上身效果挺不错的，质量挺好的，做工精细，是正品不脱色软软的舒服
2019年08月25日 19:41,颜色:白色尺码:L,衣服质量非常好，做工精细，穿着很舒服
2019年09月02日 22:08,颜色:黑色尺码:L,体恤衫收到了，面料摸起来很舒服做工很好，我很喜欢
2019年09月07日 13:28,颜色:白色尺码:M,宝贝收到了，看了好多家才选的这家，试穿了一下，版型很好，面料柔软，全5分
2019年08月30日 15:53,颜色:黑色尺码:S,宽松款式，纯棉的，我这身材还是头一次穿s的，哈哈。特别好！
2019年08月27日 09:01,颜色:白色尺码:M,短袖回来了，质量超级好，纯棉的，logo很漂亮，穿上很有型。店家服务态度也很好
2019年09月05日 14:16,颜色:白色尺码:L,衣服收到，面料舒服。纯棉的，穿着舒服。
2019年08月24日 12:48,颜色:白色尺码:L,非常满意，质量很好，面料很舒服，穿着合身，棒棒哒！
2019年08月25日 22:03,颜色:白色尺码:L,纯棉的，面料舒服，价格实惠。
2019年09月02日 16:05,颜色:黑色尺码:L,衣服面料柔软，穿着很舒服，确定是正品
2019年08月28日 21:48,颜色:白色尺码:XL,衣服面料很好，很喜欢，穿着很舒服，是我喜欢的风格，好评
2019年08月23日 21:28,颜色:黑色尺码:M,布料不错，柔软舒适，穿上合身，挺喜欢的！
2019年08月22日 01:15,颜色:白色尺码:S,看起来很有质感，好看，发货快
2019年08月24日 05:12,颜色:白色尺码:L,面料柔软，穿着舒服，客服态度很好，推荐的尺码也合适，非常满意。
2019年09月03日 21:30,颜色:白色尺码:XL,宝贝收到了，质量不错，款式喜欢，穿着舒服，满意好评
2019年09月05日 20:55,颜色:白色尺码:L,面料很舒服，确实是正品的，上身效果不错，做工很仔细，诚信经营的卖家！
2019年09月06日 17:13,颜色:白色尺码:XL,衣服收到了，质量还不错，面料很舒服满意
2019年08月29日 12:46,颜色:白色尺码:M,质量很不错，面料摸起来柔软光滑，穿起来很舒服
2019年08月31日 10:24,颜色:黑色尺码:L,物流给力，给老公买的，质量杆杆的，穿着舒服，洗了不掉色，老公穿着帅帅哒，哈哈
2019年09月07日 08:43,颜色:黑色尺码:S,衣服收到，物流速度挺快，衣服穿上挺合适，质量不错，和描述的一样！满意好评
2019年08月30日 13:18,颜色:黑色尺码:S,质量好做工精细，版型好看，穿着舒服，很满意
2019年08月29日 22:31,颜色:黑色尺码:M,很洋气的衣服质量很好是正品，给老公买的很喜欢
2019年09月07日 13:20,颜色:白色尺码:M,衣服是正品，纯棉的，穿着很舒服
2019年08月26日 12:15,颜色:白色尺码:L,衣服面料很好，版型很棒，上身效果很好，喜欢
2019年08月30日 09:23,颜色:白色尺码:XL,宝贝已收到质量不错面料很舒服
2019年08月29日 11:16,颜色:白色尺码:XL,面料很舒服，白色显肤色，喜欢😍
2019年08月22日 11:30,颜色:白色尺码:XL,衣服收到了质量很好很喜欢，做工精细挺不错的选择。
2019年09月07日 14:54,颜色:白色尺码:XL,T恤衫质量很好，穿着很舒服，好评好评好评好评好评
2019年08月23日 20:22,颜色:黑色尺码:M,朋友介绍过来的，说他家衣服很不错，确实是正品，很满意的一次购物，下次需要会再来的。
2019年08月31日 08:38,颜色:黑色尺码:L,终于买到了大爱阿，确认了是正品颜色没有色差好喜欢
2019年09月01日 19:07,颜色:黑色尺码:M,"老熟客了,东西还是一如既往地好,货真价实，性价比突出，非常满意！"
2019年09月03日 06:21,颜色:黑色尺码:M,面料柔软舒适，做工精细，穿着很舒服
2019年09月05日 09:10,颜色:白色尺码:M,衣服面料很舒服，款式很喜欢，上身效果很好，好评
2019年08月24日 14:42,颜色:白色尺码:XL,是正品的，穿着很舒服，推荐码数刚刚好
2019年08月27日 09:15,颜色:白色尺码:L,无论&lrm;尺&lrm;码还是&lrm;样式&lrm;都超&lrm; &lrm;各种搭&lrm;&lrm;各种试&lrm; 镜子&lrm;面前&lrm;臭美&lrm;了好&lrm;半天&lrm;呢&lrm; ，超喜欢的
2019年08月22日 17:06,颜色:黑色尺码:M,衣服质量很好，穿上美美哒，快递第二天就到了好评
2019年09月07日 13:31,颜色:黑色尺码:M,这款T恤挺好看的。买回来大小刚好合适，而且很合身。
2019年08月22日 20:05,颜色:白色尺码:M,半袖收到了，质量很好，码数标准，上身效果很好，物流也很快！
2019年08月28日 13:44,颜色:白色尺码:L,半袖收到了款式很洋气上身效果极佳是正品很喜欢
2019年09月05日 08:25,颜色:白色尺码:L,面料品质：手感舒服， 厚薄度：适合夏季，很凉快， 尺码推荐：合适， 上身效果：非常好，舒适，凉快 
2019年08月23日 08:34,颜色:白色尺码:M,衣服面料很好上身效果不错
2019年09月03日 22:34,颜色:黑色尺码:M,质量很好，穿上很舒服！也上档次，建议购买！好评
2019年09月06日 20:25,颜色:黑色尺码:M,很漂亮的体恤，是正品，超级喜欢，面料做工都很满意
2019年08月22日 07:43,颜色:白色尺码:M,面料品质：面料品质很好，手感好 厚薄度：厚薄适中，满足我要求 尺码推荐：商品详情中有尺码推荐，推荐准确 上身效果：上身效果很好，修身 材质特性：面料材质和店家描述一样，超出了我预算的想象 
2019年08月23日 09:58,颜色:黑色尺码:S,宝贝收到了，质量很不错，试了试，效果很满意，客服态度也很好，下次还会光顾哟。
2019年08月26日 14:35,颜色:白色尺码:M,质量很不错，面料很舒服，做工也很好，版型很好看
2019年08月28日 14:49,颜色:白色尺码:XL,已收到，穿起来很舒适，好看。
2019年08月27日 18:55,颜色:黑色尺码:L,质量很好，快递给力，价格合适，比外面实体店还优惠，
2019年09月06日 10:30,颜色:白色尺码:L,衣服收到了，质量很好，物有所值，大小也合适。
2019年08月27日 11:10,颜色:白色尺码:M,衣服质量很好，穿起来也很舒服，我很满意。
2019年08月22日 14:15,颜色:白色尺码:XL,质量棒极了 穿着非常舒服 满意
2019年08月26日 10:55,颜色:黑色尺码:XL,质量非常的好，穿着非常的舒服，是正品好评。
2019年09月04日 08:01,颜色:白色尺码:XL,质量很好。穿着很舒服。尺寸标准
2019年08月29日 08:40,颜色:黑色尺码:XL,面料很舒服客服推荐的尺码正好，穿上特别显瘦，很喜欢
2019年09月01日 16:48,颜色:黑色尺码:XL,面料很好，穿着舒服，做工精细。
2019年08月30日 18:36,颜色:白色尺码:S,衣服质量很好，穿起来超舒服，很不错。
2019年08月26日 23:51,颜色:黑色尺码:L,质量跟价格成正比，可以推荐
2019年08月24日 22:46,颜色:白色尺码:L,面料柔软舒适，图案好看！
2019年09月07日 03:47,颜色:白色尺码:L,衣服挺不错的，质量很好做工满意，发货也很及时！
2019年08月25日 06:30,颜色:黑色尺码:XL,质量很好，面料柔软，穿着很舒服
2019年08月29日 10:23,颜色:白色尺码:M,面料摸着就舒服，穿着很舒服很漂亮。
2019年08月25日 18:39,颜色:白色尺码:M,体恤收到了是正品。上身效果不错，满意极了。
2019年09月02日 06:59,颜色:黑色尺码:M,衣服质量很不错，上身效果很好，值得推荐
2019年09月04日 16:00,颜色:黑色尺码:M,面料很舒服，是纯棉的，款式很好看，很满意
2019年09月03日 18:40,颜色:黑色尺码:M,面料和做工都非常好，纯棉t，简单粗暴。正品!
2019年08月25日 12:08,颜色:白色尺码:XL,体恤质量不错，是正品的，号码也正好，好评
2019年08月27日 16:39,颜色:黑色尺码:S,货收到了，质量很好，上身效果也不错，我很喜欢，不要犹豫 值得购买
2019年08月30日 16:42,颜色:白色尺码:M,衣服收到了，效果不错，穿着很舒服
2019年08月26日 15:08,颜色:黑色尺码:XL,衣服收到了，质量不错，物流也很快，穿上大小刚好，很喜欢，赞
2019年08月25日 23:59,颜色:黑色尺码:S,质量很好，很舒服，非常不错，码数合适刚刚好
2019年08月23日 21:02,颜色:白色尺码:S,衣服面料舒适，百搭，还会回购
2019年09月06日 05:34,颜色:黑色尺码:L,很帅气，质量做工都很好灰常满意
2019年08月28日 18:55,颜色:黑色尺码:S,正品，衣服的面料非常好，款式新颖时尚，非常满意。
2019年09月03日 08:16,颜色:黑色尺码:M,衣服质量很不错，穿上很舒服，满意
2019年09月06日 08:34,颜色:白色尺码:L,我的心爱的衣服收到了很高兴哟，穿得很舒服，很满意，，下次也会经常来购买的哟
2019年09月06日 21:51,颜色:白色尺码:M,衣服是正品，穿着很好看，很舒服，客服推荐的号标准！
2019年09月03日 08:10,颜色:白色尺码:XL,衣服收到了，质量很好，图案特别喜欢！是正品，值得推荐！
2019年09月02日 00:23,颜色:黑色尺码:M,衣服款式很好看，价格实惠，好评
2019年08月29日 15:26,颜色:白色尺码:L,面料挺好，穿着舒服
2019年08月21日 20:31,颜色:白色尺码:L,衣服收到了质量很好穿着很舒适
2019年08月31日 14:12,颜色:白色尺码:L,t恤已收到，纯棉的，款式挺宽松的，
2019年09月01日 23:17,颜色:黑色尺码:XL,衣服是正品，质量很棒，商家靠谱，有需要会再来。
2019年08月08日 16:09,颜色:黑色尺码:L,物流很快衣服的料子摸起来很舒服，夏天穿也很透气，款式很特别，衣服没有色差哦，很喜欢。
2019年08月23日 00:20,颜色:黑色尺码:L,质量很好，面料很舒服，很合身，真心不错
2019年09月07日 23:11,颜色:白色尺码:L,特别好好穿也好看，已买了第二次，这次是帮朋友买的。
2019年08月27日 10:32,颜色:白色尺码:M,超正，正品，质感不错，尺码标准
2019年08月22日 08:32,颜色:白色尺码:S,衣服收到了，质量非常好，老公很喜欢
2019年09月06日 18:41,颜色:白色尺码:XL,衣服收到了，质量很好，穿上很舒服，是正品
2019年08月30日 22:11,颜色:白色尺码:M,衣服收到了，质量很好，穿着很好看，喜欢
2019年08月25日 08:24,颜色:白色尺码:XL,t桖很好 面料舒服 很潮流 特别喜欢
2019年08月30日 08:23,颜色:黑色尺码:L,面料挺舒服的，穿上感觉很潮，很满意
2019年08月25日 16:50,颜色:黑色尺码:M,衣服收到了，是正品，面料很舒服柔软，做工精细，款式简单大方，卖家态度好，物流快，好评五星！
2019年09月06日 08:44,颜色:黑色尺码:XL,衣服面料挺舒服的，很百搭。
2019年08月21日 09:38,颜色:黑色尺码:L,料子很不错哦，下次还来购买
2019年08月30日 22:37,颜色:白色尺码:S,是正品，面料舒适，款式洋气，好评！
2019年08月31日 22:08,颜色:黑色尺码:XL,质量很好的，面料很舒服
2019年08月28日 16:43,颜色:黑色尺码:XL,衣服收到了，质量很好，很喜欢，朋友们都说好看
2019年09月03日 08:54,颜色:白色尺码:XL,面料很好，做工精细，尺码标准。
2019年09月02日 14:51,颜色:黑色尺码:M,t恤质量很好，面料穿着舒适透气，图案很好看，码数标准，穿着休闲百搭
2019年08月29日 00:29,颜色:黑色尺码:M,T恤质量很好，做工精细是正品。
2019年09月11日 09:07,颜色:黑色尺码:XL,短袖是正品，价格比实体店便宜多了。
2019年08月26日 18:07,颜色:黑色尺码:XL,很满意！衣服质量挺好的！是正品非常满意！
2019年07月31日 06:30,颜色:黑色尺码:XL,衣服是棉的面料，版型是宽松版的，颜色也很正，很遮肉，洗完之后没有变形缩水，挺好的，价格也实惠
2019年09月07日 20:51,颜色:黑色尺码:L,衣服质量不错，做工很好，好评
2019年08月21日 17:19,颜色:黑色尺码:XL,做工面料都非常好！
2019年08月29日 09:25,颜色:黑色尺码:L,短袖收到了，质量好是正品，不起球不掉色
2019年08月30日 23:12,颜色:黑色尺码:S,衣服布料不错，很合身。物流也快，老板服务也好，满意
2019年09月07日 15:44,颜色:白色尺码:XL,衣服面料好，款式好看，非常喜欢，很满意。
2019年08月28日 23:50,颜色:白色尺码:L,衣服很快就收到了，质量很好，款式好看，很满意。
2019年09月07日 20:01,颜色:白色尺码:M,衣服是正品，质量特别好，很喜欢！
2019年08月28日 15:01,颜色:黑色尺码:XL,宝贝质量很好，棉麻的欧，很喜欢，好评截图
2019年09月01日 07:02,颜色:白色尺码:XL,衣服收到，面很舒服，款式好看，百搭，很满意
2019年08月26日 09:13,颜色:白色尺码:L,版型很满意，面料摸得很舒服，发货速度也很快。
2019年08月24日 13:21,颜色:白色尺码:M,面料品质：质量很好，摸着很舒服， 厚薄度：刚刚好，穿着不热 尺码推荐：客服态度很好，很耐心，推荐的尺码刚刚好，不大不小 上身效果：上身效果我很满意 
2019年08月21日 09:35,颜色:白色尺码:M,面料品质：很舒服 厚薄度：刚好 尺码推荐：很合适 上身效果：简单好看，好搭配衣服 
2019年08月28日 04:17,颜色:白色尺码:M,不错质量很好，很舒服&hellip;
2019年08月24日 18:33,颜色:白色尺码:M,衣服质量很好
2019年09月04日 21:41,颜色:黑色尺码:XL,穿着显瘦，很舒服！
2019年09月02日 16:01,颜色:黑色尺码:M,很喜欢的一个款式质量很好快递很满意很快
2019年09月03日 22:12,颜色:白色尺码:XL,宝贝收到了，质量很好，面料也不错，穿上很舒服，物流也很快，商家服务态度很好，值得购买。
2019年09月02日 08:38,颜色:白色尺码:M,衣服已经收到，质量不错，我很满意。
2019年08月27日 18:03,颜色:黑色尺码:M,衣服质量好，款式时尚，很喜欢
2019年09月03日 14:43,颜色:白色尺码:XL,衣服挺酷颜色也挺正，正品没问题，喜欢
2019年09月07日 08:03,颜色:白色尺码:M,面料舒服，上身效果好。
2019年08月07日 23:08,颜色:黑色尺码:M,面料很不错，质量和做工也很好，喜欢这个款式设计，尺码合适，没有褪色起球现象，穿的舒服，售后有保障。
2019年08月21日 15:48,颜色:黑色尺码:L,衣服质量很好，做工精致，好评
2019年08月24日 00:39,颜色:黑色尺码:S,穿上很有型是正品
2019年09月03日 07:14,颜色:白色尺码:L,质量非常好，是纯棉的。
2019年08月23日 11:24,颜色:白色尺码:M,给男朋友买的，给他个小惊喜
2019年08月23日 12:08,颜色:白色尺码:M,发货很快，颜色、质地很好。总体来说不错，赞！
2019年08月26日 22:45,颜色:白色尺码:M,非常好看的手链，包装很奈斯，物流也非常给力
2019年08月29日 00:00,颜色:白色尺码:XL,做工很好，图案很好看。
2019年08月29日 10:24,颜色:白色尺码:S,宝贝收到了，是正品，质量不错，款式好看，非常满意
2019年08月26日 11:35,颜色:白色尺码:M,质量不错好评
2019年09月02日 08:02,颜色:黑色尺码:M,质量很好，穿着很舒服，很喜欢
2019年09月04日 13:36,颜色:白色尺码:L,质量不错，面料很舒服，好评
2019年08月27日 20:50,颜色:黑色尺码:L,质量非常好，尺码合适，满意
2019年09月05日 00:50,颜色:黑色尺码:XL,质量不错，价格也很便宜！物超所值！好评
2019年09月07日 10:02,颜色:黑色尺码:M,东西很好手感也不错，客服也挺好的，满意的购物
2019年08月25日 23:13,颜色:黑色尺码:L,是正品哦，质量棒棒哒，喜欢。
2019年08月25日 00:11,颜色:白色尺码:L,喜欢，面料很舒服很喜欢！大爱
2019年08月30日 08:29,颜色:白色尺码:L,好评，尺码合适，面料舒服
2019年09月02日 09:50,颜色:白色尺码:XL,挺不错的，非常的满意，必须好评！
2019年08月28日 22:28,颜色:白色尺码:XL,收到了不错很满意值得推荐
2019年09月03日 00:04,颜色:白色尺码:XL,尺码准确，做工精致，发货速度很快
2019年08月21日 23:14,颜色:白色尺码:S,第二次购买，质量很好，物有所值
2019年09月04日 08:39,颜色:白色尺码:M,短袖收到了，质量不错，是正品，满意
2019年08月27日 21:55,颜色:白色尺码:L,面料舒服，质量挺好的。
2019年08月04日 08:58,颜色:白色尺码:S,面料品质：物流很快 衣服的料子摸起来很舒服 很有质感 夏天穿也很透气 最主要的是款式很特别 上身效果很赞 衣服没有色差哦 很喜欢。 
2019年08月31日 12:55,颜色:黑色尺码:XL,很好，家里人很喜欢！有需要再来！
2019年08月04日 09:21,颜色:黑色尺码:M,t恤洋气又百搭 设计感小心机十足 上身有范儿 细节满分 配裙子裤子都好看
2019年07月28日 18:42,颜色:黑色尺码:M,衣服布料柔软弹性好 穿着透气又舒服 质量很好
2019年08月01日 15:09,颜色:白色尺码:L,此用户没有填写评价。
2019年08月18日 12:48,颜色:白色尺码:M,T恤收到质量不错，面料柔软舒适，透气性也不错，效果很好。特别是图案很年轻很时尚。
2019年08月13日 08:23,颜色:白色尺码:S,T恤纯棉的，很舒服又很透气，尺码也很标准，我买的白色的，搭配牛仔裤很好看！经典款
2019年07月29日 09:25,颜色:白色尺码:M,料子柔软透气，穿着很舒服不闷热，细节做工很精细，好搭配裤子和鞋子
2019年08月20日 11:11,颜色:黑色尺码:L,T 恤面料蛮好的，穿上大小正合适，图案很漂亮，做工跟精细！
2019年07月30日 15:50,颜色:黑色尺码:S,不错试穿以后满意，是夏天的感觉，穿上清爽舒服，大小也刚刚好，室友都说好看，已经推荐给她啦
2019年07月31日 08:18,颜色:白色尺码:XL,衣服质量很好，纯棉面料，手感柔软，白色衣服很百搭哦。
2019年08月02日 10:11,颜色:白色尺码:L,衣服纯棉，面料柔软细腻，穿上非常舒服，宽松吸汗。很喜欢
2019年07月28日 12:57,颜色:黑色尺码:XL,面料品质：面料手感柔软 厚薄度：厚薄适中 尺码推荐：尺寸正好 上身效果：穿着太舒服了 
2019年08月03日 08:24,颜色:黑色尺码:XL,衣服质量不错，面料柔软舒适，透气性不错。效果很好，很夏天的感觉，大爱鸭~
2019年07月30日 15:09,颜色:黑色尺码:M,衣服已经收到，评价晚了 嘿嘿 但是衣服质量真的没话说了，跟专柜一样的 穿上很舒服是我想要的效果
2019年07月31日 21:16,颜色:白色尺码:S,不错(*๓&acute;╰╯`๓)♡，显白，穿上漂亮，不说赶快出去浪吧浪吧，包装很好，快的很快
2019年08月20日 20:46,颜色:黑色尺码:L,衣服面料很好，透气性特别好，上身效果很好看，做工和质量特别好，大小正合适，很满意
2019年08月07日 23:32,颜色:白色尺码:L,这款T恤面料舒适，颜色亮丽，衣服图案是很青春很好看的，穿着宽松显瘦，总体满意！
2019年08月16日 12:42,颜色:黑色尺码:S,面料品质：满意！ 厚薄度：应季！ 尺码推荐：准确！ 上身效果：合身！ 材质特性：面料不错！
2019年08月03日 16:44,颜色:黑色尺码:S,和图片一样 宽松版型很好穿 洗过没变形 不褪色 质量很好 还会再来
2019年08月01日 13:31,颜色:黑色尺码:L,衣服收到了 面料柔软手感舒适 穿着非常舒服 很喜欢
2019年08月09日 09:40,颜色:黑色尺码:L,t恤收到了，版型不错，纯棉材质，穿着很舒服吸汗，大小合适，很满意。
2019年07月30日 10:56,颜色:黑色尺码:M,上衣收到了，款式风格很喜欢，尺码穿着很合适，质量面料都很好，穿着很舒服很好看
2019年08月10日 21:37,颜色:黑色尺码:XL,款式很有个性，而且质量也挺好的，码数标准，穿着刚刚好，很舒服
2019年08月04日 13:51,颜色:黑色尺码:M,衣服质量很好，料子很舒服，图案好看，好搭衣服，码数也合适，穿上也不透
2019年08月17日 11:25,颜色:黑色尺码:L,衣服收到了面料柔软大小合适穿着舒服透气无色差物流很快做工很好
2019年08月01日 11:49,颜色:黑色尺码:M,物美价廉，非常好，穿上特别显皮肤白，不厚重非常好，面料轻薄，透气，速干非常合适夏天旅游穿，干的快还透气，大赞
2019年08月06日 10:54,颜色:白色尺码:M,胸前的印花做得非常好，布料也很透气吸汗，大小正合适超级满意！喜欢ing
2019年08月06日 23:48,颜色:白色尺码:XL,衣服敲好看!颜色蛮特别亮眼又显白青春靓丽活泼也好搭配短裙裤子都好看爱了! !
2019年08月01日 21:39,颜色:白色尺码:XL,衣服收到 喜欢 穿着舒服合身 时尚 洋气 有质感 下次会再来
2019年08月07日 21:07,颜色:白色尺码:M,此用户没有填写评价。
2019年08月16日 11:01,颜色:白色尺码:S,这个图案太可爱了，纯棉的材质吸汗，凉爽，码数也合适，满意。
2019年08月14日 16:24,颜色:黑色尺码:M,超级大爱的衣服，面料柔软舒适透气，图案年轻时尚潮流
2019年08月05日 21:30,颜色:白色尺码:S,衣服尺码刚好，穿着很舒服，图案很酷，面料很柔软，满意。
2019年08月14日 00:34,颜色:黑色尺码:XL,衣服质量很好，穿上也合适，穿上显白
2019年07月30日 09:58,颜色:黑色尺码:S,衣到了，试了下很合适，穿着很舒服，衣服做工着数，手感也很不错，没有脱线的情况，没有色差，跟描述的一样，很满意。
2019年08月08日 20:29,颜色:黑色尺码:M,不愧是正品，质量和做工都没话说。穿起很舒服透气性很好，
2019年08月02日 23:00,颜色:黑色尺码:XL,衣服收到了，质量很好，面料柔软透气舒适，款式潮流前线好看，好评
2019年08月05日 21:49,颜色:白色尺码:S,面料品质：面料非常舒服，很柔软 上身效果：上身效果也很好，非常不错，喜欢 
2019年08月05日 14:53,颜色:黑色尺码:XL,棉的穿着很舒服，衣服上的图案很有个性，做工精致，没啥线头
2019年08月12日 07:35,颜色:白色尺码:L,货收到了，质量很好，是纯棉的，柔软穿着舒适。透气性强。款式好看潮流
2019年08月16日 16:46,颜色:黑色尺码:XL,质量很好，面料柔软，衣服跟图片描述的一样，没色差，上身很合适，码数标准，价格合理，很满意
2019年08月16日 12:53,颜色:白色尺码:M,质量很好，面料不错，很透气，穿着舒服，图案很喜欢
2019年07月30日 00:20,颜色:黑色尺码:XL,宝贝收到了啊，特别好看，很喜欢，穿着特别柔软舒适，质量特别好，面料棉质的特别舒服，颜色很正挺喜欢的。
2019年07月31日 12:46,颜色:白色尺码:S,面料非常舒服是纯棉的，衣服很百搭上身效果很好，穿去上班同事都说好看！
2019年07月30日 12:39,颜色:黑色尺码:L,衣服一收到就马上试穿上啦！衣服是棉质的，很柔软，穿起来特别舒服。
2019年08月18日 11:26,颜色:白色尺码:M,衣服收到了，质量很好，穿上效果很好，款式也很漂亮，值得拥有
2019年07月31日 19:38,颜色:白色尺码:S,面料摸着很好，质量不错，会介绍给有需要的朋友
2019年07月31日 01:41,颜色:白色尺码:XL,面料挺好穿着很舒服，样式也不错，大方又随意，也好看，很满意。
2019年08月02日 21:24,颜色:白色尺码:XL,穿出街真的回头率百分百呢哈哈哈 挺有特色的穿着也蛮舒服
2019年08月19日 09:29,颜色:白色尺码:L,是正品东西，实物图案颜色与图片无差别，卡哇伊的造型有回头率，面料材质很舒服，不起皱
2019年08月18日 13:05,颜色:白色尺码:M,衣服收到几天了，洗过一次，挺好的，面料吸水性很好，不起球，穿上身很舒服
2019年08月12日 19:46,颜色:白色尺码:M,面料柔软，客服尺码推荐的标准，给我家老公买的，他上身试了效果挺好的，实物和图片一样。
2019年07月28日 20:26,颜色:黑色尺码:L,很清爽~凉快~穿着舒服~
2019年08月03日 00:55,颜色:白色尺码:L,此用户没有填写评价。
2019年08月12日 19:54,颜色:黑色尺码:M,衣服收到了，包装的不错，料子也很好，洗了都没有掉色
2019年07月31日 11:20,颜色:黑色尺码:XL,衣服买给老弟的，码数舒适，纯棉的好舒服😊
2019年08月12日 21:05,颜色:黑色尺码:L,宝贝收到了，厚薄刚刚好，面料不错，上身效果好，穿上舒服。
2019年08月15日 11:15,颜色:黑色尺码:M,质量真的非常的好，质量还可以，面料做工都特别好，衣柜里就缺这样百搭的T恤，摸着很柔软，是我喜欢的类型，衣服面料柔软舒适
2019年08月04日 17:56,颜色:白色尺码:S,衣服料子不错，做工很精细，穿上尺码合适，也很舒服，非常满意的一次购物
2019年08月19日 23:34,颜色:黑色尺码:XL,面料品质：面料手感确实挺好的，下水漂洗也没掉色。百搭款 
2019年08月13日 08:49,颜色:黑色尺码:S,衣服面料柔软细腻，穿着很舒服，宽松的款式，很休闲，比较百搭
2019年08月17日 10:20,颜色:黑色尺码:M,质量摸着挺不错的，是正品。我穿着大小也挺合适的。还想在卖一件给我老公穿，当作我们两个的情侣衣服
2019年08月09日 08:25,颜色:黑色尺码:L,上身效果：胸前的印花做得非常好，布料也很透气吸汗，大小正合适超级满意！喜欢 ing 
2019年08月10日 17:12,颜色:黑色尺码:XL,物流快，衣服料子摸起来很舒服，很有质感，夏天穿很透气，上身效果很好，好评！
2019年08月10日 01:01,颜色:黑色尺码:M,短袖质量不错，款式好看，薄款的，尺码标准穿着很合身
2019年07月29日 00:20,颜色:黑色尺码:L,好看的鸭，挺喜欢的，摸起来手感也不错，穿了几天才来评价的，也没有起球，嘻嘻嘻，质量有保证，而且价格也不贵
2019年08月15日 08:51,颜色:黑色尺码:M,物流很快，面料摸起来很柔软，上身很舒服，尺码合适！物有所值！
2019年07月29日 18:54,颜色:黑色尺码:M,衣服触感很亲肤，不是那种粗照的棉，是今年的T恤你最满意的一件。
2019年08月12日 11:26,颜色:黑色尺码:XL, 面料挺舒服的，透气性好，版型很洋气，很酷的一款上衣。
2019年08月06日 10:58,颜色:白色尺码:L,衣服质量很好，颜色鲜艳，是我喜欢的，收到迫不及待的穿上了。
2019年08月17日 17:18,颜色:白色尺码:M,孩子最近一直在看孙悟空的动画片。非嚷着要买这款短袖，感觉还行还不错，价钱是贵了点，但质量也确实是不错。 
2019年07月30日 22:01,颜色:白色尺码:L,码正正好，显白，料子很舒适，不闷汗
2019年07月30日 10:28,颜色:白色尺码:L,样子时髦新潮穿上去很好看，料子也不错，做工也很好。
2019年08月09日 22:12,颜色:黑色尺码:XL,衣服收到了，面料柔软舒适，款式非常满意，大小合适穿着很舒服
2019年08月08日 09:19,颜色:黑色尺码:L,短袖收到了  吴亦凡同款样式好看  穿上舒服  质量很好是正品
2019年08月20日 08:07,颜色:白色尺码:XL,衣服收到了，孩子穿上大小合适，也很喜欢，质量挺好
2019年08月07日 12:45,颜色:白色尺码:L,衣服款式很好看，布料很舒服，穿起来很修身，特别洋气
2019年08月20日 19:04,颜色:黑色尺码:L,质量还不错，尺码合适，穿着很舒服，款式简约很喜欢，满意
2019年08月09日 12:03,颜色:白色尺码:XL,衣服质量很好，穿着很凉快。
2019年07月31日 12:07,颜色:白色尺码:L,衣服收到了，质量很好，很潮，有个性，白色很百搭，很满意
2019年08月02日 21:50,颜色:黑色尺码:XL,T恤短袖收到了，质量不错，穿上大小合适，面料非常舒服
2019年07月31日 22:17,颜色:黑色尺码:XL,收到了，面料很舒服，质量做工都很精细，  穿着效果很好。
2019年07月29日 13:54,颜色:黑色尺码:XL,面料看上去很有质感，穿上也非常合身
2019年08月19日 19:35,颜色:黑色尺码:L,此用户没有填写评价。
2019年08月11日 14:02,颜色:黑色尺码:XL,衣服收到了，质量超级好，穿上非常漂亮，推荐给大家购买哦
2019年08月03日 14:01,颜色:黑色尺码:XL,面料柔软，没有多余的线头，大小刚刚好，面搭
2019年08月19日 09:09,颜色:黑色尺码:XL,T恤很快就收到了，尺码标准，面料柔软舒适，穿起来宽松大气，有需要还会再来的
2019年08月14日 13:46,颜色:白色尺码:L,面料质量很好  薄厚适中  上身效果很好 推荐大家购买
2019年08月10日 12:59,颜色:黑色尺码:M,T恤已收到，面料很好，做工精细，不掉色不粘毛，穿起来很合身，非常喜欢。
2019年08月08日 19:29,颜色:黑色尺码:M,穿着很舒服，很透气，洋气的不得了
2019年08月11日 11:17,颜色:黑色尺码:L,衣服收到穿着很舒服，面料非常不错，做工精细图案挺立体感的，满意的一次购物。
2019年08月17日 13:34,颜色:黑色尺码:XL,面料舒服，材质细腻，质量好，颜色正，不缩水褶皱
2019年08月19日 19:37,颜色:黑色尺码:XL,衣服收到了，面料很好上身效果很好，儿子穿着帅帅的。
2019年08月03日 21:07,颜色:白色尺码:S,"挺好看的，衣服很有特色，上身效果也很nice,值得点赞的产品。"
2019年08月06日 23:40,颜色:黑色尺码:S,T恤面料超好，穿着很合适，图案款式特别喜欢，质量做工都很好，满意！
2019年08月01日 11:20,颜色:白色尺码:M,面料柔软，厚薄正好，尺码标准，上身效果好，材质好
2019年07月29日 18:15,颜色:白色尺码:S,布料透气舒服，码数标准
2019年08月15日 21:50,颜色:白色尺码:M,哈哈，明星同款质量就是好，特别满意，尺码也标准，穿着很合适。
2019年08月20日 18:27,颜色:白色尺码:XL,半袖已经收到了，质量超级好，回来就穿上了，穿着很舒服也很时尚，款式也很好，非常满意喜欢，，
2019年08月18日 08:36,颜色:黑色尺码:M,买得黑色，我觉得更能凸显悟空图案，反正我蛮喜欢的，质量又好，穿着显瘦。
2019年08月19日 08:01,颜色:黑色尺码:XL,质量挺好的，面料很舒服，穿着很个性舒服
2019年08月12日 12:50,颜色:白色尺码:XL,衣服已收到！款式也好看！质量不错，洗了也不脱水！我弟弟好喜欢！终于买到合适的啦！服务态度也挺好，没有说谎确实很好！满意。
2019年08月07日 10:27,颜色:黑色尺码:L,今年非常流行的小悟空收到了，质量非常好，面料很舒服。黑色上身显瘦，特别满意！
2019年08月12日 15:24,颜色:黑色尺码:L,舒适透气，夏天穿很舒服 好看!特别显身材
2019年08月02日 09:45,颜色:白色尺码:L,颜色挺好看的，穿着很温柔的感觉，而且显白，哈哈，也比较显瘦的，吼吼。
2019年08月17日 08:01,颜色:白色尺码:XL,衣服收到了，质量没的说大牌子的衣服，版型正上身效果好，我很喜欢
2019年08月19日 07:24,颜色:黑色尺码:L,衣服收到了质量挺不错的布料柔软，穿上很舒服，
2019年08月18日 17:08,颜色:白色尺码:S,包包很吸引我，真的很喜欢，物流速度也很快。衣服蛮好看的，料子也不错。感谢
2019年08月20日 10:33,颜色:白色尺码:M,衣服质量很不错，卖家推荐的尺码刚好，卖家态度非常好
2019年08月07日 20:08,颜色:黑色尺码:S,面料软，厚薄刚好，尺码也标准，穿上很潮
2019年07月18日 23:58,颜色:白色尺码:M,快递很快，衣服很快就收到了，衣服是棉的，料子是冰凉柔滑的手感，穿上凉凉的而且透气，有弹性，一开始担心白色会容易看到内衣，但我穿的黑背心居然一点也看不到，值得入手！没想到能买到质量这么好的衣服 ，下次还会回购的。
2019年08月07日 23:08,颜色:白色尺码:M,质量很不错做工精细，面料很舒服穿上很好看百搭
2019年07月29日 15:05,颜色:黑色尺码:XL,面料很舒服穿着凉快
2019年08月14日 20:18,颜色:白色尺码:M,短袖是正品，与描述相符，质量好，款式新颖时尚，穿着时尚潮流，不错，值得购买
2019年08月10日 12:11,颜色:黑色尺码:L,轻盈帅气，跟我的裤子正好搭一套
2019年08月11日 15:36,颜色:黑色尺码:L,衣服面料很好哦，是我喜欢的款式，迫不及待试穿了，上身效果也是棒棒哒😄
2019年08月17日 15:19,颜色:白色尺码:L,面料舒服，尺码标准，儿子穿上帅帅的，很显肤色，不错
2019年07月29日 21:47,颜色:黑色尺码:S,很合适，颜色也很好看，面料也很亲肤，是棉的，做工很精细没有线头，穿着舒适，服务态度还是很好的，总之大爱。
2019年08月05日 16:07,颜色:黑色尺码:M,衣服面料很舒服，款式喜欢，尺码合适，上身效果不错，很满意
2019年07月30日 08:22,颜色:黑色尺码:L,衣服收到了，尺码很正啊，我很喜欢，穿上很舒服，衣服也很漂亮，整体的感觉不错，很喜欢，赞一个
2019年08月13日 21:56,颜色:黑色尺码:M,材质特性：衣服穿上很舒服，图案我喜欢，质量好，特有气质 
2019年08月17日 13:11,颜色:黑色尺码:S,衣服料子很舒服，很吸汗很透气。
2019年08月02日 20:21,颜色:白色尺码:L,衣服太好看了，宝贝质量太好了，款式特别好看，是我喜欢的风格，喜欢的美眉下手吧
2019年07月30日 15:35,颜色:黑色尺码:L,质量真不错，穿着很舒服，价格实惠
2019年08月17日 09:30,颜色:黑色尺码:S,这个衣服是真品，质量超级好，我超级喜欢，价格非常便宜，面料好舒服
2019年08月19日 21:07,颜色:白色尺码:S,衣服收到了，亦凡哥哥同款很漂亮啊，质感也好，很喜欢的一款白t，好评
2019年08月11日 22:26,颜色:黑色尺码:XL,短袖很潮，穿着很好看，料子很舒服，做工精细，物有所值呀！
2019年08月06日 10:04,颜色:白色尺码:S,面料很好，真是一分钱一货，厚薄度这个天气穿正好。
2019年08月09日 05:58,颜色:白色尺码:L,衣服面料亲肤，柔软舒适，上身效果不错，非常好搭配，买值了
2019年08月02日 21:48,颜色:白色尺码:M,衣服收到了，是全棉的，穿着很舒服，尺码也很正，满意
2019年08月01日 17:06,颜色:黑色尺码:M,衣服质量挺好的，面料也很舒服，上身效果也非常好。
2019年08月11日 08:38,颜色:白色尺码:S,衣服比较合适修身好看值得入手 价格便宜！
2019年07月31日 08:52,颜色:白色尺码:M,衣服收到了，大小刚刚好，面料很舒服的，好看
2019年08月18日 07:32,颜色:白色尺码:XL,t恤质量很好，面料柔软舒适，尺码标准，价位也很优惠，值得购买。
2019年08月01日 12:31,颜色:黑色尺码:M,"面料轻薄透气,款士大方."
2019年08月10日 14:30,颜色:白色尺码:XL,衣服早就收到了，已经穿过一次了，面料挺好的，上身效果很不错。
2019年08月18日 09:35,颜色:黑色尺码:L,货已经收到质量不错穿着很舒服外观好看好评
2019年08月20日 21:07,颜色:白色尺码:M,质量还不错，价格实惠，图案可爱。满意
2019年08月03日 20:10,颜色:白色尺码:M,质量不错，好看的，穿着也舒适，醒目的颜色满意的
2019年07月29日 21:11,颜色:白色尺码:L,衣服收到了，很好，面料舒服柔软，透气性好
2019年08月07日 21:58,颜色:白色尺码:L,好看，不起球，穿起来舒服，透气，尺码标准，卖家服务态度很好，发货也快
2019年08月05日 05:20,颜色:黑色尺码:S,短袖还是非常不错的呢 质量很好 而且尺码标准 很合身很好看
2019年08月08日 12:02,颜色:黑色尺码:M,衣服正品，薄厚适中。尺码合适，上身效果不错。
2019年08月19日 11:52,颜色:黑色尺码:M,衣服到了，码数合适，面料柔软舒适，百搭时尚又好看，不错
2019年08月15日 20:34,颜色:黑色尺码:L,给男朋友买的 好看 质感不错 
2019年08月14日 10:48,颜色:黑色尺码:M,衣服质量很不错，是我喜欢的风格，穿着很舒服，好评
2019年07月29日 11:24,颜色:黑色尺码:L,质量很好哟，休闲感十足。很有质感 贴身很柔软。
2019年08月17日 13:16,颜色:黑色尺码:XL,材质特性：是正品，看中吴亦凡同款才买的，面料柔软细腻 
2019年07月30日 02:18,颜色:白色尺码:L,质量很好，轻薄，颜色柔和。
2019年08月12日 16:52,颜色:黑色尺码:S,衣服收到了，质量很好，穿着很舒服，尺码标准，不掉色，不起球
2019年07月28日 19:52,颜色:黑色尺码:M,衣服收到了，款式很新颖。做工细致。穿上身很休闲。是正品。
2019年08月17日 07:06,颜色:黑色尺码:L,质量杆杠的，面料柔软亲肤，穿上大气上档次！
2019年08月13日 07:31,颜色:黑色尺码:S,宝贝收到了，质量不错，穿着很舒服，洗了不褪色，穿着大小刚刚好
2019年08月14日 22:58,颜色:黑色尺码:L,衣服收到了，是全棉的，质量很好，是那种不会变形的棉质面料，值得推荐
2019年08月12日 10:19,颜色:黑色尺码:XL,衣服质量很好，是正品，纯棉面料摸起来很舒服，洗过了也不掉色的，很好
2019年07月30日 11:25,颜色:黑色尺码:M,衣服面料很好，摸着柔软细腻，穿到身上也很舒服。设计非常合理。
2019年08月08日 18:12,颜色:白色尺码:M,衣服布料很好 长度也是我喜欢的 搭配裙子跟裤子都很好看 很百搭 很喜欢 很棒。
2019年08月13日 22:44,颜色:黑色尺码:XL,衣服质量好，纯棉的面料。穿上很舒服，很喜欢。
2019年08月20日 14:09,颜色:白色尺码:XL,衣服收到，面料舒服，上身效果不错，穿着修闲
2019年07月29日 09:35,颜色:白色尺码:S,穿上舒服，质量很好，码数正好，牌子的就是不一样
2019年08月18日 22:42,颜色:黑色尺码:XL,短袖质量特别好，穿着很舒服，图案很可爱
2019年07月31日 20:21,颜色:白色尺码:M,款式和图案都比较好看，穿上也比较显青春。
2019年08月11日 21:27,颜色:黑色尺码:L,料子很舒服 质量很好 上身效果特别好 很满意
2019年08月20日 12:08,颜色:黑色尺码:L,衣服收到，标准尺码，没有色差，做工精细，穿着很舒服。
2019年08月09日 23:21,颜色:白色尺码:L,正品货，穿上版型很好看，很宽松，不显得小肚子胖，很喜欢
2019年08月06日 19:09,颜色:白色尺码:XL,收到衣服了，质量很好，这个价格也实惠了，很满意 
2019年09月03日 14:20,颜色:白色尺码:L,特别特别满意，穿着舒服不说，质量也是杠杠的！
2019年08月13日 07:32,颜色:白色尺码:L,衣服面料柔软，穿上很舒服，尺码标准，很合身
2019年08月20日 11:37,颜色:黑色尺码:XL,短袖收到了，确实是正品，质量特别好，穿上很舒服，我很喜欢！
2019年08月10日 07:27,颜色:白色尺码:L,收衣服到了，物流快，衣服质量很好，穿着很舒服，大小刚刚，值得购买，下次再光临。
2019年07月29日 10:37,颜色:白色尺码:XL,直接穿上了 很凉快 喜欢
2019年08月09日 09:10,颜色:黑色尺码:XL,大小合适，穿着很方便，挺棒的质量也很好，感谢客服的推荐
2019年08月08日 07:04,颜色:白色尺码:M,上身效果：上身效果非常好，面料手感也不错，尺码标准，确实挺好的 
2019年07月29日 17:38,颜色:白色尺码:XL,短袖款式喜欢，面料好，穿着合身舒服
2019年08月05日 00:54,颜色:白色尺码:M,料子很亲肤，质量很好，款式也好看，很满意
2019年08月05日 21:55,颜色:白色尺码:S,衣服上面图案很好看  质量很好 是棉的 穿上很舒服
2019年08月18日 05:39,颜色:白色尺码:S,满意真货
2019年08月01日 22:17,颜色:白色尺码:S,一直喜欢白色，衣服图案有特色很是喜欢
2019年08月20日 11:10,颜色:白色尺码:S,好看，喜欢，宽松的版型穿着很舒服，百搭款，有需要还会来的
2019年08月06日 09:24,颜色:白色尺码:XL,看了好几家，还是这家比较好，衣服质量很好，穿着很舒服，性价比高，是正品，喜欢喜欢
2019年08月08日 10:35,颜色:黑色尺码:M,宝贝收到啦！儿子很喜欢！料子很舒服！下次还会再买。
2019年08月04日 00:02,颜色:黑色尺码:M,上身效果很好，特别显瘦，颜色也跟图片一样没有色差 
2019年08月04日 16:01,颜色:白色尺码:L,面料不错，做工好，穿着舒服又时尚，赞一个
2019年08月02日 10:31,颜色:白色尺码:XL,衣服好看，质量也不错的，服务也超级好，赞
2019年08月19日 07:28,颜色:黑色尺码:XL,衣服收到了，颜色正，质量好，穿着舒服，款式新颖，非常喜欢。
2019年08月20日 09:44,颜色:黑色尺码:XL,衣服很时髦，款式简单！上身效果很好！
2019年08月16日 11:10,颜色:黑色尺码:L,衣服穿起来，比较舒服，质量很好！
2019年08月11日 13:12,颜色:白色尺码:XL,挺好的，穿上合适，不紧绷绷的，面料手感也好，性价比高
2019年08月20日 19:54,颜色:黑色尺码:L,衣服质量挺好的，穿上很舒服也很漂亮，挺喜欢的
2019年08月10日 20:19,颜色:黑色尺码:L,衣服收到了，质量不错纯棉的穿得挺舒服效果不错
2019年08月19日 08:57,颜色:白色尺码:XL,衣服收到了，很时尚，穿上感觉很舒适，，尺码刚刚好，印花很精细，没有缺陷，物流快，好评！
2019年07月31日 11:03,颜色:白色尺码:L,衣服是纯棉的，穿上很舒服，穿着也很帅气。
2019年08月15日 23:19,颜色:黑色尺码:M,衣服很喜欢，大小合适，穿上去很舒服
2019年08月14日 09:09,颜色:白色尺码:M,短袖质量不错，穿着挺舒服，价格也不贵，挺满意。
2019年08月01日 10:15,颜色:黑色尺码:M,衣服收到马上试穿了，穿着很舒服，合适。
2019年08月02日 10:31,颜色:黑色尺码:L,薄厚刚刚好，适合这个季节，尺码也准确，挺满意的
2019年08月12日 14:44,颜色:黑色尺码:M,质量不错，柔软舒适，版型大方好搭配，推荐朋友来买
2019年08月02日 07:44,颜色:黑色尺码:L,衣服面料很好，有质感。物有所值！
2019年07月30日 23:37,颜色:白色尺码:S,衣服是棉的，手感很好，穿上很舒服喜欢这个图案😄
2019年08月05日 18:13,颜色:白色尺码:M,衣服质量很好，穿上很舒服，很喜欢，很洋气，全五星好评。
2019年08月20日 08:53,颜色:黑色尺码:XL,宝贝收到了，面料特别好，迫不及待的试穿了，客服推荐的尺码真合适，值得购买，喜欢的可以进店看看
2019年08月10日 07:59,颜色:黑色尺码:M,衣服收到了大小正合适，跟客服描述的一样，质量也好
2019年08月07日 23:13,颜色:黑色尺码:L,非常合适。孩子也很喜欢，漂亮！
2019年07月31日 23:01,颜色:白色尺码:M,衣服不错，料厚实，穿起来，挺好
2019年07月30日 09:58,颜色:黑色尺码:L,款式挺漂亮的，主要是版型好，下水洗过了不掉色。
2019年08月13日 10:21,颜色:白色尺码:L,短袖收到了，款式大气，质量非常好，尺码合身，大爱
2019年08月11日 10:54,颜色:黑色尺码:L,衣服质量挺好的，好搭配衣服，对我不懂搭配的人来说，有它方便好多哦
2019年08月10日 13:53,颜色:白色尺码:M,大小正合适，质量超级棒，满意的一次购物！
2019年07月31日 21:20,颜色:黑色尺码:M,衣服很好看，面料很舒服，码数标准，很适合。
2019年08月01日 07:13,颜色:黑色尺码:M,非常🉑️爱的图案，好减龄。质量很好
2019年07月30日 08:24,颜色:黑色尺码:S,很潮的T恤  老公很喜欢  打算再入手一件白色的给弟弟
2019年08月11日 07:47,颜色:白色尺码:L,很宽松，面料柔软，怎么穿都好看！
2019年08月07日 13:02,颜色:黑色尺码:S,质量好，款式大方，穿着舒服，价格合适，店家态度很好，发货速度快
2019年08月01日 16:51,颜色:白色尺码:S,衣服版型很好，也很潮很帅哦，太喜欢了 面料也挺舒服的
2019年08月12日 21:06,颜色:白色尺码:M,衣服质量太好了，图案也漂亮
2019年08月07日 17:35,颜色:黑色尺码:L,衣服质量很好，宽松版型，颜色很漂亮，非常喜欢
2019年07月30日 20:55,颜色:白色尺码:XL,T恤收到了，衣服不错，面料摸着挺软的。图案也是我喜欢的，好评
2019年08月05日 19:31,颜色:白色尺码:XL,此用户没有填写评价。
2019年08月09日 22:42,颜色:白色尺码:XL,面料很好，穿上很舒适，大小刚刚好，尺码标准，很喜欢
2019年08月12日 21:57,颜色:黑色尺码:S,穿着很舒服，有很轻薄，物流速度也很快，很满意
2019年08月07日 11:22,颜色:白色尺码:M,衣服收到了，质量不错，做工精细，面料舒适柔软，很满意
2019年08月06日 10:40,颜色:黑色尺码:S,是棉的很宽松挺舒服的，面料非常柔软，质量不错。
2019年08月07日 22:16,颜色:黑色尺码:L,宝贝收到了，做工精细，质量很好，码子很合身，推荐购买
2019年08月10日 17:59,颜色:白色尺码:M,面料，版型都挺好的，很不错，很舒服，款式也喜欢，尺码标准，很满意
2019年08月06日 12:03,颜色:黑色尺码:XL,喜欢，满意，这个洋气又显白，棉的还透气，发货也快，会继续买
2019年08月20日 08:54,颜色:白色尺码:XL,半袖质量不错，是纯棉的！很有质感！
2019年08月11日 09:48,颜色:白色尺码:M,穿着好舒服，质量好，价格便宜
2019年07月30日 15:42,颜色:黑色尺码:M,很喜欢 穿上很合适
2019年08月16日 18:40,颜色:黑色尺码:XL,衣服大小合适，面料很不错，快递也给力，还会再买
2019年08月13日 18:27,颜色:白色尺码:L,到货两三天了，朋友说是正品，这个价钱很值。以后还会回购的。
2019年08月17日 13:55,颜色:白色尺码:S,面料非常好款式也很棒值得推荐 下次还没来的
2019年07月30日 23:13,颜色:黑色尺码:L,尺码规范。穿上很舒服，好评。
2019年07月30日 09:08,颜色:黑色尺码:M,宝贝收到了，尺码很不错，穿着很舒服很满意。
2019年08月20日 07:38,颜色:白色尺码:M,质量很好的，图案很漂亮，面料手感不错哦
2019年08月11日 06:38,颜色:黑色尺码:M,款式喜欢！版型上身帅气！质量满意！
2019年07月31日 11:19,颜色:白色尺码:M,质量做工很满意，上身效果很好
2019年08月08日 14:10,颜色:白色尺码:L,衣服质量和做工都很赞，卖家服务也很满意，衣服穿上很好看，是正品呢
2019年08月10日 18:37,颜色:黑色尺码:S,衣服质量很好，面料舒服，做工精细，上身效果不错，喜欢。
2019年08月02日 17:31,颜色:黑色尺码:L,面料纯棉的，颜色也很漂亮。
2019年08月10日 17:35,颜色:黑色尺码:M,衣服面料很舒服，穿着很好看。
2019年07月31日 07:52,颜色:白色尺码:L,料子很舒服，质量不错 大小合适。
2019年08月01日 22:14,颜色:黑色尺码:XL,面料很不错，穿上很舒服，款式很时尚，穿上很不错，是正品
2019年08月04日 10:42,颜色:黑色尺码:M,衣服收到了，上身效果非常好，款式好看很满意。
2019年08月15日 13:02,颜色:黑色尺码:M,衣服质量棒棒哒很喜欢哈哈哈下次还会再来
2019年08月20日 19:56,颜色:黑色尺码:L,正品，客服推荐的尺码正合身，上身效果很好，穿着很舒服
2019年08月20日 07:41,颜色:黑色尺码:XL,发货速度快，质量不错，面料挺好的，尺码标准，上身效果不错
2019年07月28日 15:33,颜色:黑色尺码:M,买给弟弟的，他自己挑的，很喜欢，面料是真的很不错，值得下手
2019年08月14日 12:28,颜色:白色尺码:XL,发货速度很快，衣服的面料很好，穿着舒适，做工也很好，满意！
2019年08月16日 08:01,颜色:白色尺码:XL,衣服穿着很舒服，大小合适，很喜欢，值得购买
2019年08月12日 22:20,颜色:黑色尺码:S,衣服质量很好，很好看又很好穿。你很值得拥有这件衣服。
2019年08月20日 23:43,颜色:黑色尺码:XL,衣服面料舒服，上身效果挺好的
2019年08月09日 09:27,颜色:黑色尺码:XL,穿着很帅气 面料摸着很舒服 很满意的
2019年08月07日 15:06,颜色:白色尺码:XL,衣服质量挺好的，棉质柔软版型好，穿上身效果面料柔软舒适，下次还会再购！
2019年07月30日 18:49,颜色:黑色尺码:M,衣服质量挺好的，棉质柔软版型好，穿上身效果面料柔软舒适，下次还会再购！
2019年08月10日 20:51,颜色:白色尺码:M,质量不错，面料很好，穿着很舒服
2019年08月05日 15:13,颜色:黑色尺码:L,质量很好，穿着很舒服，尺码很标准
2019年08月06日 10:54,颜色:白色尺码:S,T恤好看(๑&bull; . &bull;๑)有格调，百搭，非常潮～
2019年08月17日 19:04,颜色:白色尺码:L,面料舒服，质量很好，很透气，尺码刚好，很休闲的上衣，简单大方。
2019年08月06日 19:54,颜色:白色尺码:M,衣服收到了，纯棉面料，质量很好，厚度刚好，码数标准，上身效果很好！
2019年08月16日 20:33,颜色:黑色尺码:M,面料不错哦，版型好看显瘦，满意。
2019年07月31日 08:47,颜色:黑色尺码:XL,质量是超级好呢，大小也刚刚好！
2019年08月15日 21:19,颜色:黑色尺码:XL,这个衣服面料好，穿着不错，还会再买的，
2019年08月01日 11:23,颜色:白色尺码:S,布料非常不错，摸着非常舒服，质量还好，非常满意
2019年08月07日 08:42,颜色:白色尺码:M,特别喜欢这款T恤，穿着很舒服，很有感觉，非常满意
2019年08月19日 10:47,颜色:白色尺码:M,衣服收到了，质量不错，穿着很舒服！
2019年08月08日 13:42,颜色:黑色尺码:M,质量很不错，穿起来很好看，图案很喜欢，满意。
2019年08月04日 09:20,颜色:黑色尺码:XL,T恤质量很好，款式也很新颖，宽松版型，挺喜欢的，好评！
2019年08月15日 12:23,颜色:黑色尺码:L,衣服质量很好 上身效果不错 尺码刚刚好
2019年07月28日 19:20,颜色:白色尺码:L,衣服做工细致 面料柔软，5星好评
2019年08月05日 08:06,颜色:黑色尺码:M,给我老公买的，刚好他生日，非常喜欢
2019年07月30日 17:30,颜色:白色尺码:S,很合身，面料穿上也很舒适。
2019年08月01日 11:00,颜色:黑色尺码:M,"款式很大气，面料很舒适，质量很好,版型很好看"
2019年07月31日 21:51,颜色:黑色尺码:M,上身效果：特别好看质量也很好 
2019年08月11日 17:02,颜色:白色尺码:S,真的很好，穿起来很舒服  这件很修身，可以
2019年08月14日 15:13,颜色:白色尺码:M,衣服很ok 超薄舒适 很喜欢
2019年07月30日 13:55,颜色:白色尺码:L,真的是好棒的t了 纯棉还不透 而且型还特别好
2019年08月08日 12:17,颜色:黑色尺码:M,衣服质量挺好的，面料舒服，码子正，价格优惠，满意。
2019年08月10日 11:11,颜色:白色尺码:L,质量不错，穿着特舒服，大小正好，物流超级快，五星好评
2019年08月20日 09:54,颜色:黑色尺码:XL,质量不错，做工很好，穿着很舒服
2019年07月31日 19:29,颜色:白色尺码:XL,衣服质量很好，穿起来很好看。满意
2019年08月11日 17:03,颜色:黑色尺码:XL,非常合适，价格实惠，是正品
2019年08月14日 17:04,颜色:黑色尺码:XL,衣服收到了手感很舒服 性价比比较高
2019年08月19日 09:19,颜色:白色尺码:XL,穿着很舒服，值得购买大力推荐哟
2019年08月15日 13:04,颜色:白色尺码:S,宝贝收到了，面料很舒服，穿着很好看，物流也很快，满意的一次购物
2019年08月19日 07:30,颜色:白色尺码:M,质量非常不错，是正品已经是第三次购买了
2019年08月07日 19:52,颜色:黑色尺码:S,我特别喜欢这款的衣服穿着很舒服，我很满意了，谢谢。
2019年07月28日 22:08,颜色:黑色尺码:XL,穿着超级喜欢，样式特别好
2019年07月29日 17:18,颜色:白色尺码:L,颜色很好看，，穿起来很显瘦
2019年08月02日 22:19,颜色:白色尺码:M,衣服和图片一样的，质量很好的。而且客服服务很好。
2019年08月09日 14:21,颜色:黑色尺码:S,衣服质量很好，面料舒服很柔软，很满意，好评。
2019年07月11日 00:40,颜色:白色尺码:L,衣衣蛮好的，摸起来软软的，上身效果很好，尺码刚刚好，布料也很贴身，袖很好看，颜色很显白，百搭，显瘦，搭配裤子，牛仔裙都可以，材质、颜色、版型都是非常好，质量也不错，发货又快，下次会再来光顾的并推广给身边的朋友(๑&deg;3&deg;๑)
2019年08月10日 09:59,颜色:黑色尺码:L,东西非常好，全五分好评，大家喜欢可以买的
2019年08月20日 13:04,颜色:白色尺码:L,衣服质量很好，是正品，图案清晰，颜色正。
2019年07月28日 07:37,颜色:黑色尺码:L,面料很舒服柔软，上身效果很好看，好评。
2019年08月12日 09:17,颜色:黑色尺码:L,穿着很舒服，包装也挺好，客服服务也到位好评
2019年08月18日 18:27,颜色:白色尺码:S,物流很快速，衣服做工质量很好，特别喜欢
2019年08月07日 16:59,颜色:黑色尺码:XL,面料柔软舒服，图案时尚
2019年08月01日 08:12,颜色:白色尺码:XL,非常好看可爱，女朋友很喜欢，满意！
2019年08月16日 09:49,颜色:黑色尺码:L,帅气，非常好的衣服，颜色也也喜欢 很合身，很满意！
2019年08月09日 02:06,颜色:黑色尺码:M,质量不错，不掉色，穿的舒服，很休闲
2019年07月30日 13:00,颜色:黑色尺码:L,尺码推荐：衣服收到了，尺码刚合适，很不错，很满意哦 
2019年08月06日 14:16,颜色:白色尺码:M,面料很舒服，好看
2019年08月01日 11:16,颜色:白色尺码:S,衣服质量很不错，客服服务态度很好，给你点赞
2019年08月11日 08:56,颜色:黑色尺码:XL,穿着很舒服 特别好看哈哈哈哈哈哈哈
2019年08月07日 09:30,颜色:黑色尺码:L,是正品，料子柔软舒适，很舒服，款式好看，很喜欢。
2019年07月10日 12:39,颜色:黑色尺码:L,一直喜欢这个牌子的衣服，收到很满意，是棉的，跟图片一样没有色差，衣服质量非常棒，面料舒服透气性好，洗了一下不掉色，穿起来也舒服。
2019年08月17日 07:42,颜色:黑色尺码:L,物流快，包装好，很细心。衣服正品，面料舒适。
2019年08月13日 13:52,颜色:白色尺码:XL,物有所值，质地柔软，穿起来很舒服！！！
2019年08月05日 03:25,颜色:黑色尺码:XL,正品，面料舒服，穿着洋气
2019年08月02日 07:15,颜色:白色尺码:M,衣服质量蛮好惹 好好看！
2019年08月17日 00:00,颜色:白色尺码:M,产品很棒，意外的合适舒服
2019年08月12日 23:22,颜色:黑色尺码:XL,很满意，衣服质量不错，发货也快，以后还会来！ 喜欢可以入手的
2019年07月30日 12:05,颜色:黑色尺码:XL,面料舒适，不会褪色，满意
2019年08月11日 23:46,颜色:黑色尺码:M,宝贝收到了，上脚效果很好舰舒服满意
2019年08月15日 21:14,颜色:黑色尺码:M,是正品.今天推荐朋友买了好几件
2019年07月31日 17:29,颜色:黑色尺码:L,衣服质量很好，很喜欢，款式也很好看
2019年08月15日 20:15,颜色:黑色尺码:XL,价廉物美，物超所值，态度优良，以后还来
2019年08月05日 09:42,颜色:黑色尺码:S,质量不错  是正品   不掉色  满意
2019年07月29日 11:14,颜色:白色尺码:L,颜色挺好看，很温柔的颜色，搭配起来也比较方便，发货快，很推荐
2019年08月01日 20:09,颜色:黑色尺码:XL,面料很舒服 真的真的超级喜欢
2019年08月17日 21:33,颜色:黑色尺码:XL,发货很快，尺码大小合适面料好，穿得很舒服
2019年07月29日 22:28,颜色:白色尺码:S,衣服很好看，发货速度非常快，包装非常仔细、严实，很满意！
2019年08月11日 16:42,颜色:黑色尺码:L,东西收到了，很喜欢，好评！非常nice！
2019年08月16日 06:39,颜色:白色尺码:M,东西很好很不错  物流也挺快  物有所值！下次再来！
2019年08月13日 11:23,颜色:白色尺码:XL,质量不错，穿着很舒服，满意，
2019年07月28日 09:19,颜色:白色尺码:M,非常好，非常好，质量很好，大家可以放心买哦
2019年08月19日 01:50,颜色:黑色尺码:XL,衣服质量好，非常耐用。棒棒哒&hellip;&hellip;
2019年08月13日 10:53,颜色:白色尺码:XL,T恤收到了，质量很满意
2019年08月16日 14:50,颜色:白色尺码:L,好看，穿了特别舒服！
2019年07月31日 21:16,颜色:白色尺码:M,宝贝收到了很满意物美价廉呢，
2019年08月13日 21:40,颜色:黑色尺码:M,客服服务态度很好，推荐的尺码穿在身上正好。
2019年07月19日 23:14,颜色:黑色尺码:S,棉质的很不错，面料透气，现在天气穿刚好，一点布料味儿都没有一点布料味儿都没有，手感柔软，洗过没有褪色，穿着也非常的合身。包裹的严严实实没有任何破损，质量相当好啦
2019年08月01日 09:12,颜色:黑色尺码:L,衣服很好看，质量不错，面料舒服
2019年07月30日 06:13,颜色:黑色尺码:L,质量不错，纯棉的，大爱
2019年08月16日 11:05,颜色:白色尺码:XL,包装非常仔细、严实！
2019年08月02日 22:28,颜色:白色尺码:XL,棒棒哒，上身效果一级棒
2019年08月06日 11:04,颜色:白色尺码:M,喜欢，大爱，洗了才来评价的，不掉色，穿了一次了，舒服。
2019年08月11日 09:32,颜色:白色尺码:S,刚好合适，比较满意！只用对照尺码图买就行了！ 
2019年07月28日 13:51,颜色:黑色尺码:L,好好好好好好好好好好好好，收到了物流很快，穿着舒服也好看，值得购买
2019年07月31日 15:41,颜色:白色尺码:XL,此用户没有填写评价。
2019年08月04日 22:21,颜色:白色尺码:L,穿着非常合身
2019年08月05日 06:38,颜色:白色尺码:XL,质量很好，款式漂亮价格优惠。
2019年08月20日 13:11,颜色:黑色尺码:S,时尚，潮，好看，喜欢
2019年08月20日 09:05,颜色:白色尺码:XL,收到了，发货速度快，尺码正好，穿上效果不错
2019年08月11日 07:27,颜色:黑色尺码:M,衣服收到了，不错，很喜欢，很好看，下次还来光顾
2019年08月02日 08:41,颜色:黑色尺码:XL,挺好，媳妇很喜欢，合身
2019年08月01日 12:15,颜色:白色尺码:L,正品哦，质量挺好的挺舒服
2019年08月17日 14:45,颜色:黑色尺码:L,质量非常的好，款式时尚，发货速度快，满意。
2019年08月12日 18:04,颜色:黑色尺码:XL,面料不错很满意
2019年08月01日 20:46,颜色:白色尺码:XL,穿上很舒服
2019年08月11日 13:47,颜色:白色尺码:XL,质量好，穿着舒服，物流快，我很喜欢，价位还合理，
2019年08月11日 18:11,颜色:黑色尺码:M,很好很满意，已经不是第二次购买了
2019年08月07日 20:57,颜色:白色尺码:S,颜色很正，宽松版型很好，喜欢
2019年08月14日 09:31,颜色:黑色尺码:M,质量不错，穿着很舒适，满意
2019年08月15日 09:07,颜色:黑色尺码:XL,做工精致，上身舒服，服务好
2019年08月15日 14:54,颜色:黑色尺码:L,洗了不会褪色，质量不错
2019年07月30日 19:09,颜色:黑色尺码:L,东西收到了很喜欢很好看。
2019年08月01日 21:30,颜色:黑色尺码:L,物流快，衣服质量很好！还会继续光顾的！
2019年08月01日 17:13,颜色:黑色尺码:L,简单，很舒服，款式很好看。
2019年07月30日 17:44,颜色:白色尺码:S,好看，质量好，嗯很喜欢这件
2019年08月08日 01:37,颜色:白色尺码:S,衣服大小刚刚好，是正品来的
2019年08月01日 06:51,颜色:黑色尺码:M,衣服很喜欢，很喜欢，客服特别好，服务态度和售后效率都特别好，赞
2019年08月13日 22:59,颜色:黑色尺码:M,质量挺好的
2019年08月16日 15:52,颜色:黑色尺码:S,T恤不错，正品专柜的，质量很好，满意
2019年08月20日 17:49,颜色:黑色尺码:XL,衣服质量很好，值得推荐
2019年08月13日 18:41,颜色:黑色尺码:S,发货很快，质量也很好，朋友还要了链接，推荐
2019年08月03日 08:35,颜色:黑色尺码:S,衣服很好看，棉的，穿的很舒服，客服服务也很好。
2019年08月11日 11:03,颜色:黑色尺码:L,客服推荐的尺码很合适，很舒服！
2019年07月30日 09:08,颜色:黑色尺码:M,很好看，没有色差，好评！
2019年07月09日 21:20,颜色:白色尺码:M,衣服真的很不错，白色穿着很好看，穿上非常的透气，比较凉爽，夏天出汗不黏黏，下水之后也不掉颜色，做工质量都不错，挺好看的，也没有什么多余的线头，发货也非常的快，客服推荐的尺码非常准确，穿上大小合适
2019年08月15日 06:25,颜色:白色尺码:XL,多次购买了，可以放心购买。
2019年08月08日 07:42,颜色:白色尺码:L,衣服是棉的，穿着舒服，喜欢这种款
2019年08月16日 12:33,颜色:黑色尺码:L,宝贝收到了，质量挺好的，价格也不贵，很满意
2019年08月15日 13:56,颜色:黑色尺码:L,回头客，质量很好，值得购买。
2019年08月09日 10:21,颜色:白色尺码:S,发货快！面料很棒 非常喜欢
2019年08月08日 13:32,颜色:白色尺码:M,质量好，非常满意，合适。
2019年08月16日 09:34,颜色:黑色尺码:L,质量很好，做工也很好
2019年07月31日 09:02,颜色:黑色尺码:L,舒服还很合适，蛮喜欢的
2019年08月11日 08:09,颜色:黑色尺码:XL,质量很好 款式好看 店家服务态度不错 物流很快 好评
2019年07月29日 23:30,颜色:黑色尺码:XL,非常满意，面料好，值得购买，物超所值
2019年08月12日 22:42,颜色:黑色尺码:XL,宝贝收到了，比我想象中的还要好
2019年07月18日 08:44,颜色:白色尺码:XL,宝贝质量非常好诶，买回来过遍水就穿了，穿着非常舒服，透气有弹性的布料。还没有褶皱，根本不用熨烫。夏天配短裤短裙，简单有好看。推荐的码数刚好。
2019年08月01日 11:30,颜色:黑色尺码:L,不错，质量很好，很可爱。
2019年07月14日 11:09,颜色:白色尺码:L,质量特别好，穿在身上还特别舒服，码子也很准，穿上还好看，舒服还透气。
2019年07月28日 20:37,颜色:白色尺码:M,物流很快，客服态度很好，实物与描述一致，宝贝很赞
2019年08月15日 09:12,颜色:白色尺码:XL,质量很好，老顾客了
2019年08月14日 13:24,颜色:白色尺码:L,正品，质量就是不错
2019年08月14日 19:56,颜色:白色尺码:M,质量很好，我喜欢
2019年08月14日 20:02,颜色:黑色尺码:M,衣服挺合身的，不错！
2019年08月07日 15:45,颜色:黑色尺码:XL,物流很快卖家态度好非常满意的一次购物，
2019年07月19日 21:54,颜色:黑色尺码:S,宝贝不错哦，质量真的特别好，卖家推荐的尺码特别的准，做工精细面料柔软舒适，穿着很舒服，很拉风，走在大街上随便都是回头率很高，关键是比我们这边的实体店便宜了很多，非常满意的一次网购，好评！
2019年07月08日 21:30,颜色:黑色尺码:M,收到货之后第一时间试穿了，穿着显瘦有范，上身效果挺不错的，走线什么的很整齐，非常贴身，而且质量没得说，没有色差颜色很好看包装袋也很美丽，穿着很舒服，很有个性，非常潮流，是我喜欢的。
2019年08月03日 15:59,颜色:白色尺码:L,很好看，很帅气
2019年08月14日 16:55,颜色:白色尺码:XL,好看，喜欢
2019年08月18日 15:23,颜色:黑色尺码:S,物流很快，面料舒服，是我喜欢的款式！卖家服务态度很好！
2019年07月11日 21:23,颜色:白色尺码:M,快递很快就到啦～迫不及待地就穿上了，衣服是棉质的，特别舒服，透气。特别显白，穿起来很好看。推荐～
2019年07月18日 06:33,颜色:白色尺码:L,"超级实惠，棉的，质量很好，洗了没变形，颜色很显嫩，透气，洗过穿过才来评论,洗了没掉色，也没变形，总的来说非常好，非常喜欢，喜欢的宝宝们放心购买吧，会回购的!"
2019年08月03日 15:09,颜色:白色尺码:L,质量不错！
2019年08月03日 19:09,颜色:黑色尺码:XL,衣服很厚实，很好
2019年08月14日 21:43,颜色:白色尺码:M,好评，下次再买！
2019年09月06日 23:34,颜色:黑色尺码:L, 　　店家发货很速度，两天就到！
2019年08月16日 11:37,颜色:黑色尺码:S,不错，很喜欢满意
2019年08月14日 22:13,颜色:黑色尺码:L,质量挺好的，值得购买
2019年08月13日 11:23,颜色:白色尺码:XL,是正品，不错
2019年08月11日 14:18,颜色:黑色尺码:XL,是正品，喜欢！
2019年07月24日 12:35,颜色:白色尺码:M,衣服和图片效果一模一样没有差别，款式新颖，清新脱俗，穿起来可爱，上身效果特别好，很修身，最重要的是这个价位材质还那么好，夏天穿透气凉快，回头率老高了。
2019年07月21日 16:21,颜色:白色尺码:L,衣服面料摸上去非常光滑细腻，带点弹性，透气，料子很软很舒服，料子超高级舒服，非常贴身，也很吸汗。
2019年07月20日 23:47,颜色:白色尺码:M,面料柔软舒服手感好，是纯棉的，透气性强，布料一点都不透很厚，跟图片上的一样，没有色差，上身效果好，随便搭配都好看  衣服超好看的！料子是棉的，拿在手上还是很软很舒服！ 不错不错，非常好。
2019年07月09日 06:16,颜色:白色尺码:L,"衣服收到了, T恤很不错，上身效果非常好看，也很好搭配，做工质量都不错，尺码很准，很合身，款式和图片一样没有偏差,面料很舒服柔软透气，无色差无异味无多余线头，面料摸着很舒服，比较柔软，而且穿上也比较透气，不起球，特别不错。"
2019年07月05日 15:48,颜色:白色尺码:L,面料软软的，上身效果很好看，下身很好搭配，会来回购的，太稀饭了啦啦！
2019年07月09日 22:51,颜色:白色尺码:XL,比较柔软的料子，摸着不易起球的滑滑的。也透气，现在的天气穿刚刚好。料子也有点微弹，穿着有垂感，这个颜色也是比较百搭的。穿裤子裙子都可以搭配。
2019年07月22日 08:57,颜色:黑色尺码:L,短袖收到了，随意搭配，穿起来很凉快，质量不错，面料贴身很舒服。大小码标准，很满意哦
2019年07月15日 00:49,颜色:白色尺码:M,衣服啊，颜色呀，款式啊，版型啊，各方面都比较满意，然后也不是那种透的，明显的可以看到衣服的厚度，然后穿上去也比较显瘦啊，搭配个短裤，夏天穿的很凉快，然后试穿了衣服，出汗的话也不会那种老粘到身上，然后也没有很透的那种感觉，比较喜欢吧，超级显白。
2019年07月21日 00:04,颜色:黑色尺码:M,衣服收到了，洗了后没有掉色变形的情况，质量不错，面料柔软舒适，版型好看，款式时尚新颖，穿着舒服。
2019年07月24日 10:21,颜色:黑色尺码:L,衣服收到了质量真的特别好，而且做工精细都没有一点线头的，我已经洗了而且都没有褪色现象，没想到这么实惠的价格能买到这么好的货，我下次还会光顾的!
2019年07月26日 09:39,颜色:黑色尺码:L,包装的就很好 收到了就先拿去洗了完全没有褪色 质量很好 今天穿上了 面料很舒服 很显皮肤白 一下子美了好多好多 很好搭配 穿啥都好看
2019年07月23日 18:42,颜色:白色尺码:L,物流真快。已经收到衣服了。夏天穿这个衣服还是很显瘦的，颜色很百搭，棉的很吸汗，穿了好久洗过都没有缩水变形，也不掉色。面料特别好。
2019年07月25日 11:54,颜色:黑色尺码:M,选了个黑色，很百搭比较好搭配。质量比想象中好，做工也不错都没有什么乱七八糟的线头。可以说是非常完美了，面料柔软，穿着特别舒服，性价比高。非常值得购买的一件t，打算在他家再买一件，已经收藏店铺啦！
2019年07月24日 07:32,颜色:白色尺码:L,宝贝已收到，面料非常舒服，大小合适，穿上很好看，满意满意
2019年07月16日 04:39,颜色:白色尺码:M,面料非常不错，衣服穿起来很合适，穿上很合适舒服，简单百搭，质量好无异味，下水洗洗不掉色不缩水，颜色正没有色差，做工走线平整扎实，没有线头。
2019年07月19日 21:28,颜色:黑色尺码:M,"衣服已经洗过了，不脱色也不变形，上身宽松，非常舒适，白色也不透，面料摸着软和,透气不闷，值得入手"
2019年07月15日 13:01,颜色:白色尺码:L,衣服收到，物流很快！洗过了没有掉色首次洗没有掉色真的很棒了，面料特别舒服，码数也合适，棉的，款式时尚好看，颜色正，一点线头都没有，比较简单，质量真好。
2019年07月24日 21:54,颜色:黑色尺码:M,衣服的面料不错，是宽松版的，穿着还可以。没有线头，也不贵。快递快。宝贝面料好，棉的，穿起来舒服，宽松休闲不显胖，物流快，值得购买衣服是棉的，价格实惠，很漂亮。
2019年07月12日 14:48,颜色:黑色尺码:XL,衣服拿到了，我试穿了一下，配牛仔裤穿，同事都说很显瘦，面料摸着挺柔软的，穿上也不透，做工挺精致的没有多余线头，质量特别好
2019年07月14日 16:33,颜色:白色尺码:M,收到货了，物流非常的快。给快递的小哥哥点赞。这款T恤纯棉的穿着特别舒适。白色的，特别好搭衣服。质量非常好，版型是我想要的款，车缝整齐，没有跳针的现象。特意洗过之后再来评价的，嗯，没有发现缩水的现象。总之还不错啦，满意。
2019年07月23日 11:53,颜色:白色尺码:M,"恤简约好看，面料不粘身的那种穿上凉快,衣服是棉的，与宝贝描述相符，穿起来服，透气性不错，穿起来挺宽松的。"
2019年07月15日 10:40,颜色:白色尺码:XL,型很好，料子好，穿上好看，码子很准，做工好，衣服挺好的洗过了也没褪色。衣服很好看，是棉质的，面料是棉的，打开包装没有异味，上身好看。服务态度非常好。
2019年07月19日 19:36,颜色:黑色尺码:XL,衣服收到啦 衣服很喜欢～ 买了黑色 超级有夏天的感觉！ 也非常百搭底下搭黑白牛仔都会很好看！ 上面的图案挺小清新 印花做的还挺精致的 很清楚 而且是扣不下来的那种！料子软软的穿起来很舒服～ 喜欢
2019年07月19日 22:03,颜色:黑色尺码:L,布料是棉的，穿上很舒服，款式也很漂亮，也不褪色，尺码标准，发货快，穿着亲肤很舒适， 夏天t桖百搭，质量好，做工也平整没有线头。
2019年07月22日 09:01,颜色:黑色尺码:L,面料柔软，颜色很正。立体感强，垂感好，设计版型很好看，上身效果很好显气质上档次。
2019年07月18日 10:25,颜色:黑色尺码:M,可爱而随意 流露出时尚感 恬静的淑女气质 稳重又不乏生气 活泼又不失雅致 俏皮明媚 浪漫优雅的淑女气质 充满活力与跳跃感 精致而不失含蓄 优雅自如 华贵窈窕 甜美 。
2019年07月07日 23:12,颜色:黑色尺码:M,"拿回来试了一下，尺码正好，很标准，版型是宽松的,棉面料夏天穿着很透气，洗过了不掉色不变形,很喜欢"
2019年07月27日 18:59,颜色:白色尺码:L,这个T恤很喜欢，价格不贵，性价比高 穿起来这么显白 布料是棉的 穿起来很舒服 透气性也不错，做工也精细 喜欢的可以下手哈 好开心
2019年07月18日 00:11,颜色:白色尺码:M,上身效果：质量挺好的，搭配裤子特别好搭，基本可以说休闲风，运动风，牛仔裤之类的都可以搭。我买衣服很少回购，但是这一款，价格实惠，质量挺好，有回购的想法了。 
2019年07月15日 23:33,颜色:白色尺码:S,面料品质：质量太好了，做工精细，还是棉质的穿着很舒服柔软，天气热穿着棉质的透气性好，颜色好看，款式宽松。 
2019年07月19日 23:37,颜色:黑色尺码:S,蛮不错的，穿着舒服，棉的，料子不错，透气舒适，简单的款式也比较好看搭配裤子，质量不错，下水洗过也不掉色，比心心啦
2019年07月14日 18:54,颜色:白色尺码:M,衣服收到啦，面料穿着舒适透气，一直想买一件白色的T恤，然后就在这家买了，收到货还是很满意的，衣服的质量很不错哦
2019年07月21日 09:22,颜色:白色尺码:M,穿了几次，水洗了没有变形，也没有褪色，质量杠杠的，很好搭配，最近天气热，搭了几次短裙，都好看的！会回购哒！
2019年07月18日 17:57,颜色:白色尺码:L,真的好好看，和合身，大小刚刚好，薄厚也不错，喜欢
2019年07月24日 23:56,颜色:白色尺码:XL,柔顺的料子贴身很舒适，感觉像没穿- - -样，很亲肤，整个夏天穿这个短袖都是不会热的，想要的效果立马就出来了，下次还来购买
2019年07月20日 19:10,颜色:黑色尺码:M,棉质的，相当满意啦，一点也不掉色，我，质量相当好啦，打算在买件白色的，朋友们放心购买吧，真的特别合适，还稀罕，下面穿白色裤子没问题哦，不要担心掉色问题，真的不掉色，太出乎我得意料啦，真没想到这么好，良心卖家
2019年07月22日 09:34,颜色:黑色尺码:L,衣服质量不错纯棉情侣衫尺码标准大小合适不起球不掉色，穿衣服舒服也没有多余的线头，物流也很快各种搭配服务非常贴心。
2019年07月21日 22:57,颜色:白色尺码:M,"衣服收到了很喜欢,是棉的，没有让我失望，包装仔细、严实，质量非常好，也没线头什么的，穿着也很百搭哈哈，面料细密舒适，质量非常好，衣服真心不错。"
2019年07月17日 22:07,颜色:白色尺码:M,衣服面料很柔软的，穿上长度刚刚好，颜色没有色差噢，而且主要是都不掉色，都非常棒的
2019年07月27日 22:58,颜色:黑色尺码:M,颜色很正好看也不会褪色没什么异味，面料很不错呢！很透气穿的舒服！
2019年07月19日 10:46,颜色:黑色尺码:L,衣服质量不错，是纯棉的，穿着舒服，透气，吸汗，款式图案都喜欢，非常满意 客服推荐的号码也很合身 上身效果很不错 颜色也正我喜欢的。
2019年07月19日 16:07,颜色:白色尺码:M,衣服质量很好，是滑滑的料子，穿上挺舒服的。买之前问卖家尺码，推荐的也很合适，态度很好。衣服超喜欢！是我想要的感觉。下次还会来光顾。
2019年07月16日 14:02,颜色:白色尺码:S,物流挺快的，很喜欢，穿上去也很好看，也是我喜欢的，客服挺有耐心的态度不错，还便宜， 没有异味，颜色也正 轻薄透气。哈哈。喜欢的话可以入手了。物流快。客服态度好。摸上去很舒服，图案与照片相同，大小合适
2019年07月18日 08:18,颜色:白色尺码:L,衣服很舒服 搭配裤子和短裤都比较好搭配 有弹力 穿上比较减龄 版型很棒 值得购买～
2019年07月10日 12:38,颜色:白色尺码:XL,衣服是纯棉的，穿着很舒服，做工好，没有线头，买回来洗了不变形，服务也很好，配着刚买的裙子，好漂亮哦！我很满意。
2019年07月20日 12:48,颜色:黑色尺码:L,衣服风格是我喜欢的，穿在身上没有束搏感，衣服和图片一模一样没有色差，与实物相符度百分百，质量不错，没有线头，我很满意，客服推荐的尺码也很合身，比较开心呢。包装很仔细严实。自己搭配了饰品超级好看的。
2019年07月22日 13:49,颜色:黑色尺码:M,尺码合适，宽松时尚，面料舒适亲肤，款式休闲容易搭配，凉快正好适合夏季，做工也很用心。
2019年07月14日 23:56,颜色:白色尺码:XL,刚拿回来就试了试，尺码正好，宽松版的，穿着也舒服，料子挺好的，一点都不透，搭配什么衣服都可以，穿着舒服，款式也挺漂亮的，对比好几家最终选择这家下单，果然没让自己失望
2019年07月17日 21:37,颜色:黑色尺码:M,质量不错，穿在身上也很舒服，也不会感觉热很软，面料也不错，很时尚也很好的搭衣服，也不透，还挺凉快的 真心觉得不错，穿着特别舒服，非常满意，穿着美美哒，好评
2019年07月27日 14:29,颜色:黑色尺码:XL,棉质的面料很穿着舒服而且透气，有点点宽松的感觉不沾身比较凉快，现在穿得劲超级喜欢
2019年07月18日 05:46,颜色:黑色尺码:XL,无异味，布料亲肤，柔软，穿着很舒服！版型显瘦！
2019年07月06日 17:56,颜色:黑色尺码:M,质量不错，衣衣很舒服，料子好，色彩很好，穿上好看，尺码很准，版式好，做工好，这件悟空的衣服不会透，纯棉的，穿起来非常舒服，很喜欢，也宽松好看！
2019年07月18日 13:01,颜色:白色尺码:L,衣服料子很舒服呦，喜欢夏天里穿白色的衣服，清新自然，积极阳光，很喜欢简单大方的衣服，面料很舒服，洗过没有掉颜色，挺意外的，值得推荐
2019年07月21日 09:29,颜色:白色尺码:L,衣服穿过一段时间了，是纯棉的面料，贴身穿很舒服，而且比较吸汗，款式也很简单，比较百搭，颜色很正。
2019年07月17日 11:15,颜色:白色尺码:L,衣服款式不错，穿着特别舒服，不透光，朋友都说穿着特别好看，没有多余线头，棉质的面料
2019年07月12日 16:14,颜色:黑色尺码:XL,比较了很多家选择了这个阿，料子很舒服穿上很凉快，颜色很正，客服推荐的尺码也挺准，长短正合适。和图片上是一样的哦，不错。
2019年07月24日 10:55,颜色:白色尺码:M,面料真的好的无话说，穿着也好搭配
2019年07月18日 18:45,颜色:白色尺码:M,穿了一段时间给我的最大感觉就是布料真好，好软，我有时候都拿来直接穿着睡觉，真的很舒服的面料，而且还好看。
2019年07月16日 11:28,颜色:白色尺码:L,上身很好看，便宜质量好，下水不掉色，不拔丝
2019年07月27日 10:56,颜色:黑色尺码:L,衣服面料很好，穿起来很凉爽，舒服， 是我喜欢的款式，休闲舒适！
2019年07月28日 00:14,颜色:白色尺码:M,质感很好，穿着透气，款式简单大方，很好搭衣服
2019年07月23日 20:41,颜色:白色尺码:M,衣服刚刚收到，炎炎夏日必须准备，面料很舒服，穿上很合身，没有异味，非常喜欢的图案，上档次，价格实惠！！
2019年07月25日 10:24,颜色:白色尺码:L,很喜欢这个款式，穿着很舒服，百搭，面料柔软下水洗过不变形，质量很好
2019年07月15日 07:45,颜色:白色尺码:XL,宽松显瘦，穿着舒适，面料透气性好，不易起皱。容易打理，是非常完美的一次购物体验。
2019年07月17日 12:26,颜色:白色尺码:XL,T恤简直是百搭款呢，特别喜欢这种白色的T恤，这一个质量挺好的，应该不会很容易变形的特别的小清新，而且颜色是白的，特别喜欢！
2019年07月18日 17:38,颜色:白色尺码:M,衣服收到就试穿了，到手后感觉非常满意，做工很好，上身效果棒棒哒，面料很柔软很舒服，满意满意，超级喜欢。
2019年07月21日 16:40,颜色:白色尺码:XL,衣服收到，面料是纯棉的，软软的，穿上很合身，透气吸汗，洗过不退色，棒棒的
2019年07月17日 21:24,颜色:白色尺码:XL,颜色真的超显温柔。白色很显白的。颜色也非常夏天。就是夏天的小清新啦。炎炎夏日看见着一抹白就很舒服。布料也舒适。算是恰到好处。
2019年07月17日 10:51,颜色:白色尺码:L,手感不错，耐穿耐洗，纯棉的衣服穿着就是舒服，颜色非常正，穿着舒服，不掉色不起球，款式清新，包装很精致。
2019年07月27日 16:11,颜色:白色尺码:S,棉料子宽松，质量很不错，上身的效果更是美美哒，T恤百搭款，配上百褶群，穿着很舒服
2019年07月23日 17:39,颜色:黑色尺码:L,衣服收到了，质量不错啊，是棉的，薄款，透气很好，尺码合适，图案设计的很好。满意
2019年07月16日 19:49,颜色:白色尺码:XL,衣服收到了，发货速度很快的呢～买了白色还挺好看的，悟空图案很好看～料子软软的，穿起来很舒服哦，买的白色也完全不会透哦，很可爱，而且很百搭nice~
2019年07月18日 15:23,颜色:白色尺码:L,做工质量都很好。面料是纯棉的。颜色和图片一样，毫无色差。喜欢简单一点的穿搭这种t恤，配一条牛仔裤。就很好看。
2019年07月17日 13:14,颜色:白色尺码:L,衣服和描述的一样，穿起来很好看，很透气，面料很舒适，版型很好，很显瘦。
2019年07月13日 22:59,颜色:白色尺码:XL,衣服收到迫不及待的上衣试了，能够搭配各种风格，所以放心的洗水晒起来，沒有褪色也没有缩水，不错！
2019年07月18日 08:33,颜色:白色尺码:M,衣服质量很好，穿上很舒服，快递很给力
2019年07月20日 21:08,颜色:白色尺码:M,宽松版穿着非常舒服下水洗了不褪色和描述的一样。
2019年07月23日 15:38,颜色:白色尺码:S,衣服收到，质量做工都很好！布料柔软，尺码标准，不缩水，穿上效果很好哦！棒棒哒～
2019年07月18日 13:47,颜色:白色尺码:M,质量很好，纯棉的，没有色差，实物和图片一致，图案真的很好看 正面简单一点，但又不失可爱 摸起来很舒服，显的活泼，很好搭配 ，衣服是棉的摸起来很舒服滑滑的。
2019年07月16日 14:14,颜色:白色尺码:S,宝贝收到了，尺码穿着正合适，透气性好，穿着舒服，没有色差，做工仔细。
2019年07月24日 10:02,颜色:白色尺码:XL,质量依然非常好，棉的，料子非常柔软透气，穿起来特别舒服。颜色都非常正，没有色差，版型非常好，上身效果很满意。这店家服务态度好。
2019年07月14日 20:00,颜色:白色尺码:XL,衣服面料是棉的，打开包装一摸就知道了，上身非常舒服。尺码也准确，版型也是标准的，主要是质量好，五星好评。
2019年07月24日 19:27,颜色:黑色尺码:M,衣服质量超级好的。大牌，非常满意
2019年07月18日 13:15,颜色:黑色尺码:M,棉的，相当满意啦，一点也不掉色，我再外面也看到卖的啦，质量相当好啦，打算在买件白色的，太出乎我得意料啦，真没想到这么好，良心卖家
2019年07月25日 10:52,颜色:白色尺码:S,布料舒服穿上透气有型！老板态度好，有耐心，发货快！打算再入手一件做情侣装！
2019年07月18日 14:47,颜色:黑色尺码:M,很棒很棒很棒很棒，质量很好，这个弹力很好，还比较柔软，颜色也挺好的，我摸了一下料子，还是可以的，质量非常好。
2019年07月13日 00:20,颜色:白色尺码:XL,面料柔软舒服，做工精细，款式简单大气，不显胖，质量很棒
2019年07月25日 15:13,颜色:白色尺码:L,质量挺好的，做工精细，料子柔软亲肤，穿着很舒服，款式简单大方，非常好看，满意
2019年07月25日 11:42,颜色:黑色尺码:M,收到了还不错，穿上宽松，质量放心，衣服挺好看，设计外观别致新颖，太喜欢了
2019年07月25日 14:20,颜色:白色尺码:S,衣服收到了，面料透气，穿着非常舒服，颜色正不掉色，超级喜欢
2019年07月18日 04:36,颜色:白色尺码:XL,衣服和想象的一样好看，绵的手感舒服。透气性很好～版型宽松显瘦～爱不释手，穿起来很合身～喜欢这样的版型
2019年07月17日 14:42,颜色:白色尺码:S,发货速度非常快 包装完好无损 与图片一致描述相符 衣服是棉的 上身效果好 穿上好看不显肚子 店家客服推荐的尺码非常准 谢谢店家客服有问必答的服务 满意的一次购物
2019年07月20日 17:11,颜色:白色尺码:XL,宝贝收到，质量不错，颜色没偏查，是我想要的那种！手摸起来挺软的，老板服务太服好，包装好看！下次还来她家买！
2019年07月25日 22:11,颜色:白色尺码:L,卖家人很好，发货速度快。衣服质量不错，穿着舒服，短袖比较好搭衣服，短袖版型好，面料舒服，客服推荐的码数标准。
2019年07月18日 06:30,颜色:白色尺码:XL,"短袖t恤男发货很快东西收到之后马上查看了,和预想的一样不掉色码数标准质量好同事已经问了链接很有耐心的卖家，以后有需要还会回购的。"
2019年07月20日 21:27,颜色:白色尺码:M,t恤质量特别好，面料柔软，穿着舒适，版型好看，搭配牛仔裤，休闲裤都很美哦
2019年07月15日 13:44,颜色:白色尺码:M,衣服质量很好，穿上舒服，上身效果也可以，图案简单，是我喜欢的，这样的简单款式简单图案比较好搭，好评
2019年07月17日 20:34,颜色:黑色尺码:M,衣服收到了，试穿了一下合适，图案也喜欢，是棉的，很舒服。水洗了也没变形。主要价格美丽，下次还会光顾的
2019年07月15日 12:24,颜色:白色尺码:S,质量特别好，刚开始买了件白色的，打开看特别满意，试穿也特别合适，挺好的，布料特别柔软，货真价实，客服态度很好，快递小哥很迅速，因为在上班，推迟取快递，快递小哥又给我送了一次，特别感动，总之好评
2019年07月16日 15:15,颜色:黑色尺码:XL,衣服质量非常好，棉的，面料很舒服透气，客服推荐的尺码也非常合适，关注你家，夏天会常来
2019年07月25日 13:40,颜色:黑色尺码:XL,面料柔软，透气汗，做工精细，印花也好看，主要是穿着舒服
2019年07月24日 08:50,颜色:白色尺码:L,纯棉的透气吸汗，很舒适。休闲帅气，百搭。做工没毛病
2019年07月17日 21:13,颜色:黑色尺码:XL,衣服质量真好，面料柔软，颜色好看，款式大方时尚，穿起来很合适很漂亮，下水洗了不掉色不起球，物流也很快，很满意。 
2019年07月20日 07:40,颜色:白色尺码:S,是正品，做工一流面料上成，一分价钱一分货，喜欢这种宽大的款式，舒适啊百搭！
2019年07月20日 08:46,颜色:白色尺码:S,短袖面料舒适透气，是纯棉材质，款式大气时尚。
2019年07月19日 11:27,颜色:白色尺码:L,衣服料子摸起来超舒服，真是物美价廉，话不多说，卖家包装很用心，收到完好无损，快递小哥也辛苦了，一次满意的购物体验，祝卖家生意兴隆
2019年07月24日 21:31,颜色:黑色尺码:L,衣服上身很舒服，面料也很好，是我喜欢类型，面料是棉的。很舒服。这个颜色也非常漂亮。可以配短裤短裙
2019年07月27日 22:06,颜色:白色尺码:S,面料很舒服的，这个长度也刚刚好，不会太长也不会太短，上身很宽松舒服，颜色很好看超喜欢，好好看，很对我的胃口。
2019年07月22日 11:08,颜色:白色尺码:S,T恤短袖是纯棉面料，柔软舒适透气性很好，上身效果也不错。
2019年07月23日 09:03,颜色:黑色尺码:L,短袖面料柔软，款式大方，上身效果不错，尺码标准，挺凉快的
2019年07月14日 09:54,颜色:白色尺码:XL,衣服质量非常好，先买了一件白色试试穿了真心不错，质量不错做工精细，面料此实，上身效果不错。
2019年07月22日 17:54,颜色:白色尺码:XL,颜色很漂亮，没有色差。面料有弹性，比较轻软舒适，很喜欢，包装很细心，很有档次的感觉。
2019年07月27日 13:22,颜色:白色尺码:XL,此用户没有填写评价。
2019年07月25日 07:05,颜色:白色尺码:XL,衣服颜色好看呢，款式和版型都不错，个人比较喜欢，面料穿着蛮舒服的。码数也刚刚好。质量不错，是棉的。满意
2019年07月24日 16:52,颜色:黑色尺码:L,衣服质量挺好的，是棉的，很喜欢前面的个性图案料子也是那种滑滑的，满意
2019年07月14日 17:11,颜色:白色尺码:L,衣服款式很潮很经典，做工还行，没有掉线的地方，贴合皮肤的感觉很舒服，夏天穿最适合不过，很好，值得推荐
2019年07月20日 20:22,颜色:白色尺码:L,面料很舒服，质量也不错，物美价廉，很喜欢，面料柔软摸着手感非常好，软软的，加了刺绣，清晰，不透也不会厚。
2019年07月18日 15:00,颜色:白色尺码:M,衣衣收到了，质量不错，面料很柔软，上身很舒服。图案清晰也好看，款式简单大方，穿上很漂亮，赶紧过来好评啦～
2019年07月24日 00:46,颜色:白色尺码:L,衣服质量很好，穿着很舒服，棉料子，洗了也不掉色，宽松版，百搭款。
2019年07月19日 09:26,颜色:黑色尺码:M,短袖发货挺快的。面料很柔软。上身很舒服。尺码也标准。非常喜欢哦！
2019年07月06日 22:02,颜色:黑色尺码:M,总体来说很满意，衣服的颜色很正，不掉色，然后版型也好看，料子很舒服，穿着很合身。
2019年07月24日 14:46,颜色:黑色尺码:XL,棉的质量非常好，与描述一致。穿着舒服大小合身，款式漂亮非常满意。
2019年07月23日 20:20,颜色:黑色尺码:M,衣服很喜欢和图片上看到的一样，大小合适，媳妇挑选的 眼光很好，穿着逛街很拉风 大爱
2019年07月27日 19:37,颜色:白色尺码:M,衣服质量很好，透气性强，衣服搭配很好搭，穿起来很有范。
2019年07月22日 01:13,颜色:白色尺码:XL,发货快，衣服收到了质量挺好的，面料穿着很舒服大小合适纯棉的，图案花色也很漂亮，物流给力
2019年07月17日 17:52,颜色:黑色尺码:M,上身好看有型，面料舒适透气
2019年07月26日 19:13,颜色:黑色尺码:L,衣服很棒啊 面料很透气 而且很舒服 没有色差 很棒衣服很棒啊 很是喜欢 夏天穿很漂亮。
2019年07月22日 07:55,颜色:白色尺码:L,衣服昨天收到了，摸着衣服面料柔软，还有质感，是棉的。穿着很舒服。
2019年07月25日 13:48,颜色:黑色尺码:L,发货速度赞，很快久收到了。衣服面料舒服透气夏天穿着不闷。
2019年07月23日 08:53,颜色:白色尺码:M,码数合适，质量也很好，样式好看、穿着很显瘦，很百搭，很喜欢的一款衣服！好看好看！
2019年07月10日 19:19,颜色:黑色尺码:M,颜色很正，衣服大小正合适，面料也很柔软，价格也很合适，质量非常好，真的很喜欢
2019年07月15日 07:41,颜色:白色尺码:L,衣服质量挺好的，再长点更好，穿到身上舒服，花悟空图案很漂亮，非常不错，很好，天气热了，希望穿上它凉快。
2019年07月23日 15:37,颜色:白色尺码:M,货收到了面料很舒服穿上显得高档大气值得拥有
2019年07月16日 22:06,颜色:黑色尺码:XL,衣服穿上很舒服。款型好看，价格实惠，质量很好。
2019年07月24日 21:23,颜色:黑色尺码:M,非常不错的衣服，而且，上身效果特别好很合身.料子也不错，面料款式都很喜欢！很不错的衣服，非常值得推荐购买。
2019年07月17日 14:55,颜色:白色尺码:L,衣服质量挺好的，轻薄透气，夏天贴身穿也很舒服。
2019年07月15日 15:27,颜色:白色尺码:L,宝贝巳收到，包装完好，物流也很快，衣服很柔软，穿在身上很舒服，棉面料的，如需要还会回购，全五分好评。
2019年07月26日 09:26,颜色:白色尺码:L,衣服收到了，质量不错，印花也精致，穿着正好，挺小清新的感觉
2019年07月27日 00:56,颜色:白色尺码:XL,衣服质量挺好的，棉面料，摸着很舒服，尺码也挺标准的，穿上很合身。
2019年07月25日 23:36,颜色:黑色尺码:M,质量真的好，最主要还特别实惠，穿在身上很舒服，超级划算，没有色差，很满意。
2019年07月19日 10:40,颜色:黑色尺码:M,物流挺快的，质量也是棒棒的，已经穿了，面料质感很好，穿着舒服又百搭。
2019年07月14日 06:25,颜色:白色尺码:XL,衣服收到了穿着很舒服面料柔软手感很好，时尚潮流休闲百搭款做工精细喜欢
2019年07月16日 12:33,颜色:白色尺码:M,衣服质量很舒服，质感挺好的，穿上很合身，实物是跟商家的图片没有色差的。好
2019年07月16日 09:57,颜色:白色尺码:M,T恤收到 非常满意 颜色是我喜欢的 没有色差 穿上很合适且质量做工都很好 棒棒哒!
2019年07月20日 13:48,颜色:黑色尺码:M,洗了也没有掉色和起球的问题出现 质量真的不错。
2019年07月19日 12:32,颜色:白色尺码:L,颜色漂亮下水洗过不掉色，穿着很舒服，做工精致喜欢！
2019年07月25日 12:55,颜色:白色尺码:M,宝贝收到，面料好穿着舒适且吸汗透气，上身效果好，尺码标准且百搭。赞！
2019年07月22日 09:49,颜色:白色尺码:L,款式简洁大方，棉的，穿着很舒服，也很好搭配衣服，我肤色偏白，不挑颜色，物流很快，满意，满意！
2019年07月24日 23:01,颜色:黑色尺码:XL,衣服收到不错，面料很好，洗过没变形，很宽松，好搭配
2019年07月21日 18:17,颜色:白色尺码:L,很合身，穿上以后走在路上回头率很高，布料和做工都不错 
2019年07月27日 20:42,颜色:白色尺码:XL,短袖收到了 物流快 质量不错 颜色好看做工精细 上身效果特别好 尺码标准 夏季薄款凉快
2019年07月23日 09:50,颜色:白色尺码:L,棉质的，很柔软，衣服特别白，夏天风吹过，我的白衣少年就出现在我眼前
2019年07月23日 12:41,颜色:白色尺码:XL,哈哈，很好看哦！款式我们都很喜欢，质量也不错，穿起来舒服，是我喜欢的款式，白色简单大方！
2019年07月08日 11:02,颜色:白色尺码:L,很喜欢这件YY的颜色，直接就拍了一套，上身以后的感觉很好，很显肤色，显得人白了很多哦，显得很可爱。喜欢的不得了。
2019年07月25日 15:56,颜色:白色尺码:XL,衣服质量很好，透气性好，穿上特别舒服，值得购买
2019年07月23日 13:27,颜色:黑色尺码:M,上身效果不错，衣服质量挺好 的，穿着很合适，面料很舒服。真的很喜欢。
2019年07月09日 14:51,颜色:白色尺码:M,穿着很清新啊  很好搭配衣服 布料是棉的 穿着舒服 不闷热  非常喜欢
2019年07月19日 23:13,颜色:白色尺码:M,不错啊衣服，百搭棉面料，穿着挺舒服的，关键是简单好看，不错不错～
2019年07月22日 12:11,颜色:白色尺码:L,T恤质量很好，棉的穿着也吸汗透气
2019年07月05日 09:27,颜色:黑色尺码:L,这款衣服质量好，尺码也很正，穿上去很帅，朋友也说好看。
2019年07月09日 12:04,颜色:白色尺码:XL,已收到就迫不及待的打开看了，都喜欢没色差。面料摸起来也柔软的，穿起来也舒服！
2019年07月25日 16:10,颜色:黑色尺码:M,图案很潮，穿上感觉炒鸡美腻，哈哈，走在路上还有好多人看，还问我在哪儿买的！美美美！
2019年07月25日 17:05,颜色:白色尺码:XL,哈哈哈，称心如意，穿上很舒服，质量也很好，就是白色不耐脏，其他的都好，给个大大的赞！
2019年07月22日 22:34,颜色:黑色尺码:S,大小合适穿上正好，面料摸起来很舒服。
2019年07月23日 10:47,颜色:白色尺码:S,衣服收到了质量很好软软的下水洗了不缩水上身效果很好
2019年07月23日 21:15,颜色:黑色尺码:L,简约百搭的款式，上身效果不错，很理想，显瘦。真心不错，尺码也合适，物超所值。
2019年07月14日 07:23,颜色:白色尺码:S,款式新潮，面料好，做工精细，上身效果好，整体跟描述一致，非常满意
2019年07月07日 17:18,颜色:白色尺码:L,穿着舒服，大小合适，颜色非常漂亮，物流快服务也好。
2019年07月25日 22:45,颜色:黑色尺码:L,衣服是棉的， 夏天穿正合适，质量不错，比想象中的还满意，上身效果非常满意，大小合身。
2019年07月23日 04:10,颜色:黑色尺码:XL,喜欢，穿着也舒服，平时也很容易搭配，百搭款哈，穿着也比较宽松休闲，棉的又软穿着又舒服，质量不错，不错哦
2019年07月26日 02:07,颜色:黑色尺码:M,衣服质量不错是棉的，面料柔软舒适，款式也是我很喜欢的，妥妥的好评，以后还会再来回购！
2019年07月14日 14:51,颜色:白色尺码:S,版型宽松好看，面料舒服有弹性，颜色我喜欢的颜色，图案好好看啊
2019年07月19日 18:24,颜色:白色尺码:L,衣服收到了质量不错的，棉面料，穿着舒服，款式也不错，超爱的。
2019年07月25日 10:11,颜色:黑色尺码:M,收到很多天了子质量挺好的，布料质地柔软，版型不错，穿上显瘦！
2019年07月12日 15:51,颜色:白色尺码:L,衣衣收到。很好很好，质量好，软软的，棉棉的，穿上很舒服的。大小合适，洗过不掉色，真的是物美价廉。送给店家一个大大的赞赞赞赞赞赞赞
2019年07月21日 20:31,颜色:白色尺码:M,衣服质量真的好！不起皱不起球。 颜色鲜艳！小伙伴们都说好也喜欢！
2019年07月19日 15:32,颜色:白色尺码:S,很好看有型不错喜欢质量没得说，一连好多年都穿魅斑，宽松，休闲
2019年07月14日 14:16,颜色:白色尺码:S,衣服收到了，是纯棉的，图案好看，质量好
2019年07月15日 13:16,颜色:白色尺码:S,衣服特别好看，价格也实惠，穿上真的好看，喜欢，特喜欢。
2019年07月25日 13:21,颜色:白色尺码:XL,衣服的质量真心不错，面料柔软舒适，非常的亲肤透爽，款式简单很百搭。
2019年07月13日 09:10,颜色:黑色尺码:XL,衣服收到了 料子非常好喜欢物流很快
2019年07月27日 16:42,颜色:白色尺码:M,面料不错，厚薄也正合适，上身效果特别好。
2019年07月18日 10:42,颜色:黑色尺码:S,服务态度很好，客服很热心，衣服超仙的，朋友们都说好看~~穿在身上很舒服，纯棉的，整体非常满意！
2019年07月17日 09:25,颜色:白色尺码:S,衣服挺好的，穿起来舒服自然，质量也可以。
2019年07月15日 09:35,颜色:白色尺码:M,很显档次呀，穿着非常舒服，款式很好看呢。也没色差，车工很精细，和客服介绍一样大小很合身。
2019年07月18日 22:00,颜色:白色尺码:M,宝贝收到咯，确实挺好的，上身效果也不错，穿着特别宽松，衣衣确实不错。
2019年07月25日 17:27,颜色:黑色尺码:L,这款面料很舒服，，休闲款很好穿
2019年07月22日 12:23,颜色:黑色尺码:L,质量非常好，包装挺仔细的，料子柔软，穿着很舒服
2019年07月18日 08:37,颜色:白色尺码:S,棒棒哒，好看，颜色很衬人肤色，女孩子的最爱哟
2019年07月27日 13:33,颜色:白色尺码:XL,面料比较薄，但是不会透，洗了也不会掉色，还是很满意的。
2019年07月26日 14:41,颜色:白色尺码:XL,衣服质量确实不是一般的棒，穿着很舒服，还会再来的，是棉的，图案也很漂亮。
2019年07月21日 09:34,颜色:白色尺码:XL,面料好好呀，棉的，版型很显瘦的，款式简单，简约大方款，搭配短裤短裙都好看！
2019年07月04日 23:33,颜色:白色尺码:L,衣服是棉料的，穿上挺好看的，样子简单大方，也很好搭衣服！
2019年07月14日 15:17,颜色:黑色尺码:L,衣服质量好，，是正品的，，穿的很舒服，，又很透气，，店家态度很好
2019年07月08日 21:34,颜色:黑色尺码:M,衣服质量好，摸上去很舒服，买了几天，今天才上来发评论，衣服手感很好，穿着也很舒服。
2019年07月17日 14:16,颜色:白色尺码:XL,短袖收到了质量挺好的穿着合适有舒服跟图片一样物流挺快的
2019年07月27日 10:05,颜色:白色尺码:L,衣服收到了，质量不错，面料柔软舒适，做工精细，上身效果很合身，满意！
2019年07月03日 20:23,颜色:黑色尺码:XL,尺码标准，显得腰特别细 ，图案很好看，而且布料是棉的，没有线头，穿在身上很舒服。
2019年07月20日 14:26,颜色:白色尺码:L,哟吼，简直喜爱这个衣服~白色很干净，超柔软，穿着很舒服，超满意~
2019年07月22日 17:34,颜色:白色尺码:M,穿了一天，一点也不热，面料柔软舒服，很适合夏天，很百搭的款式，真心喜欢，以后买T恤就这家了
2019年07月24日 13:31,颜色:白色尺码:S,衣服收到了 美美哒 已经下水 穿了好几次了 不掉色 颜色很正 挺满意的。
2019年07月15日 15:07,颜色:白色尺码:L,此用户没有填写评价。
2019年07月06日 22:35,颜色:白色尺码:S,价格便宜实惠，真的完美，日常百搭的颜色
2019年07月24日 20:58,颜色:白色尺码:M,物流挺快的，很喜欢，穿上去也很好看，颜色也是我喜欢的，客服挺有耐心的态度不错， 没有异味，颜色也正 轻薄透气。
2019年07月21日 07:17,颜色:黑色尺码:M,衣服下水洗过了，不掉色不变形，质量非常好
2019年07月08日 09:16,颜色:白色尺码:XL,衣服收到了，质量挺好的，卖家服务态度也很好，非常喜欢这个颜色，显白
2019年07月25日 09:01,颜色:白色尺码:XL,质量特别不错，价格也合适，东西收到以后很满意！
2019年07月17日 21:56,颜色:黑色尺码:XL,衣服不错，是正品，穿着很好看，非常舒服，料子很好的
2019年07月26日 18:49,颜色:黑色尺码:L,面料柔软，穿上舒服，好评
2019年07月15日 17:17,颜色:白色尺码:L,衣服收到，面料柔软，质量不错，穿起来也特别合身
2019年07月21日 00:13,颜色:白色尺码:L,衣服面料棉的，手感非常舒服，颜色和图片是一样的，非常喜欢穿，真的不错。
2019年07月23日 22:17,颜色:黑色尺码:S,宝贝收到了，衣服摸起来很舒服，颜色也很好看，面料柔软，很合适。
2019年07月17日 16:51,颜色:白色尺码:L,衣服收到了，质量很好，做工精细，特别满意。特别适合，特别的有青春范儿，大赞
2019年07月16日 21:59,颜色:白色尺码:XL,衣服质量不错，性价比很高，款式也简单，很好搭配
2019年07月26日 20:49,颜色:黑色尺码:M,版型偏大，样式很好看，质量值得信耐，穿的也安心&hellip;
2019年07月19日 19:15,颜色:黑色尺码:L,款式很简单，看着舒服。感觉配什么衣服都很好搭配。穿着也挺舒服的
2019年07月27日 20:52,颜色:黑色尺码:L,这件衣服很满意，大小合适，穿着也还可以
2019年07月15日 19:12,颜色:白色尺码:M,面料不错，上身效果很好，穿上很舒服
2019年07月08日 14:38,颜色:白色尺码:XL,衣服质量很好，面对料也很柔软，上身很好看。
2019年07月24日 17:00,颜色:白色尺码:XL,衣服做工精细，布料摸着舒服，上身效果不错，显年轻。
2019年07月24日 22:57,颜色:白色尺码:XL,太好看了，喜欢的不行，一点也没有失望，值得拥有
2019年07月26日 21:30,颜色:黑色尺码:S,衣服收到了，面料柔软舒服，质量好，码数标准 很满意
2019年07月26日 16:28,颜色:黑色尺码:M,真的很好、穿着舒服、摸上去是棉料、很不错！
2019年07月26日 09:36,颜色:黑色尺码:S,薄厚适中，穿上显身材。挺不错一次购物!
2019年07月20日 07:12,颜色:白色尺码:XL,T恤很好看 穿着很舒服 布料很好。好评 喜欢
2019年07月19日 18:43,颜色:黑色尺码:M,衣服面料柔软舒适，穿起来特别舒服
2019年07月11日 14:34,颜色:白色尺码:M,很漂亮的短袖 面料是棉的 穿着舒服。
2019年07月26日 20:53,颜色:白色尺码:M,收到货就打开了，衣服质量杠杠的面料很舒服。
2019年07月18日 08:39,颜色:黑色尺码:M,质量很好，穿上很舒服，大小合适，非常满意。
2019年07月18日 13:27,颜色:黑色尺码:L,质量很好，大小也合适，没有色差，很喜欢，与图片相符。
2019年07月26日 14:00,颜色:白色尺码:L,短袖已收到，质量很好，做工精细，穿着舒服
2019年07月14日 22:22,颜色:黑色尺码:S,好看 喜欢 可爱 近距离可以看到印刷很好很清晰好看。
2019年07月07日 11:55,颜色:白色尺码:L,衣服收到了，上身效果很好颜色也好搭衣服，穿的舒服
2019年07月22日 07:05,颜色:黑色尺码:M,此用户没有填写评价。
2019年07月22日 14:33,颜色:白色尺码:L,衣服面料很舒服款式新颖，做工精细。
2019年07月24日 20:40,颜色:黑色尺码:XL,衣服收到了，质量超级好，上身非常帅，喜欢
2019年07月24日 19:04,颜色:黑色尺码:L,面料柔软舒服，做工质量都不错。
2019年07月25日 09:22,颜色:黑色尺码:M,颜色跟图片一样，很漂亮，面料也很好，棉的。
2019年07月09日 10:36,颜色:白色尺码:XL,面料柔软舒服，性价比高，尺码标准，跟实体店一样，值得推荐一下
2019年07月18日 02:10,颜色:白色尺码:XL,衣服很好，很漂亮，穿起来很洋气时尚。
2019年07月06日 08:20,颜色:白色尺码:M,衣服质量太好了，纯棉的，洗了也没缩水，物美价廉，是正品
2019年07月26日 19:47,颜色:黑色尺码:XL,质量很好，做工很讲究，布料很软穿上很舒服，大小合适，不错。面料手感柔软颜色没有色差，穿着合身很漂亮。
2019年07月23日 21:57,颜色:黑色尺码:L,衣服质量不错，上身效果很好看 
2019年07月24日 08:20,颜色:白色尺码:L,衣服是正品，上身很漂亮，穿着也舒服满意
2019年07月27日 09:40,颜色:白色尺码:XL,料子很舒服，也没有色差，非常好
2019年07月17日 21:03,颜色:黑色尺码:XL,穿了一段时间才来评价，质量很好，不掉色，手感柔软，穿在身上舒服
2019年07月20日 15:45,颜色:白色尺码:L,衣服收到了，棉的质量很好，物流发货快客服态度也很好，推荐的尺寸很合适，宽松的很舒服，很满意。
2019年07月24日 10:52,颜色:白色尺码:M,衣服料子舒服，上身效果不错，很喜欢。
2019年07月24日 17:52,颜色:白色尺码:L,物流非常快。衣服质量非常不错。穿出去也特别漂亮。上档次。值得推存
2019年07月08日 16:01,颜色:白色尺码:S,非常好呢 快递很快 穿上很合适，面料很柔╭(￣▽￣)╮
2019年07月21日 22:06,颜色:黑色尺码:S,这件上衣按照商家推荐的码，很合身，穿着刚刚好，满意！
2019年07月15日 18:57,颜色:白色尺码:S,面料可以，棉的，穿着很舒服。
2019年07月20日 18:28,颜色:白色尺码:S,衣服收到啦很好看很百搭的一件衣服是正品！
2019年07月22日 11:50,颜色:白色尺码:S,此用户没有填写评价。
2019年07月16日 23:36,颜色:白色尺码:M,衣服收到了很喜欢，质量很好，没有色差。 
2019年07月19日 06:42,颜色:黑色尺码:L,衣服质量真的超级好 T恤很百搭。
2019年07月26日 06:19,颜色:白色尺码:XL,货收到，质量很好，和店家描述的一样，穿起来很舒服
2019年07月19日 15:22,颜色:黑色尺码:M,面料很好，很喜欢的。穿上很大气
2019年07月25日 23:48,颜色:黑色尺码:L,上身效果不错，挺显瘦的。女儿喜欢
2019年07月17日 11:00,颜色:白色尺码:M,衣服收到了，颜色挺正的，而且洗了不掉色不起球
2019年07月27日 18:47,颜色:白色尺码:S,衣服跟图片没有差异，很喜欢～
2019年07月18日 21:38,颜色:白色尺码:L,质量很不错，摸着特别的舒服，而且很好看，百搭！！
2019年07月25日 09:16,颜色:黑色尺码:L,质量很不错，不掉色，穿着也很舒适。
2019年07月22日 08:51,颜色:黑色尺码:L,面料柔软，穿着舒服，客服人员非常耐心！
2019年07月26日 21:19,颜色:白色尺码:XL,面料好做工精细！尺码标准，很合身！值得购买
2019年07月21日 07:51,颜色:黑色尺码:M,不错，尺码标准，已经洗过，不掉色，包装完美，物流给力，好评！
2019年07月17日 10:21,颜色:黑色尺码:XL,衣服很好看质量不错，很舒服
2019年07月05日 13:31,颜色:白色尺码:L,衣服收到了穿着挺舒服的
2019年07月20日 16:05,颜色:白色尺码:L,衣服颜色很正，面料也很舒服，满意
2019年07月14日 12:05,颜色:白色尺码:M,面料舒适 软软的 做工精细 走线工整
2019年07月24日 21:18,颜色:白色尺码:M,很喜欢，而且穿了一段时间，料子很贴肤，大小合适， 家服务态度好，快递给力！
2019年07月24日 20:36,颜色:白色尺码:XL,大小合适，面料很舒服，喜欢
2019年07月21日 16:32,颜色:黑色尺码:M,衣服质量真心杠杠滴
2019年07月24日 20:37,颜色:白色尺码:S,棉质很厚实啊，很喜欢，简单的图案很不错。
2019年07月22日 08:33,颜色:黑色尺码:L,面料挺好，是棉的，也很舒服。
2019年07月26日 09:42,颜色:白色尺码:XL,衣服真心不错，准备再入手几件
2019年07月26日 20:46,颜色:白色尺码:M,图案很喜欢，质量也不错，物美价廉
2019年08月29日 00:28,颜色:白色尺码:L,收到很惊喜，质量好，手感舒适，上身效果也很好，很修身。而且这个价格能买到这样的，性价比真高！还会再来
2019年07月28日 14:35,颜色:黑色尺码:XL,衣服质量很好，料子摸起来好舒服，和我男神同款衣服，太棒了
2019年07月20日 09:38,颜色:白色尺码:S,衣服质量超级棒的，面料特别舒服透气，版型也很不错，穿上也很有型呦！看好的小姐姐不用犹豫，卖家态度也很好，问了好多都认真的回答！支持你们家
2019年08月11日 09:25,颜色:白色尺码:S,质量非常好，穿上很舒服，特别显瘦，喜欢的朋友可以入手啦！推荐购买！
2019年09月01日 06:57,颜色:黑色尺码:S,衣服质量杠杠的，没有色差，布料摸着挺舒服的，喜欢
2019年07月19日 23:52,颜色:白色尺码:M,纯棉T恤亲肤柔软，烫钻的很漂亮，面料有弹性 ，款式简单大方 百搭
2019年07月17日 20:14,颜色:白色尺码:M,版型很好，上身很好看，面料很舒服，很透气，跟描述一样，穿起来很减龄，很喜欢
2019年07月07日 12:56,颜色:黑色尺码:XL,衣服穿上非常时尚，颜色很正，超喜欢
2019年07月24日 07:53,颜色:白色尺码:M,宝贝已经收到了，布料摸起来不错，试穿了一下，尺码也挺合适，穿着很舒服，很不错的哦！！！
2019年08月15日 01:28,颜色:白色尺码:M,买了好几次质量不错，员工喜欢，做工精良。尺码也比较准。
2019年09月10日 08:08,颜色:白色尺码:M,衣服收到了，质量很好，做工精细，面料柔软，穿上很舒服。
2019年09月18日 00:31,颜色:白色尺码:L,衣服收到了试了一下很合身，款式也好看是我想要的，颜色也好看没有色差，质量不错摸着手感很好上身很舒服，
2019年08月23日 22:12,颜色:黑色尺码:M,宝贝到了质量很好面料很舒服穿起来特别舒服价格实惠材质非常满意
2019年09月28日 06:46,颜色:黑色尺码:L,宝贝收到了！衣服质量也很好，穿在身上很舒服，弟弟很喜欢
2019年09月11日 22:18,颜色:白色尺码:XL,宝贝已收到，质量不错，穿着很舒服，非常满意。物流也很快。
2019年07月28日 14:37,颜色:黑色尺码:M,上身效果挺好的，面料也挺舒服，大小刚合适 ，不错挺满意的
2019年07月24日 14:06,颜色:黑色尺码:M,衣服面料很柔软，穿着很合适！上身效果不错，卖家推荐的尺码穿着刚好合适，价格也很实惠
2019年07月23日 15:46,颜色:白色尺码:XL,衣服收到了，打开试穿，大小合适，质地凉快，已经下水洗过，没有掉色
2019年08月17日 07:23,颜色:黑色尺码:L,赞一个发货迅速，宝贝和图片差不多。。不错希望下次合作谢谢掌柜~
2019年07月02日 22:32,颜色:白色尺码:XL,质量非常好，时尚又大气，穿着有型有款，特别漂亮，客服热情，快递给力。
2019年09月05日 22:53,颜色:白色尺码:S,衣服面料挺好，上身效果不错，推荐的号码合适，颜色和图片一样，好评
2019年07月23日 19:52,颜色:黑色尺码:M,T恤质量不错，特意穿过洗过才评价的，穿着舒适透气性好又吸汗，没有多余的线头，值得选购。
2019年07月16日 06:32,颜色:白色尺码:XL,不错，洗了不掉色，质量很好，做工精细，颜色好看，很适合我，穿上显白，很清爽的感觉，价格也不贵
2019年07月14日 09:49,颜色:黑色尺码:M,衣服上身效果不错，面料柔软，大小长短合适，最重要洗涤不掉色。颜色没色差，下次就还在你家买，同事都说好看
2019年07月13日 12:33,颜色:白色尺码:M,帮朋友买的，看她穿着非常的时尚，很棒哟，质量也很好。棉布的穿的很吸汗，喜欢的朋友赶紧下手吧。
2019年09月12日 08:38,颜色:黑色尺码:L,质量非常好，价格比实体店便宜很多，客服很好。非常喜欢。好评！！！
2019年09月21日 22:13,颜色:白色尺码:S,货已收到，衣服质量很好，穿上很舒服，真心满意，值得推荐，服务好，物流快
2019年09月08日 09:57,颜色:白色尺码:L,很满意，收到快递就迫不及待的试穿了，按平时买衣服的尺码拍的，大小正合适，料子也很凉快。
2019年08月10日 17:50,颜色:白色尺码:S,版型不错，薄款T恤，夏天专属，推荐
2019年07月04日 20:29,颜色:白色尺码:XL,简简单单的SUP字母诠释着潮牌的不老品牌，棉面料，上身舒适，版型完美。穿上就不想脱了。
2019年08月18日 08:11,颜色:黑色尺码:L,面料很柔软，质量不错，款式很好看，穿起来很舒服。很不错，值得购买
2019年07月19日 12:38,颜色:白色尺码:S,质量绵软，穿着很舒服，做工精细，不论是剪裁还是做工，都无可挑剔，本人相当满意。赞，以后会继续光顾的
2019年09月07日 13:22,颜色:白色尺码:S,衣服收到了，质量很好，面料穿起来很舒服，很满意的一次购物
2019年07月19日 19:43,颜色:黑色尺码:XL,衣服到手了，拿到就赶紧试穿了，面料棉棉的，比较柔软，穿着很舒服，款式也简单大方，是我想要的样子，颜色没有色差，和图片款式一样，码数也是标准码，买的和平常一样的码数，大小穿着刚刚好，满意哦
2019年07月26日 15:39,颜色:黑色尺码:XL,衣服洗过才穿的，质量很好，面料很柔很舒服，颜色很正，总体非常满意的
2019年08月18日 14:42,颜色:黑色尺码:M,宝贝很好，面料柔软舒适，款式简单大方，值得推荐的一款宝贝
2019年07月27日 09:32,颜色:黑色尺码:L,衣服质量不错，料子舒服，透气，款式简单，好看，而且百搭，颜色显皮肤白，穿上效果好，显瘦已经下水洗过，不起球，不变形，喜欢的可以入手。
2019年08月04日 10:26,颜色:白色尺码:L,衣服面料手感不错，穿着挺舒服的，质量也挺好的，码数标准，卖家服务态度很好，物流很快
2019年07月24日 20:51,颜色:白色尺码:XL,衣服收到，马上穿上试了试，好看，非常喜囍，朋友都说漂亮，也想买呢！棒棒的
2019年07月19日 17:45,颜色:白色尺码:XL,这款衣服的版型很漂亮，面料很亲肤，款式是我喜欢的风格，图案设计的很有特色，上身效果很棒，百搭款还显瘦，很满意的一次网购！
2019年07月27日 20:06,颜色:白色尺码:M,衣服质量不错，白色也不会透呢，穿着很舒服，款式大方，简单，穿着也方便，是我喜欢的~
2019年07月19日 17:34,颜色:白色尺码:L,衣服收到迫不及待的上衣试了，能够搭配各种风格，所以放心的洗水晒起来，沒有褪色也没有缩水，满想到这个价钱能买到满意的衣服，不错！收藏了店铺，下次再来。
2019年08月25日 16:27,颜色:黑色尺码:XL,衣服真的超级好看，非常的潮，质量也不错，穿出去同学都说好好看
2019年07月18日 11:49,颜色:白色尺码:S,衣服收到也是很惊喜哦，很好看，颜色和图片上的是一 样的正，衣服针脚细密，没有多余线头，穿也挺好 的，洗水不变形，也不会皱，夏天穿着透气也很 好。好评，已经关注了这家店了
2019年08月22日 10:29,颜色:黑色尺码:L,面料很好，做工精细，穿着很合适，很喜欢，已经推荐给朋友购买了。
2019年09月07日 18:18,颜色:白色尺码:S,短袖T恤的面料很好，手感很舒服，穿上很合适，吸汗效果挺棒的，非常满意，很值
2019年07月31日 07:27,颜色:白色尺码:XL,面料柔软舒适，清清爽爽的颜色，简简单单的款式，白色不透还不错！外出家居都好，价格也合适。
2019年09月20日 07:54,颜色:黑色尺码:M,衣服面料舒适，质量挺好的，尺码合适，穿上挺舒服的，很满意
2019年07月20日 07:37,颜色:黑色尺码:L,款式新颖时尚，面料柔软舒适透气，穿着舒服大方得体，价格实惠值得推荐
2019年07月15日 05:54,颜色:白色尺码:M,衣服收到了，质量很好，比较透气，面料也很柔软。买的码数也很合适，颜色没有色差，快递很快。
2019年07月28日 22:00,颜色:白色尺码:M,今天上班穿了这件新买的短袖，嘻嘻嘻太无聊就自拍了一下 没想到随便拍都好看诶 这件衣服真的超级无敌显白 而且材质真的很软很舒服 之前洗了一次也没有缩水变形真的非常nice 想推荐闺蜜们都来买～
2019年07月13日 08:54,颜色:白色尺码:M,发货速度快，包装严实，大小合适，纯棉，上身非常舒服，透气，版型很好百搭，很喜欢，非常满意
2019年07月14日 21:15,颜色:白色尺码:L,质量太好了，做工精细，还是棉质的穿着舒服柔软，天气热穿着棉质的透气性好，颜色好看款式宽松
2019年09月08日 09:57,颜色:黑色尺码:S,就喜欢这种t，穿上特别潮，也挺嘻哈的，喜欢喜欢
2019年08月31日 16:45,颜色:黑色尺码:M,宝贝收到了，物流很快。衣服真的很好没有让我失望。，关键是这种款式不挑身材，胖瘦都可以穿，而且穿上好看。不料很好，而且摸着手感不错。非常满意的一次购物，亲们放心购买。
2019年08月31日 22:43,颜色:白色尺码:S,衣服柔软，穿着合身。得体。挺满意的一次购物。准备再拍一件，换着穿。
2019年09月07日 09:45,颜色:白色尺码:XL,宝贝收到了，真心不错，价格实惠，跟卖家描述的一样，超棒！
2019年07月26日 06:16,颜色:黑色尺码:XL,衣服面料很舒服，现在这个天气穿在身上也不会感到很闷热，特意穿过才来评价的。款式颜色都是我喜欢的，总体来说还是不错的。
2019年07月15日 20:30,颜色:白色尺码:L,衣服下水洗过了，完全没有缩水起球的情况，质量简直不要太好、穿着超级舒服。
2019年08月25日 20:00,颜色:白色尺码:M,衣服质量很好面料摸着舒服穿上很合身夏天穿很凉快透气卖家服务态度很好
2019年08月04日 14:14,颜色:白色尺码:L,好看，面料也舒服，纯棉的感觉，可以直接穿也可以搭短裤穿
2019年07月14日 16:05,颜色:白色尺码:M,衣服收到了非常满意 客服推荐的号码也很合身 上身效果很不错 颜色也正我喜欢白色拍的白色 价格也很满意 一次满意的购物 下次还会再来
2019年09月07日 06:28,颜色:白色尺码:XL,衣服收到了，质量很好，和图片一样，做工也很精致，大小很合适，满意。
2019年07月16日 12:56,颜色:白色尺码:S,布料柔软，穿着舒服，透气性强，夏天穿着不热，颜色也很清新，显得皮肤很白，吸汗性强，即使流汗也不粘在皮肤上，超级喜欢。
2019年07月17日 11:32,颜色:白色尺码:L,衣服是我期待的样子，这个夏天在她家没少买衣服，就是看中了她家衣服样式，能跟上潮流，很便宜的衣服，穿上却即时髦又洋气，希望那些和我一样不会打扮自己的姐妹们能多看看她家的上新，说不定你能找到灵感。把自己打扮的漂漂亮亮。
2019年08月17日 17:22,颜色:黑色尺码:XL,商品质量很好，客服服务热情，发货速度快，好评！
2019年09月02日 21:15,颜色:黑色尺码:XL,查了一下，是正品的，质量很好，款式好看，穿上非常舒服
2019年08月21日 07:54,颜色:白色尺码:XL,卖家服务很好，发货很快，包装完好，宝贝质量不错，面料很舒服，满意
2019年08月30日 10:34,颜色:黑色尺码:M,服质量真心的不错，面料柔软舒服，尺码刚刚合适，颜色和图片上没有色差，性价比高，店家服务态度很好是正品，值得购买。
2019年09月02日 14:37,颜色:白色尺码:S,非常喜欢😘&hellip;&hellip;感觉萌萌哒
2019年08月17日 10:03,颜色:黑色尺码:M,很满意，老板人也不错 上身效果也非常不错，推荐大家购买！穿上很软很舒服 值了！
2019年09月08日 13:22,颜色:黑色尺码:S,上身效果很好，料子穿着舒适，质量杠杠的，颜色没有色差，值得购买！
2019年08月28日 06:56,颜色:白色尺码:XL,衣服收到了，上身效果很好，面料很舒服，做工精细，喜欢
2019年07月14日 12:00,颜色:白色尺码:S,穿在身上还特别舒服，码子也很准，穿上还好看，舒服还透气
2019年08月19日 17:29,颜色:白色尺码:XL,宝贝收到了，质量很好，面料柔软，穿着舒服，尺码标准，穿着合身
2019年08月04日 07:13,颜色:白色尺码:L,衣服质量特别高，穿上也很时尚哦
2019年07月26日 23:00,颜色:白色尺码:M,宝贝收到了，质量不错，穿上尺码合适，面料纯棉，图案很可爱，简单又时尚，很喜欢，快递也是很给力，
2019年08月17日 22:07,颜色:白色尺码:M,质量好，舒服，很满意，十分愉快的一次购物，下次再去。
2019年07月29日 07:46,颜色:黑色尺码:L,衣服整体质量很好，面料柔软穿着舒适，好看又大方，吸汗透气
2019年09月15日 20:45,颜色:白色尺码:S,衣服很好看     质量也很好      穿在身上很舒服    总之很喜欢这次购物         物流也比较快    卖家服务态度超级好哦
2019年07月24日 20:49,颜色:白色尺码:L,收到后就迫不及待的试穿了一下，料子真的很好，穿起来特别舒服。很亲肤，料子很柔软。衣服上面的图案也是很喜欢。在身上感觉特别好看。很开心，下次肯定还会在这家店买的。
2019年07月28日 12:51,颜色:黑色尺码:XL,很漂亮的衣服，很是喜欢的宝贝，物流也快，穿着也舒适，很满意，色泽鲜艳，颜色很纯正，很好的衣服，物有所值
2019年08月09日 14:24,颜色:黑色尺码:XL,面料挺好的穿着舒服，颜色和款式好看，上身效果很好非常满意。
2019年07月16日 18:52,颜色:白色尺码:S,穿上效果真的不错，挺好看的，宽松休闲舒服百搭，刚刚洗了也不掉色，布料也非常柔软细腻，舒服，第一次买到这么好的上衣。
2019年07月17日 15:50,颜色:白色尺码:M,短袖t恤面料纯棉的，柔软舒适，宽松版型，百搭休闲，价格也很实惠，洗了不掉色不缩水
2019年08月07日 17:16,颜色:黑色尺码:XL,宝贝收到了，跟卖家描述的一样，非常喜欢，物流也快，卖家服务很好，很开心的一次购物。
2019年07月18日 14:55,颜色:黑色尺码:S,东西收到质量很好。没有色差布料非常好。大小也适合。款式也好，非常满意的一次网购。
2019年09月20日 21:03,颜色:白色尺码:S,质量很好，做工精细，款式很漂亮，不起球不褪色，很透气，值得购买，卖家服务态度好
2019年07月16日 16:09,颜色:白色尺码:M,"衣服质量不错，款式简单大方，手感摸着很舒服,没有多余的线头，衣服颜色也很好看，没有色差。"
2019年08月08日 21:59,颜色:黑色尺码:XL,还不错 和商家描述的一样 挺满意的 上身也好看 
2019年07月25日 21:02,颜色:黑色尺码:M,穿着舒适，风格穿着青春减龄，做工精细，包装得很好，无异味。
2019年07月26日 23:00,颜色:黑色尺码:M,亲，宝贝收到了，我超喜欢，做工质地都好得没话说，呵呵，服务态度也超好， 很有心的店家，以后常光顾
2019年08月12日 14:02,颜色:黑色尺码:M,很满意，赞赞赞赞赞赞赞
2019年08月01日 19:58,颜色:黑色尺码:XL,宝贝非常好，非常喜欢。物超所值，比预想的还要赞！！去实体店买很贵，比实体店便宜了很多，下次还会再来买。物流也非常快。客服小姐姐态度很好。总之满分！！！超级满意嘻嘻
2019年07月09日 08:10,颜色:黑色尺码:M,衣服超级好，实物超好看，看我拍的图。质量很好，是棉的，面料很舒服，不挑人很合身，颜色也很喜欢，百搭的呢，洗了一下也没有缩水或者变型，很满意~
2019年09月16日 22:41,颜色:黑色尺码:M,货已收到，质量很不错正品，面料柔软舒服很透气，厚薄也刚好，做工都很好，没有多余的线头，尺码标准穿上很合身，不显胖特别好看，性价比高，价格也实惠，比实体店便宜，卖家服务态度也很好，物流也很快，值得够买，值得推荐，给好评
2019年09月04日 22:25,颜色:黑色尺码:XL,质量挺好的，很不错！
2019年08月21日 12:27,颜色:白色尺码:L,很好很好很好很好很好很好很好
2019年09月04日 18:15,颜色:黑色尺码:XL,非常满意的一次购物，卖家服务态度很好，物流速度也很快，重点是宝贝质量非常好，满意
2019年09月12日 18:18,颜色:白色尺码:XL,"质量非常好，与卖家描述的完全一致，非常满意,完全超出期望值，发货速度非常快，包装非常仔细、严实，物流公司服务态度很好，运送速度很快，很满意的一次购物"
2019年09月19日 00:36,颜色:黑色尺码:XL,衣服版型和质量都很满意，透气吸汗的面料 做工精细 上身效果不错，客服态度不错 很有耐心，非常满意的一次购物体验，下次有需要还会再来
2019年08月05日 13:42,颜色:黑色尺码:M,很舒服的衣服。很舒服的衣服。很舒服的衣服。很舒服的衣服。很舒服的衣服。
2019年09月15日 12:30,颜色:白色尺码:S,此用户没有填写评价。
2019年09月19日 16:35,颜色:黑色尺码:XL, 东西收到了，很满意，真的是超级好的卖家，解答疑问不厌其烦，细致认真，关键是东西好，而且货物发得超快，包装仔细，很好，发货很快!服务周到！店家服务的很周到 店家的产品我很满意！
2019年09月06日 10:49,颜色:黑色尺码:XL,"发货速度非常快，包装非常仔细、严实，物流公司服务态度很好，运送速度很快，很满意的一次购物，质量非常好，与卖家描述的完全一致，非常满意,真的很喜欢，完全超出期望值。 "
2019年08月28日 08:25,颜色:白色尺码:M,宝贝已收到啦，质量比想象中的好，跟描述的一样，很满意的一次购物，卖家服务态度很好，很有耐心，物流也很给力，大爱，真心值得推荐，下次还会来，祝卖家生意兴隆，财源滚滚来！
2019年07月09日 16:29,颜色:白色尺码:XL,今年想买个亮点别的衣服穿穿，换换风格，感觉这次购买很满意的，看自己也挺适合这款颜色的，哈哈！尺码合适，上身效果很好也很漂亮，颜色很正，面料很好，客服很细心，做工细节做得很棒，很细致，这个价位很值，没有线头，很正品啊！总的来说我很喜欢*^_^*
2019年10月08日 18:30,,"评价方未及时做出评价,系统默认好评!"
2019年10月08日 10:10,,"评价方未及时做出评价,系统默认好评!"
2019年10月08日 10:22,,"评价方未及时做出评价,系统默认好评!"
2019年10月08日 00:20,,"评价方未及时做出评价,系统默认好评!"
2019年10月08日 11:21,,"评价方未及时做出评价,系统默认好评!"
2019年10月09日 09:21,,"评价方未及时做出评价,系统默认好评!"
2019年10月09日 09:32,,"评价方未及时做出评价,系统默认好评!"
2019年10月09日 09:30,,"评价方未及时做出评价,系统默认好评!"
2019年10月09日 14:42,,"评价方未及时做出评价,系统默认好评!"
2019年10月09日 09:32,,"评价方未及时做出评价,系统默认好评!"
2019年10月09日 09:23,,"评价方未及时做出评价,系统默认好评!"
2019年10月09日 14:23,,"评价方未及时做出评价,系统默认好评!"
2019年10月10日 09:01,,"评价方未及时做出评价,系统默认好评!"
2019年10月10日 09:02,,"评价方未及时做出评价,系统默认好评!"
2019年10月10日 11:52,,"评价方未及时做出评价,系统默认好评!"
2019年10月10日 21:21,,"评价方未及时做出评价,系统默认好评!"
2019年10月11日 08:50,,"评价方未及时做出评价,系统默认好评!"
2019年10月11日 09:40,,"评价方未及时做出评价,系统默认好评!"
2019年10月11日 09:42,,"评价方未及时做出评价,系统默认好评!"
2019年10月11日 09:52,,"评价方未及时做出评价,系统默认好评!"
2019年10月11日 10:02,,"评价方未及时做出评价,系统默认好评!"
2019年10月12日 00:20,,"评价方未及时做出评价,系统默认好评!"
2019年10月12日 00:30,,"评价方未及时做出评价,系统默认好评!"
2019年10月12日 09:20,,"评价方未及时做出评价,系统默认好评!"
2019年10月12日 10:03,,"评价方未及时做出评价,系统默认好评!"
2019年10月12日 10:11,,"评价方未及时做出评价,系统默认好评!"
2019年10月12日 10:11,,"评价方未及时做出评价,系统默认好评!"
2019年10月12日 10:11,,"评价方未及时做出评价,系统默认好评!"
2019年10月12日 10:12,,"评价方未及时做出评价,系统默认好评!"
