2019-09-12 21:48:53,颜色分类:墨绿尺码:38,很好看，37.5凉鞋都买的38，刚好。材质挺好的，这个价格是值的。就是我脚比较宽，第一个蝴蝶结那里很紧，那里有点磨脚，整体很好很舒服。
2019-07-11 13:07:54,颜色分类:墨绿尺码:37,此用户没有填写评论!
2019-09-20 11:30:10,颜色分类:墨绿尺码:35,我脚肥，还是挺好看的
2019-09-11 20:54:24,颜色分类:墨绿尺码:38,款式质量感觉都还不错，好评～
2019-08-26 10:20:40,颜色分类:墨绿尺码:37,此用户没有填写评论!
2019-08-01 13:44:18,颜色分类:墨绿尺码:35,舒适度：试穿了一下，可能我的脚比较肉第二根带子有些勒肉，但穿着挺舒服的，鞋底也挺软的，应该不太累脚 鞋头款式：方头设计很棒，时尚显瘦 鞋面材质：材质挺舒服的 风格：是我想要的那种，喜欢
2019-08-28 22:06:56,颜色分类:墨绿尺码:39,最前面一根勒脚背，大拇指小拇指打脚，颜色好看
2019-08-09 10:50:18,颜色分类:墨绿尺码:34,实物比图片还好看！！本来以为黑黄肤色会不适合这种亮色系，没想到收到穿上后是这一堆买的鞋子里最喜欢的，它的绿色不止青草绿，中间还添加了适当的灰度，在柔和肤色的同时，鞋子也瞬间有了高级感，黑黄皮不用擦美白霜，也被衬白了，简直了，哈哈，明天就要穿～
2019-08-05 21:24:45,颜色分类:墨绿尺码:34,鞋头款式：款式好看 风格：是我喜欢的风格 鞋面材质：材质还不错，个人比较喜欢 舒适度：上脚前几次勒到不行，迫于这么好看，忍了，多穿几次会好点
2019-08-03 19:09:43,颜色分类:墨绿尺码:37,啊啊啊啊～在淘宝买的东西已经很少有满意到让我评价的了，物流也超级快啊发的顺丰耶🥰今天收到这个鞋子打开一看超级超级好看，质感也非常好，对我这个黑黄皮来说也很友好，所以白皮的plmm们你们放心大胆买，购入不亏。试穿原图
2019-08-17 20:03:59,颜色分类:墨绿尺码:36,舒适度：不会夹脚，磨脚 脚感很好 鞋头款式：鞋头是方的 我很喜欢 鞋面材质：材料也是很好的 穿上很舒服 重量很轻 风格：很喜欢 和商家描述一致 之前在实体店试过 还是很不错的 才100多点很划算
2019-08-15 04:07:47,颜色分类:墨绿尺码:37,舒适度：鞋底很软，很舒服  鞋头款式：鞋头很好看，但是本人脚掌偏宽，感觉前面有点挤
2019-08-13 20:56:50,颜色分类:墨绿尺码:37,奶思～～～是我心心念念的～我就是那个森林里走来的小绿鞋，采蘑菇的小姑娘，穿着一双小绿鞋。  你把我当成什么人  我曾经把你当作我毕生知己 现在仍是 魏婴  让我帮你 兄长 我想带一人回云深不知处 带回去 藏起来
2019-08-19 08:25:15,颜色分类:墨绿尺码:36,好看，然后脚宽买大一码穿起来有点大，走路久了会磨脚趾哦，但是上脚很好看很好搭配衣服就留下了，活动买的也不贵！
2019-08-03 15:27:52,颜色分类:墨绿尺码:35,舒适度：特别第二根特别勒 午觉起来在办公室穿了一个半小时就这样了 没有走几步路 还不知道打不打脚 希望以后设计鞋子能参考实际 鞋头款式：款式超美
2019-08-04 17:41:42,颜色分类:墨绿尺码:38,鞋子蛮漂亮的，没有色差，尺码蛮准，跟高也刚刚好很舒服，逛街什么的没有问题～
2019-08-09 19:03:52,颜色分类:墨绿尺码:36,舒适度：一般 鞋头款式：喜欢 鞋面材质：可以 风格：喜欢
2019-08-09 21:17:32,颜色分类:墨绿尺码:36,真的是好看的。显白显高。很甜美的类型。就是舒适度比较一般 为了美就忍了
2019-08-03 17:32:13,颜色分类:白色尺码:37,绝对正码 超级显白 不磨脚 显脚瘦 重要是百搭
2019-08-14 16:05:40,颜色分类:墨绿尺码:34,在实体店试过，没有合适的尺码，在网上买的，颜色很漂亮，适合瘦脚的女孩，上脚很漂亮
2019-08-08 17:27:54,颜色分类:墨绿尺码:39,舒适度：高度刚刚好，第一个带子磨大拇指，第二个带子有点紧 鞋头款式：喜欢 鞋面材质：牛油果色，显白 风格：设计超棒
2019-08-22 11:47:32,颜色分类:墨绿尺码:36,舒适度：看评论很多人说会磨脚 我还想到底有多磨我得试试 哈哈哈哈哈 第一根带真的超级磨脚 其他就还好 走路也挺舒适的 风格：超级百搭
2019-08-02 21:38:41,颜色分类:墨绿尺码:37,我真的超级爱这个鞋子！一眼就相中了，实物颜色稍暗一点点，看评论说磨脚还有点小担心，但试穿之后完全没有磨脚，本身走路也不多，可以说非常适合我了！物美价廉，满满的幸福感，哈哈
2019-08-03 09:40:21,颜色分类:墨绿尺码:37,质量非常好 和店里一样 非常便宜
2019-07-13 14:07:10,颜色分类:墨绿尺码:34,此用户没有填写评论!
2019-08-02 18:05:14,颜色分类:墨绿尺码:38,舒适度还可以，从来没穿过高跟的凉鞋，这次试试哈，还蛮好看的
2019-08-12 18:35:22,颜色分类:墨绿尺码:36,超级喜欢，最上面一个结我给拆了，觉得更好看点。客服超贴心。鞋子颜色很少女。百搭款，小仙女们赶紧买吧。
2019-08-14 11:04:36,颜色分类:墨绿尺码:37,这双鞋上脚真的很好看！！！是我今年买的最喜欢的一双！不过第一次穿的是会有一点磨脚，后面穿就好了。
2019-08-12 13:15:52,颜色分类:墨绿尺码:35,很漂亮的鞋子，穿着轻巧方便
2019-08-05 11:07:46,颜色分类:墨绿尺码:37,很好看！！！！我和妈妈都觉得很舒服 穿着好看 我的脚有点宽还比较肉 穿起来没有那么显脚胖 颜值高还舒服 不错哦 下次再来
2019-08-08 12:13:44,颜色分类:墨绿尺码:37,鞋子还不错  性价比挺高的  就是有点磨小脚趾头   哈哈哈哈哈哈哈哈哈哈哈
2019-08-02 17:55:56,颜色分类:白色尺码:34,上脚有点松，我脚很瘦，白色很适合夏天，很好看
2019-08-03 11:38:00,颜色分类:墨绿尺码:36,舒适度：穿着很舒服呀虽然脚有点大 但是我感觉也不是像有人说的打脚什么的  也超级好走路   软 风格：也是喜欢的风格  看了很久 趁降价买的呢。真是划算
2019-08-22 23:37:45,颜色分类:白色尺码:36,巨好看！很仙女！虽然我肉肉的但是穿了这个男朋友夸我腿细了！没有磨脚。而且垫子也软软的。
2019-08-04 18:08:04,颜色分类:墨绿尺码:36,显白，好看，百搭，喜欢
2019-08-07 10:12:56,颜色分类:白色尺码:35,风格：特意穿后才来评价 磨脚问题还好 码子选对了就好 款式不错 活动时候买很划算
2019-08-03 19:17:02,颜色分类:墨绿尺码:37,还是很好看呢  也还好穿  可能就是我没咋穿过高跟鞋  我也没有磨练
2019-08-01 23:12:45,颜色分类:墨绿尺码:39,真的非常满意的一款鞋子，舒适度佳，而且搭扣的设计非常简单，一点不会觉得难穿，一百个赞！我脚比较宽，但是这双鞋上脚不会显得脚大，福音！
2019-08-01 19:23:34,颜色分类:白色尺码:37,舒适度：还行 鞋头款式：好看 鞋面材质：皮 风格：淑女 好看 喜欢
2019-08-13 19:17:44,颜色分类:墨绿尺码:38,耐折性：质量和舒适度确实一般 穿2天就破皮 勒脚 款式还可以 买的时候价格比较便宜。
2019-08-06 09:20:25,颜色分类:墨绿尺码:37,舒适度：试穿还是很舒服的  鞋底软软的  高度也是刚刚好合适 鞋头款式：鞋头偏窄  宽脚小心磨脚 风格：搭裙子简直不要太好看   超级软妹
2019-08-21 11:50:29,颜色分类:墨绿尺码:37,哈哈哈哈哈哈哈哈哈，不适合脚宽脚胖的妹子～会勒出住的！！！！后跟很稳。
2019-08-19 11:55:49,颜色分类:白色尺码:38,舒适度：很好 鞋头款式：漂亮 鞋面材质：舒服 风格：百搭
2019-08-17 11:56:52,颜色分类:墨绿尺码:37,超好看了 有一丢丢打脚 但看在颜值的份儿上啥都可以原谅了哈哈哈
2019-08-02 14:17:22,颜色分类:墨绿尺码:36,棒棒哒，新买就穿上啦
2019-08-15 20:39:26,颜色分类:墨绿尺码:34,舒适度：一般，穿久了第一个带子会痛 鞋头款式：时尚 鞋面材质：PU，买个款式吧 风格：颜色还行，今年流行绿色
2019-08-04 11:24:12,颜色分类:白色尺码:35,鞋子很好看，质量也不错，超级满意呀  舒适度：其实一般般 鞋头款式：超级好看 风格：配裙子很搭，白色比绿色显白
2019-08-22 07:31:52,颜色分类:墨绿尺码:37,很漂亮的鞋子
2019-07-28 23:15:14,颜色分类:墨绿尺码:37,此用户没有填写评论!
2019-08-08 23:23:36,颜色分类:墨绿尺码:34,鞋子超美的，穿上也舒服。就是自己脚小，如果以后有小码鞋就更好啦！
2019-08-05 10:21:31,颜色分类:墨绿尺码:36,很喜欢，很好看，号码准
2019-08-02 22:00:39,颜色分类:墨绿尺码:36,很好看，脚背好一定要买大一号，绿色很显白
2019-08-13 21:35:00,颜色分类:墨绿尺码:35,还不错  有机会再追评
2019-08-04 19:37:28,颜色分类:墨绿尺码:34,啊啊啊啊啊啊啊啊啊特别棒鞋子超舒胡，我34的脚，又薄又小，超合适，超开心，感谢(❁&acute;&omega;`❁)
2019-08-12 07:04:08,颜色分类:墨绿尺码:37,挺好的 是我喜欢的 店里试了在实体店买很划算
2019-08-22 10:16:25,颜色分类:墨绿尺码:37,挺不错的 喜欢
2019-08-03 13:19:28,颜色分类:墨绿尺码:39,很舒服，很好看
2019-08-21 13:56:39,颜色分类:墨绿尺码:38,和图片一样。颜色挺好看。穿上很舒服。
2019-08-19 13:05:08,颜色分类:白色尺码:37,真的好看啊
2019-08-03 13:44:04,颜色分类:白色尺码:36,正常35.36的脚，36太大了，换了35，很快就收到了，物流和服务都好评，鞋子也好穿，超级好看啊。这个价格买到太划算了
2019-08-06 18:31:27,颜色分类:墨绿尺码:36,风格：好看显白
2019-08-12 14:30:45,颜色分类:白色尺码:35,超级好看！换了小一码，特别公主温柔
2019-08-13 16:51:10,颜色分类:墨绿尺码:36,还不错，上脚好看
2019-07-01 16:34:38,颜色分类:白色尺码:37,小指头磨出水泡啦！这是我们村第一个在淘宝上买东西的人，这里大部分人是不网购的。他们买东西价格一般不超过五块，听说我在淘宝买东西之后，全村都震惊了，村长跑来我家里对我的爸说我疯了! 媳妇跟我闹离婚，说这日子没法过了! 面对重重压5力，我坚持买、买!我相信这个月的工资不会白花的。终于快递到了，我怀揣这激动的心情，颤抖着打开包裹，那一刹那，我感觉我的眼睛要亮瞎了，啊..这颜值这手感这质量! 只怪我读书少，无法用华丽的语言来形容它，骄傲的站在村口，整个村都沸腾了。说太好了，太值得了，更有人拼命的喊，不给他们看就，他们就跳井。吓得我赶紧收拾宝贝， 落荒而逃。为了测试宝贝的效果， 我立刻去我们村高达250米的山上的村长试用，村民们蜂追了过来，里三层外三层的围了个水泄不通，试完，在整存人的羡慕的目光中， 我昂首挺胸，扬长而去。唯一缺陷是我的要求没做到
2019-08-02 13:47:50,颜色分类:白色尺码:34,一直都穿这个牌子的鞋子 质量好 舒服
2019-08-06 16:08:25,颜色分类:墨绿尺码:38,脚瘦的穿上很好看，喜欢！
2019-08-12 20:34:05,颜色分类:墨绿尺码:36,上脚很好看 很结实
2019-08-15 17:04:22,颜色分类:墨绿尺码:35,很好看，跟实体店一样
2019-08-03 13:48:01,颜色分类:白色尺码:36,很好看，还便宜。
2019-08-03 10:45:56,颜色分类:墨绿尺码:35,好看 喜欢
2019-08-21 12:50:41,颜色分类:墨绿尺码:35,舒适度：挺好看的
2019-06-18 11:31:11,颜色分类:墨绿尺码:36,真的很好看！！我不太会拍，但是真的很好看，第一次买了忍不住想发图片评价！！推荐！！而且发货很快，618买的那个618还没结束就穿上了！！
2019-07-19 17:28:24,颜色分类:墨绿尺码:34,在实体店一眼就看中了，看到网上比较便宜就买了。上脚挺好看的，很仙，显腿长，朋友也说挺好看的！就是鞋子不是软的那种，比较磨脚，需要度过一定的血肉磨合期，之后穿就不会疼啦，但是脚趾的鞋带还是有点紧
2019-08-05 21:12:17,颜色分类:墨绿尺码:37,这鞋是真的美，很特别还显脚白
2019-08-19 20:04:40,颜色分类:墨绿尺码:36,超好看的鞋子
2019-07-02 08:11:49,颜色分类:墨绿尺码:36,穿着很舒服很软，走路不累。同事男朋友都夸好看。颜色也很小清新适合夏天，是今年流行的牛油果绿。在地铁上看见有个妹子穿一模一样的，大概是好看的小仙女眼光都很好。
2019-08-11 12:38:39,颜色分类:墨绿尺码:38,真的超级好看，很显脚白
2019-08-07 20:53:25,颜色分类:墨绿尺码:36,很喜欢，是我想要的绿色
2019-08-19 11:34:56,颜色分类:墨绿尺码:35,不错，穿着舒服
2019-08-16 19:21:21,颜色分类:墨绿尺码:36,很好看 喜欢
2019-08-16 19:06:28,颜色分类:墨绿尺码:39,好看啊
2019-08-04 21:44:07,颜色分类:墨绿尺码:37,好看
2019-08-05 20:32:27,颜色分类:墨绿尺码:37,很好看，物有所值
2019-07-30 09:29:12,颜色分类:墨绿尺码:37,舒适度：前面有点勒脚欸，稍微有点磨脚趾头哈哈，后脚跟不磨脚，现在也没有出现脱胶啊等情况 鞋头款式：很好看，很显得脚白还可以看看，上脚比较好看 鞋面材质：亮皮的，还可以，是那种果绿色，还好，感觉比白的好看 风格：很好看的鞋子，值得入手
2019-07-24 13:55:44,颜色分类:墨绿尺码:35,鞋子整体来说还是很舒适的，暂时没有打脚的情况，也很有质感，颜色也是超级好看，特别显脚白，喜欢💕
2019-07-05 16:31:04,颜色分类:墨绿尺码:38,鞋子很好看，是今年流行的牛油果🥑，37码的🦶买了38码的🥿，emmmm宽度正好，长度长了点，正常脚，绑带正好，不磨脚也不紧绷，但是设计还是有点问题，走路的时候力量都集中在前掌，也可能是买大了一码的原因，而且穿一天下来，脚会肿，可能体质就这样，水肿🦶一直犹豫要不要换码，还是可以穿的就留下了
2019-08-04 23:35:23,颜色分类:墨绿尺码:36,不错一百多买的
2019-07-02 11:09:58,颜色分类:墨绿尺码:34,漆皮的，抹茶绿，颜色好看。尺码正好，鞋底蛮软的，也不磨脚。
2019-07-01 17:45:32,颜色分类:白色尺码:38,舒适度：还不错，不磨脚 鞋头款式：款式秀气，好看 风格：很夏天
2019-04-22 18:27:45,颜色分类:墨绿尺码:39,显白是认真的，好看是认真的。第二次被她们家鞋圈粉。也不会打脚，夏天必备哈哈哈。适合脚背低的小姐姐。不多说，买它！！
2019-07-24 21:26:42,颜色分类:墨绿尺码:35,鞋子很漂亮，价格比实体店便宜，颜色也特别的，款式新颖
2019-09-02 22:16:52,颜色分类:白色尺码:37,舒适度：不夹脚较舒适 摘掉了小系带更简约爱了
2019-09-01 18:22:45,颜色分类:白色尺码:34,第一根勒脚 舒适度一般， 懒得退了
2019-04-29 15:32:05,颜色分类:白色尺码:38,挺好的，把后带子系最紧的一个扣子合适😄这双鞋子，夏天配牛仔裤，牛仔裙，连衣裙，应该会很百搭吧！所以选择的白色，绿色的没法佩我的红裙子😄希望能通过视频让跟我一样的买家，看得更清晰！
2019-07-12 11:21:53,颜色分类:墨绿尺码:35,好看，和实体店的一样，颜色很正，鞋码也正，就是新鞋有点磨脚，别的都很好
2019-07-04 07:11:07,颜色分类:墨绿尺码:36,第一眼就被这双鞋吸引了 喜欢这个颜色 款式也很好看
2019-05-09 22:09:37,颜色分类:墨绿尺码:34,这双鞋也太漂亮了吧，买它买它买它。穿鞋也很舒服，一点都不累脚呀
2019-07-01 20:29:30,颜色分类:墨绿尺码:34,在专柜一眼看中这双鞋 旗舰店赶上618活动比专柜还划算了 鞋子真的很好看 上脚也很舒服 粗跟走路相对来说也没那么累 很喜欢
2019-08-26 13:26:47,颜色分类:白色尺码:37,此用户没有填写评论!
2019-08-25 09:01:08,颜色分类:墨绿尺码:38,鞋子上脚的第一感觉还是挺舒服的，逛2个小时的街还能承受的住，但是久了就不行了，一个上午在站着，脚趾就被磨出两个泡，质量的话目前没有太大问题，我买的绿色，上脚还是挺显脚白的。
2019-07-05 22:39:37,颜色分类:墨绿尺码:37,和朋友一人买了一双 款式好看 不会烂大街
2019-08-28 10:57:27,颜色分类:墨绿尺码:37,好看，有点轻微勒脚，但是颜值战胜一切了
2019-07-05 19:21:03,颜色分类:白色尺码:39,有点紧，肉脚前部会有勒痕，pu的，不怕水，有点跟，很修饰腿形，好配衣服，整体来说满意的，人见人夸的样子好看
2019-07-15 12:45:26,颜色分类:墨绿尺码:38,此用户没有填写评论!
2019-07-16 10:20:37,颜色分类:白色尺码:37,物流很快、服务态度好、鞋子很轻巧舒适～很精致的款式、
2019-07-22 10:35:29,颜色分类:墨绿尺码:34,棒极了
2019-07-13 12:35:47,颜色分类:墨绿尺码:37,鞋子很好看 舒适 所以我一直穿这家的鞋子 客服服务都很好 每次找客服都能及时并耐心回复
2019-07-25 09:49:59,颜色分类:墨绿尺码:36,胖jio星人有点勒，不过一点也不妨碍颜值！！！
2019-07-01 18:25:05,颜色分类:墨绿尺码:37,鞋子很好看，但是还没穿，不知道磨不磨脚，对宽脚很友好，不显脚宽
2019-07-01 12:13:44,颜色分类:墨绿尺码:34,此用户没有填写评论!
2019-07-25 20:37:24,颜色分类:墨绿尺码:36,鞋子很好看，穿着也很舒服
2019-07-06 09:44:42,颜色分类:墨绿尺码:37,鞋子比较舒服，颜色也好看
2019-07-03 09:32:50,颜色分类:墨绿尺码:35,好看显白
2019-07-02 16:50:58,颜色分类:墨绿尺码:38,超级美，显脚很瘦呢
2019-06-10 13:46:51,颜色分类:墨绿尺码:37,此用户没有填写评论!
2019-08-28 19:22:54,颜色分类:墨绿尺码:38,穿上还可以，挺好看的
2019-07-20 15:15:18,颜色分类:墨绿尺码:34,挺合脚的 不错
2019-08-23 13:32:03,颜色分类:墨绿尺码:38,舒适度：有点打脚
2019-07-02 10:12:30,颜色分类:墨绿尺码:38,很漂亮，穿着也舒服
2019-08-24 23:30:16,颜色分类:墨绿尺码:39,一下就坏了，皮碰一下就脱了
2019-08-07 13:39:09,颜色分类:墨绿尺码:35,好看是真好看，难穿是真难穿。我的脚属于瘦的了，但走路还是会被第二条勒出印子来，但是我走的路少，没有破皮倒还好一些，适合拿出来凹造型，拍拍照，但是不适合长时间走路，我加起来的走路时间一个小时不到，一天以内。还是觉得有点勒住，有点疼。大家理智购买吧，看上他的神颜，就买买买，哦想要舒适度，就不要买了。
2019-06-13 08:41:00,颜色分类:墨绿尺码:36,此用户没有填写评论!
2019-08-06 22:51:00,颜色分类:墨绿尺码:37,舒适度：磨脚，虽然穿上好看。 鞋头款式：方头，好看，时尚 风格：喜欢牛油果绿的颜色，和设计，但是真的很磨脚 鞋子售后很棒，收到有瑕疵立马就让我换货，而且换货发的还是顺丰，速度很快，但是真的穿上磨脚，我晚上收到就穿上去照了一下照片，回来大拇指侧边就磨的泡，图片上看着不明显，但是很疼，希望穿穿会好一点。表扬售后服务，棒棒哒！
2019-08-06 21:08:08,颜色分类:墨绿尺码:35,挺漂亮的，15分钟的鞋款式从来不怀疑，但是舒适度，严重需要整体提高，这双鞋是从十几双里挑出来的，第一根带子依然不是特别舒服，出门需要涂上防磨的东西。建议大家买之前先去店里试一试，再好好看看评价再决定买！季末打折很多，所以不要一入夏就买。
2019-07-13 18:29:39,颜色分类:墨绿尺码:36,喜欢。也很百搭。
2019-06-16 17:33:23,颜色分类:墨绿尺码:36,第一张图跟实物无色差 好看是好看 颜色显白 脚黑穿也好看 但是鞋如其名 只能穿15分钟 舒适度太差 我是瘦脚 上班就坐办公室 穿一天还磨了五六个泡 简直没办法穿 穿过了也不能退 给各位参考吧 不介意的可以买
2019-07-17 14:54:01,颜色分类:白色尺码:35,比较好搭衣服
2019-06-08 09:25:26,颜色分类:墨绿尺码:36,这是看上的另外一双，这一双也是我超级心水的。然后又是谁谁谁同款哦！真心好看，就是吧我脚有点宽了，感觉有些些挤脚。夏天的鞋子，总体来说好看我就很满意了。手动比心，五星好评。
2019-06-16 12:53:27,颜色分类:墨绿尺码:38,一直想买双凉鞋，偶然看到这双了，很喜欢，马上就入手了，到了果然没让我失望，上脚很显白，而且穿着很舒服，一点都不累脚，也不磨脚，很好看。终于买到自己喜欢的了！要说唯一不足的就是鞋后跟的地方很容易碰破，我这不知道什么时候碰到的，有点遗憾！
2019-06-05 17:25:42,颜色分类:墨绿尺码:36,挺好看的，质量可以。还没穿出去过，应该不会磨脚的。后面就不用看了。影子我婆婆说XP二舅果婆婆你的啊酷我兔兔咋的哦哦木啊古龙五天快乐的哦凸起按摩out啦呃呃呃看看兔兔我用啦额具体咯modal图他们哦呦喂
2019-08-13 17:18:39,颜色分类:墨绿尺码:38,一开始选了38码的感觉最前面那根带子太紧就换了39码的，结果又大了，走路会有点往前滑，脚后跟带不住，不高兴再换来换去了就这么随便穿穿吧，舒适度也很一般，穿出去会磨脚是肯定的，但是款式颜色都不错，凹凹造型喝喝下午茶穿一下就好了，逛街肯定不行的.
2019-06-08 13:27:43,颜色分类:白色尺码:39,鞋头款式：好看 鞋面材质：pu的带子 有一点点磨脚趾母  舒适度：很舒服  风格：很简洁
2019-05-29 15:35:34,颜色分类:墨绿尺码:36,鞋头款式：绿色的很独特，样式也很好看。 舒适度：逛街可能有点累，别的时候还是不错的！！ 风格：与图片一致，没有色差。
2019-08-09 12:48:46,颜色分类:墨绿尺码:36,款式不错，但是太磨脚了。下车穿着走了不到5分钟。痛得不行。回来一看起了两个大水泡。脚后跟也磨破了。太难穿了，第一次买到磨脚这么厉害的鞋。鞋子嘛，舒适度高消费者才会重复购买的，希望商家注意这方面。
2019-06-13 21:21:17,颜色分类:墨绿尺码:37,看中这个鞋好久了，去店里试了，很好看，绿色很显白！！！这时候我就要来说一下了，这个宝贝我买的非常满意，恰好618搞活动，还有满减，比店里便宜一些，总之，物流我也很满意，很快就到了，这是一次很不错的购物体验，我会继续买买买的！
2019-06-23 15:35:01,颜色分类:墨绿尺码:37,鞋子非常美丽，颜值很高，瘦脚的人需要自己给鞋子多打几个孔，鞋子也比较软，不足的是有点磨脚指头，活动买的还送了一个珍珠链条包，也很美丽，这是专为小公主打造的店铺吧！🤩
2019-06-08 21:02:46,颜色分类:墨绿尺码:37,说实话因为颜值入的手，是真的好看显白 但是，也是真的磨脚，脚丫瘦一点的小姐姐可以考虑入手，我不信命的买来以后穿一上午就不行了。哈哈哈哈哈还是jio太胖。不过客服态度很好。
2019-06-19 20:39:47,颜色分类:墨绿尺码:35,好看好看好看！！主要是搭配牛仔裤还是裙子都好看！！而且带孩子穿也方便哦！就是我脚有点宽不好看！！鞋子没问题！！完胜其他家！！
2019-06-05 12:27:57,颜色分类:墨绿尺码:36,鞋头款式：样子不错，皮肤白穿着更好看吧，我比较黑，但是同事都说好看
2019-06-09 20:42:03,颜色分类:墨绿尺码:37,我脚超级胖 但是感觉能穿 颜色很耐看 细但是不累脚 我暂时没有打脚 显得人纤细  留下！
2019-07-08 21:20:41,颜色分类:白色尺码:37,不错，很喜欢
2019-08-10 20:13:49,颜色分类:墨绿尺码:39,舒适度：会磨脚，破皮了   小胖脚来一张，颜色还是挺显白的，可是本身太黑了，看起来还是很违和
2019-08-08 10:58:32,颜色分类:墨绿尺码:35,打折买的很便宜 穿着也很好看 码子合适 缺点是后跟交叉绑带的地方会磨脚
2019-06-04 15:30:20,颜色分类:墨绿尺码:38,在实体店试过的，这次看搞活动就下单了，码数比其他款买大了一个码，但是有个蝴蝶结有点被压到了。走路很好走，跟很稳。
2019-08-05 19:21:38,颜色分类:白色尺码:37,鞋子本身还可以，就是第一根带子会磨脚。要吐槽的是那个保价险，形同虚设hehe
2019-08-14 10:10:47,颜色分类:墨绿尺码:37,鞋子真的很好看！但是第一次穿真的是走不了500m，非常非常非常勒脚，要忍着痛苦磨合他，下次穿就好多了(✪▽✪)
2019-08-11 14:04:54,颜色分类:墨绿尺码:36,脚特别瘦的人穿好看，本人脚也瘦，平时就穿36码，她家的鞋子要大一号穿的才舒服，不然太瘦了，根本how不住啊
2019-05-27 16:40:33,颜色分类:墨绿尺码:36,好看嘛 好看就对了 因为我也觉得好看 建议脚白 脚瘦的人穿 神仙凉鞋👡
2019-06-06 17:30:26,颜色分类:墨绿尺码:35,买了绿色的，很好看啊，感觉比白色款有气质，本来以为会显黑，结果也还好，穿起来也很秀气，就是按照平时穿的尺码买的，但是稍微有点紧，不知道走路走的多了，会不会磨脚
2019-06-28 10:46:39,颜色分类:墨绿尺码:36,整体来说很好，物流也快。上脚比较舒服，基本感觉像是没有穿一样，只是会磨脚，时间长了应该就好了。超级满意，不错不错。超级满意，不错不错。超级满意，不错不错。超级满意，不错不错。超级满意，不错不错。超级满意，不错不错。
2019-06-28 21:16:54,颜色分类:白色尺码:38,特别特别特别好看！ 小仙女必备哦，比较适合脚瘦的宝宝，我的脚比较厚换了大一码的，好看！
2019-06-06 11:59:10,颜色分类:墨绿尺码:36,鞋子很美腻，就是我的脚趾头长得太难看，穿上很舒服，也很好搭衣服
2019-08-22 15:23:35,颜色分类:墨绿尺码:36,鞋头那一圈带子比较磨脚，其他两条带子不磨，穿的时候记得大脚趾旁边要贴防磨贴，不然会起水泡，样子好看的凉鞋果然都磨脚
2019-06-08 10:28:54,颜色分类:墨绿尺码:38,非常漂亮，也不容易撞鞋子，很喜欢，价格实惠，
2019-06-19 07:53:28,颜色分类:墨绿尺码:35,超级棒，好看显白，而且特别适合我的脚型，穿一天都不累，特别惊喜，本来以为这种细带鞋会很累，结果根本没有
2019-06-10 10:33:08,颜色分类:墨绿尺码:34,敲极好看，很显白，穿着也蛮舒服的，活动价格真的很划算，棒棒滴
2019-08-14 11:58:53,颜色分类:墨绿尺码:39,挺显白的绿色，好看，但是跟对我来说有一咪咪高，哈哈。
2019-06-10 21:49:12,颜色分类:白色尺码:36,这双鞋真的仙女了。我个人觉得白色更仙一些，质量完全不需要担心
2019-06-16 16:03:58,颜色分类:墨绿尺码:36,很漂亮，小仙女的鞋子没错了，价格也实惠，就是细带的鞋子，头头这根非常的磨脚又勒得慌！
2019-08-13 00:09:06,颜色分类:墨绿尺码:36,挺好看的，就是穿时间长了脚痛，有点磨脚，不易穿太久
2019-06-26 12:00:36,颜色分类:墨绿尺码:35,到货后还没有穿过，不知脚感如何，实物超级美丽，没有色差，包装无破损，是我想要的鞋子，想去买两件浅绿色的衣服来搭配。
2019-06-21 09:39:43,颜色分类:墨绿尺码:38,宝贝非常漂亮，穿起来很舒服
2019-08-05 10:41:16,颜色分类:墨绿尺码:36,好看 就是太挤脚了
2019-06-26 15:30:03,颜色分类:墨绿尺码:37,超级美，实物比图片上好看，但是瘦jio穿会更好看，我是肥jio，但我还是留了因为太美啦哈哈哈，后面不磨脚，前面有一点磨脚，适应两天就可以啦
2019-08-21 17:52:12,颜色分类:墨绿尺码:34,对肥脚脚不友好哇，瘦脚脚可以上
2019-05-30 14:55:55,颜色分类:墨绿尺码:36,此用户没有填写评论!
2019-08-08 02:06:34,颜色分类:墨绿尺码:37,显jio胖，穿着累，感觉不能长时间穿着，第一个带子会卡
2019-06-11 19:11:00,颜色分类:墨绿尺码:35,好看呀，也不磨脚
2019-08-05 11:01:54,颜色分类:墨绿尺码:39,真的很貌美啊，很显脚白。特意买大了一码，刚刚好不勒脚也不磨脚，只是第三根带子比较松。走路的时候重量大部分都落在前脚掌了，走不了很远的路，走多了会脚痛。
2019-08-07 16:08:41,颜色分类:墨绿尺码:36,那些给好评的怕是没有穿出门过吧 我穿出去没两个小时脚后跟被磨的稀烂 而且我的脚是偏瘦型的 第一根带子差点把脚趾头勒断 是15分钟的老会员了 第一次心情如此差 因为穿过了就不退了 但是完全被这双鞋搞的头都大了 现在站在街上只想立马回家 这双鞋建议能忍受剧痛的人购买
2019-08-11 10:37:21,颜色分类:墨绿尺码:37,有一点磨脚～ 第一次寄的俩边不一样大 网店产品还是有瑕疵的 第二次换的还行
2019-05-28 11:02:21,颜色分类:墨绿尺码:39,颜色好看时尚潮流，显得脚修长
2019-08-05 18:19:38,颜色分类:墨绿尺码:37,好看是非常好看，打脚也是真的打脚，我穿了一个小时，前大脚趾打起一个水泡，后脚跟打起两个水泡，我还是在实体店试过了才来买的，，，，唉，伤不起伤不起。
2019-08-12 19:56:41,颜色分类:墨绿尺码:38,舒适度：舒适度不错，没有长时间穿，所以现在还不知道打脚不。但是这个材质，真的太容易被划伤了，心痛。
2019-05-26 14:29:51,颜色分类:墨绿尺码:37,挺好看的，而且鞋跟很稳
2019-06-05 10:00:27,颜色分类:墨绿尺码:36,平时穿35，看评价说这款偏紧，就买大一码买的36，穿着正好！鞋子很好看，和图片完全一样没有色差，上脚也很好看，仙仙的，喜欢。
2019-08-13 10:27:55,颜色分类:白色尺码:36,舒适度：磨到怀疑人生，胖脚勿选 鞋头款式：显脚瘦 鞋面材质：光面 风格：应该都挺好搭的
2019-08-19 10:32:36,颜色分类:墨绿尺码:39,买过N多双15min的鞋子 不贵好看 这双钟意很久了 唯一有点挤脚 脚太肥太大了😭
2019-06-24 07:43:30,颜色分类:墨绿尺码:37,上脚特别好看，显白
2019-08-18 08:35:43,颜色分类:墨绿尺码:36,舒适度：磨脚，瘦脚都觉得有点紧。脚后跟的标签为什么要是布的，跟衣服后领的一样，不舒服 鞋头款式：鞋头的第一根带也太不符合人机关系了吧 鞋面材质：三个带加pu肯定不会舒服到哪去 风格：穿上还是蛮好看的 总结：这是一双除了好看以外一无是处的鞋
2019-06-06 14:07:09,颜色分类:墨绿尺码:36,店里试过的，很好看(｡･&omega;･｡)ﾉ♡
2019-06-05 20:06:29,颜色分类:墨绿尺码:34,上班穿太满意了。好好看，非常夏天的草绿色。
2019-06-12 14:46:57,颜色分类:墨绿尺码:36,同时买了几双鞋，就这双穿着最舒服了
2019-05-27 22:37:12,颜色分类:墨绿尺码:39,我拍了两双，有一双不合适，联系客服后，很仔细的介绍说明，并且尽可能满足我的要求，可以说最近态度最好的店家的，必须好评，经常买你家的这样，第一次到旗舰店来买，体验棒棒的
2019-06-12 12:15:35,颜色分类:墨绿尺码:35,舒适度&rdquo;～额～   就是很美，很撩人。。。
2019-06-08 18:52:51,颜色分类:墨绿尺码:36,发货很快，样式也很好看，穿着不累脚，我穿着没有磨脚
2019-06-30 17:16:24,颜色分类:墨绿尺码:37,此用户没有填写评论!
2019-06-24 11:42:52,颜色分类:墨绿尺码:36,此用户没有填写评论!
2019-08-06 09:45:36,颜色分类:墨绿尺码:38,有点挤脚打脚。但胜在款式好看。
2019-06-21 00:29:22,颜色分类:墨绿尺码:39,挺漂亮的，样式喜欢
2019-06-19 10:54:08,颜色分类:墨绿尺码:38,第一眼看到就想买了，后来碰巧逛街看到了试了一下，非常好看，而且胖脚也友好，就是太磨脚了蝴蝶结
2019-06-22 10:05:20,颜色分类:墨绿尺码:36,此用户没有填写评论!
2019-06-16 20:01:09,颜色分类:墨绿尺码:36,这双真的很漂亮，买了三双还是最喜欢这双，不磨脚，好走路，设计新颖时尚
2019-06-23 21:33:36,颜色分类:墨绿尺码:39,鞋子很棒，跟穿着不高不低，很稳当，鞋子也很柔软 舒适度：各方面都很舒服
2019-06-12 12:49:02,颜色分类:白色尺码:39,时尚精美
2019-06-11 14:42:06,颜色分类:墨绿尺码:35,上脚好看，穿着也很舒服，看后期质量怎么样
2019-06-21 20:00:21,颜色分类:墨绿尺码:38,15分的鞋子真的好看又好穿，买了好几双了，不容易撞款，不怎么磨脚不怎么累人，鞋子真的太美貌了，超级喜欢，物流也还挺快的，非常满意
2019-06-12 16:04:18,颜色分类:墨绿尺码:37,很不错很不错，在店里逛的时候，结果发现网上更便宜，哈哈哈
2019-06-30 20:58:31,颜色分类:墨绿尺码:34,试了，设计好看～还没走路，磨脚的话来追评
2019-08-05 11:48:26,颜色分类:墨绿尺码:36,好看还是好看的，但是舒适度太差了，穿了一天起水泡了
2019-08-06 19:58:43,颜色分类:墨绿尺码:36,质量可以，但脚面和脚腕都比较勒，不太舒服，比较失望
2019-06-04 11:53:45,颜色分类:墨绿尺码:38,和在专柜试的一样，37买了38刚好。建议脚瘦的穿
2019-06-27 12:21:26,颜色分类:墨绿尺码:36,舒适度：可以 鞋头款式：喜欢
2019-06-20 19:58:33,颜色分类:墨绿尺码:36,鞋子很好看，上脚很舒适，刚开始穿一两次打脚，过后就好了
2019-08-20 16:44:40,颜色分类:墨绿尺码:37,不错 挺好的的 就是有一点打脚 其他都挺好的
2019-06-04 09:05:03,颜色分类:墨绿尺码:36,适合脚型是瘦长型的，所以穿起来还不错
2019-06-01 10:44:29,颜色分类:墨绿尺码:37,还可以
2019-06-24 19:57:00,颜色分类:墨绿尺码:37,很好看哦
2019-06-27 09:48:09,颜色分类:墨绿尺码:39,此用户没有填写评论!
2019-06-02 18:00:28,颜色分类:墨绿尺码:34,很美。
2019-08-13 10:43:40,颜色分类:墨绿尺码:36,好看。
2019-05-28 14:11:47,颜色分类:白色尺码:35,此用户没有填写评论!
2019-06-11 17:33:47,颜色分类:墨绿尺码:37,穿着特别显摆，跟高也合适，穿着舒服
2019-06-13 18:27:32,颜色分类:墨绿尺码:38,今年很流行绿色，好看
2019-06-23 18:14:11,颜色分类:墨绿尺码:35,我爱的绿色和一字带，美！
2019-06-07 22:33:58,颜色分类:墨绿尺码:38,好看x，显白，也舒服。
2019-08-10 17:38:27,颜色分类:墨绿尺码:39,挺好看，也是穿了有点挤
2019-06-10 08:32:20,颜色分类:墨绿尺码:38,女朋友非常喜欢，很舒适，她特意提起让我好评哦
2019-08-13 00:35:39,颜色分类:墨绿尺码:37,客服服务还可以 但是这款一穿上 第一天脚就磨破了&hellip;&hellip;慎买&hellip;&hellip;后面也会磨脚 前面也会磨大拇指侧面&hellip;&hellip;
2019-06-13 20:45:14,颜色分类:墨绿尺码:39,好看，很显白
2019-06-21 18:50:27,颜色分类:墨绿尺码:36,鞋子还可以 穿着挺舒服的
2019-06-14 20:29:55,颜色分类:墨绿尺码:35,显白，好看的
2019-08-11 15:25:13,颜色分类:白色尺码:36,底软  就是穿的脚趾起水泡了
2019-05-26 19:30:31,颜色分类:墨绿尺码:34,超级超级美！特别显脚白
2019-08-21 10:08:52,颜色分类:墨绿尺码:38,好看，穿久了会痛
2019-06-02 15:42:16,颜色分类:白色尺码:38,还可以 走起来很累
2019-06-27 18:01:40,颜色分类:白色尺码:35,好看又好穿
2019-06-01 16:11:20,颜色分类:墨绿尺码:35,款式很喜欢，而且很好穿
2019-06-27 22:38:20,颜色分类:墨绿尺码:39,和实体店的一样
2019-06-23 18:34:00,颜色分类:墨绿尺码:36,很喜欢
2019-06-29 18:01:59,颜色分类:墨绿尺码:35,很清新 很好穿
2019-06-17 23:15:54,颜色分类:白色尺码:36,小可爱小清新
2019-08-11 10:15:54,颜色分类:白色尺码:37,比我想的小，但是太大了又不好看
2019-05-29 21:02:59,颜色分类:墨绿尺码:38,鞋子挺好看的
2019-06-05 17:52:58,颜色分类:墨绿尺码:36,超美的鞋子，很精致，喜欢
2019-06-20 21:30:58,颜色分类:墨绿尺码:37,看到第一眼就喜欢
2019-06-26 19:00:44,颜色分类:白色尺码:34,很好穿哦，老顾客了
2019-08-12 08:27:36,颜色分类:墨绿尺码:35,我的脸肥，不太舒服
2019-08-21 10:14:46,颜色分类:墨绿尺码:35,不好穿，艾
2019-06-24 11:45:03,颜色分类:墨绿尺码:36,非常好看
2019-06-19 10:17:34,颜色分类:墨绿尺码:37,质量不错，挺好的
2019-07-31 08:51:22,颜色分类:墨绿尺码:38,有一点点大，整个脚会往前滑，但是松一点刚好不磨脚。我脚是很容易被磨的，所以提前涂了防磨脚膏，穿着暴走一天完全ok，但是脚后跟底板处因为商标被磨出了一个巨大的泡，只能微笑了。不过颜色hin好看！小仙女！
2019-06-13 20:26:36,颜色分类:墨绿尺码:37,超级nice
2019-06-14 13:00:24,颜色分类:墨绿尺码:34,好看
2019-06-19 16:41:06,颜色分类:墨绿尺码:34,好看！！
2019-06-03 22:20:49,颜色分类:白色尺码:37,收到了，很不错 还没穿。
2019-05-17 22:39:53,颜色分类:墨绿尺码:36,鞋子好看 是今年流行的一字带 款式更好看 不会很单调 鞋跟是方跟 对小腿肌肉发达的小姐妹格外友好 细跟实在不敢穿 显得小腿肚太大了&hellip;&hellip;很温柔的绿色 没有很显眼 也比较容易搭衣服 配上连衣裙简直美呆呆 推荐给脚型偏瘦的女生 真的好看
2019-08-01 20:22:00,颜色分类:墨绿尺码:37,平时36  这个37刚刚  舒适度的要穿了才知道  活动价还是很划算的
2019-05-08 18:20:55,颜色分类:墨绿尺码:38,鞋子是极其好看的，就是我的脚有点丑。然后5.2cm方根走起来不累，适合新手。别致的款式，非常满意，以后会继续关注这个品牌。
2019-05-25 19:33:24,颜色分类:墨绿尺码:34,和实体店试的一样 穿上很好看 正常上下班穿着一点也不累 高度合适 不磨脚
2019-05-05 13:36:53,颜色分类:墨绿尺码:38,一直想找别致的圆细条带款，看到这个绿色立刻被击中了，拍后很快收到货，穿上很舒服，刚买就看到原来宋祖儿同款，哈哈
2019-05-20 17:29:10,颜色分类:墨绿尺码:38,超喜欢这款抹茶绿，颜色特别又显脚瘦，很好搭衣服，夏天穿凉鞋最怕脚趾扑出去，买大了一码也不会松
2019-05-03 19:34:44,颜色分类:白色尺码:34,鞋子上脚很舒服，又好看，又秀气。跟也不高，完美驾驭。关键好走路，舒适度高，不磨脚。还送了个好看的包包~完美~！
2019-05-25 09:59:15,颜色分类:墨绿尺码:36,方形鞋头很时髦，绿色超级显白，款式真的是又年轻又时髦，好看！穿着不累，第一根带子略微挤脚趾头
2019-08-03 19:14:12,颜色分类:墨绿尺码:34,牛油果色很好看了。买时没注意是绕脚踝的，舒适度一般，细带子有点勒，走久了脚会痛。我不算胖脚了，胖脚不建议。
2019-07-25 13:08:09,颜色分类:墨绿尺码:38,很好看 我最近脚不白 也完全没问题 颜色不会挑皮肤 走起来也比较舒服 不过我一天走也就一个小时吧 没有磨脚 但是对我来说中间和上面的带子都有点紧 虽然不挤 但是我的脚宽 脚踝粗 穿起来就有点紧 可是太好看了 还是留下来了 值得买 姐妹们
2019-05-20 17:50:23,颜色分类:白色尺码:36,太好看了，秀气又清新，一开始害怕不舒服，真的穿上真的很舒服
2019-05-04 10:49:34,颜色分类:白色尺码:36,本来选的绿色 可是发来的走路有气泡声 换成白色 也挺好看 比绿色百搭 喜欢喜欢
2019-04-30 18:59:33,颜色分类:墨绿尺码:38,实物很好看！完美。。哈哈哈哈，太喜欢了。就是穿着脚有点痛哈。带子很细呢，哈哈，但是不影响我的喜欢
2019-08-03 19:50:46,颜色分类:墨绿尺码:39,舒适度：我的脚太大了，鞋还是小了点，小脚趾被压一些 穿起来效果不错，就是由于压脚走路有些难受
2019-05-08 15:32:06,颜色分类:墨绿尺码:37,鞋子很好看，秀气显脚白。但是最前面的那根带子勒脚，不知道习惯了会不会适应
2019-08-02 23:21:18,颜色分类:墨绿尺码:38,是PU 的，穿了一下午没觉得磨脚，挺好的。
2019-05-05 11:21:17,颜色分类:白色尺码:38,这双凉鞋也太好看了吧，以后多关注你家的鞋子，真的好看，在淘宝这么多年我从来不评价
2019-05-18 10:55:06,颜色分类:墨绿尺码:35,好看好看 颜色也很特别 今天第一次穿 也不磨脚！早上还小跑赶公交 也没问题 这种跟挺好走的
2019-05-04 21:01:56,颜色分类:墨绿尺码:39,鞋子舒服漂亮，售后服务好，像我一样脚特别瘦的一定要选小一码，推荐哦~
2019-07-08 11:11:35,颜色分类:墨绿尺码:37,此用户没有填写评论!
2019-07-26 20:56:36,颜色分类:白色尺码:36,差评，穿了两次就坏了，客服说是正常现象，无语，千万别买！
2019-05-07 16:36:31,颜色分类:墨绿尺码:38,超级好看的绿色啊哈哈哈啊哈哈
2019-08-03 11:19:15,颜色分类:墨绿尺码:37,超显白的，脚背一点都不勒脚，走久了后跟有点破皮了，不过新鞋都这样的吧？
2019-08-03 00:35:39,颜色分类:白色尺码:38,好穿！就是走时间长了会磨到小拇指！
2019-07-19 09:58:16,颜色分类:墨绿尺码:35,虽然款式好看，但太磨脚了。脚后跟磨，前面两个大拇指也磨
2019-07-01 19:51:44,颜色分类:白色尺码:36,此用户没有填写评论!
2019-07-20 10:08:43,颜色分类:白色尺码:37,快是我太喜欢啦所以磨脚我忍！可能是新鞋的缘故才勒吧加上我脚肉多
2019-07-30 19:08:22,颜色分类:白色尺码:35,细带子有点紧，穿两次会松些。刚穿了一天就降价到139了怎么回事。
2019-05-06 14:34:17,颜色分类:墨绿尺码:35,突然就容祖儿同款，开心。显脚白，就是新鞋磨脚属正常。
2019-05-02 15:10:50,颜色分类:墨绿尺码:36,鞋子很好看。百搭。脚背厚的建议大一码
2019-05-21 20:02:46,颜色分类:墨绿尺码:34,好看 质量也不错 不打脚
2019-05-24 21:18:07,颜色分类:白色尺码:37,鞋子非常百搭，很喜欢，很不错。试穿了一会不知道久一点会不会磨脚。&lt;－biubiu－&sub;(`&omega;&acute;&cap;)
2019-05-15 11:23:04,颜色分类:墨绿尺码:35,一眼就爱上，还好后面加了库存
2019-05-22 22:44:49,颜色分类:墨绿尺码:35,此用户没有填写评论!
2019-05-18 19:26:13,颜色分类:墨绿尺码:37,和商场试的一样，上脚显白，也很仙
2019-05-13 10:52:20,颜色分类:墨绿尺码:36,鞋子很好看，先去专柜试了在淘宝买。比专柜优惠
2019-05-01 20:45:51,颜色分类:墨绿尺码:39,很好看
2019-05-14 10:28:02,颜色分类:白色尺码:37,完美
2019-05-10 19:24:58,颜色分类:白色尺码:37,鞋子很好看，穿着有点磨脚，但还是很喜欢，超爱
2019-08-02 22:53:57,颜色分类:白色尺码:35,感觉没有实体店的好穿，还有折痕
2019-04-28 23:18:00,颜色分类:墨绿尺码:37,惊喜，品牌居然能买到这么物美价廉的鞋子。
2019-05-20 14:25:56,颜色分类:墨绿尺码:37,很清新的颜色，超适合夏天。
2019-07-26 09:21:34,颜色分类:墨绿尺码:35,前面磨脚
2019-05-23 22:58:49,颜色分类:墨绿尺码:34,每一双鞋子总是要滴血认亲的
2019-05-19 16:44:33,颜色分类:墨绿尺码:38,好看，好穿，很轻
2019-04-21 12:02:35,颜色分类:墨绿尺码:36,很喜欢 超喜欢 百搭 舒服
2019-05-17 15:32:22,颜色分类:白色尺码:36,喜欢
2019-08-04 09:30:04,颜色分类:墨绿尺码:35,不显白耶
2019-05-16 11:08:07,颜色分类:墨绿尺码:35,鞋子超级超级好看！！！客服人也很好，超满意！
2019-08-02 20:48:48,颜色分类:墨绿尺码:39,挺好看，有点瘦
2019-05-20 20:22:38,颜色分类:白色尺码:35,设计很美
2019-06-30 12:02:02,颜色分类:白色尺码:37,買個款式，質量一般，做工細節一般，PU皮的性價比不高，上腳很美，在家穿了一小時，鞋不跟腳，往前衝，第一根鞋帶絕對磨腳，舒適度不高，不要想穿著逛街了，再重申一次，只賣款式的可以下手！凹造型一級棒！
2019-06-30 18:19:18,颜色分类:白色尺码:35,鞋子的颜值真的很高，穿上的效果和想象中一样，质量也不错，但是鞋底也是真的硬，不太适合逛街什么的长时间穿，不然脚真的会被磨坏，但是看在颜值高的份上，磨了就磨吧，还是很喜欢的，很显脚瘦。
2019-07-16 22:55:40,颜色分类:墨绿尺码:37,鞋子很漂亮，质量和实体店一样好，高度合适，平时穿36码，因为脚有点宽所以特意去实体店试了37的不紧才买的，可能实体店的鞋被试过所以要宽松些，这个上脚稍微有点紧，估计穿穿会好些，磨不磨脚等穿了再来追评
2019-07-07 19:59:07,颜色分类:墨绿尺码:35,不磨脚  但是真的很勒  我的脚算是很瘦的那种  但还是勒的很痛  穿了半天就感觉脚快废了  但是穿上好看是真的  穿着累人也是真的 舒适度：舒适度真的不行 鞋头款式：款式很喜欢
2019-07-02 17:15:30,颜色分类:墨绿尺码:36,此用户没有填写评论!
2019-07-02 18:51:35,颜色分类:墨绿尺码:37,买了两次15mins的鞋，样式都很美，只是问题也一样，不好穿。这双凉鞋特别勒脚，前面两根带子走路的时候把脚困得紧紧地，非常难受，而且我是瘦脚。今天穿了半天，基本上都在办公室坐着，脚还是被勒的疼
2019-07-14 10:41:29,颜色分类:白色尺码:36,此用户没有填写评论!
2019-07-02 16:41:08,颜色分类:墨绿尺码:36,蝴蝶结被我拆掉了，颜色好看，拆掉的款式我更满意一点，哈哈哈
2019-07-06 07:14:58,颜色分类:白色尺码:36,卡脚脚趾和脚后跟都卡脚  刚到的时候还有划痕 没有时间退  不过样子挺好看的
2019-07-11 14:08:28,颜色分类:墨绿尺码:34,此用户没有填写评论!
2019-07-05 22:39:37,颜色分类:墨绿尺码:35,穿上好看 很轻 但是不能走久了 会磨脚
2019-07-02 20:46:47,颜色分类:墨绿尺码:36,鞋子很好看，就是鞋子的舒适度很低，真的是非常磨脚。。。。
2019-07-04 18:32:17,颜色分类:墨绿尺码:37,貌美是真的，适合不用怎么走路的。。。。。。
2019-07-12 12:02:30,颜色分类:墨绿尺码:34,好看，简单大方，不过凉鞋还是磨脚啊
2019-07-15 08:41:02,颜色分类:墨绿尺码:34,显白，就是第一根
2019-07-13 23:44:43,颜色分类:墨绿尺码:35,舒适度：非常磨脚！！！！！2只脚都烂了流血还 2周了都没好 不贴创可贴都走不了路
2019-06-30 12:34:02,颜色分类:墨绿尺码:36,挺好看的，就是颜色有点暗暗的，然后这个设计有点勒脚
2019-06-14 21:41:17,颜色分类:白色尺码:38,此用户没有填写评论!
2019-07-15 12:34:32,颜色分类:墨绿尺码:35,好看是好看 就是有点磨脚
2019-07-01 19:47:07,颜色分类:白色尺码:37,此用户没有填写评论!
2019-07-12 23:04:33,颜色分类:白色尺码:37,很漂亮，但是有点磨脚
2019-04-18 19:41:16,颜色分类:墨绿尺码:35,好看，显脚白，又秀气，吹爆这双仙女鞋
2019-06-30 17:50:28,颜色分类:墨绿尺码:35,很漂亮。但是只有瘦脚才能穿，胖脚穿的怀疑人生了&hellip;
2019-07-13 13:02:05,颜色分类:墨绿尺码:39,有点磨脚，磨后脚跟，磨脚趾头。
2019-07-02 20:44:48,颜色分类:墨绿尺码:36,还好看 但是磨脚啊
2019-07-09 11:08:36,颜色分类:墨绿尺码:38,好看，但还没穿过，不知道怎么穿
2019-07-14 12:07:13,颜色分类:墨绿尺码:39,本人脚面太宽，穿了2次，转卖！
2019-06-30 01:34:02,颜色分类:墨绿尺码:36,此用户没有填写评论!
2019-07-16 12:14:38,颜色分类:墨绿尺码:39,垃圾！这个牌子以后大家都别在实体店买了，网店也要观望，跌价跌到你爸妈都不认识！
2019-06-30 19:27:16,颜色分类:墨绿尺码:35,很特别别的颜色 还没有开始穿
2019-07-02 17:14:34,颜色分类:墨绿尺码:37,鞋挺好看 喜欢。第一次发来的漏气，后面很快重换了一双
2019-06-06 23:03:01,颜色分类:墨绿尺码:37,此用户没有填写评论!
2019-07-05 22:53:22,颜色分类:墨绿尺码:36,穿的第一天打了两个泡
2019-06-23 17:58:23,颜色分类:墨绿尺码:35,好看是真的 但是勒脚也是真的 我是35码很瘦的脚了第一根带子都有点勒 但是后跟那根又有点松 如果走路不多完全可以 走路多的话还是别穿了 就是真的好看 显白
2019-06-21 17:58:55,颜色分类:墨绿尺码:38,鞋子很美，也很衬肤色，618入手果然是比实体店要便宜不少。就是收到的时候包装盒已经这样了。快递运输过程磕碰难免，但是还好没有伤及内里。建议店家发货的时候多放点填充物保护一下。
2019-06-16 01:29:56,颜色分类:墨绿尺码:35,"好看的，但是真的刚穿太磨脚了哭哭 我打江南走过 那等在季节里的容颜如莲花的开落东风不来,三月的柳絮不飞你的心是小小的寂寞的城恰若青石的街道向晚 足音不响，三月的春帷不揭你的心是小小的窗扉紧掩 我哒哒的马蹄声是美丽的错误我不是归人，是个过客  一郑愁予 《错误》"
2019-06-17 21:36:39,颜色分类:白色尺码:36,鞋子好看是好看，但是脚感太差了，第一次穿两个大脚子都起来一个超级大的水泡。当时想着可能是新鞋会有点磨脚，结果等了一个多星期再穿又起来两个水泡。终点是鞋子还开胶了，唉
2019-06-15 12:35:41,颜色分类:墨绿尺码:38,感觉挺好看的，所以留下了。 但是质感一般，第一次收到货底部翘皮，换了一双接口处缝隙很大...客服说是正常情况，很多顾客反应过~那就算了吧，不影响穿着将就穿一夏吧。在意细节的姐妹们可以再考虑一下~
2019-06-22 11:29:16,颜色分类:墨绿尺码:37,鞋子款型颜色很稀饭！想要吐槽的是：昨天第一次穿出门刚好遇上下雨天☔️，这双鞋子的鞋面太光滑，稍微沾上一点水，鞋子就穿不稳，脚趾头一个劲的往前窜，体验感极差&hellip;&hellip;
2019-06-27 14:50:34,颜色分类:白色尺码:38,好看，比实体店便宜 舒适度暂时问号 一直下雨还没穿过
2019-06-13 10:14:40,颜色分类:墨绿尺码:37,第一条带子非常磨脚勒脚，我是瘦脚穿着还有些空间的那种。两个大拇指都被磨破皮了，只是走了大概二十分钟的路&hellip;&hellip;样子倒是非常好看，试穿时就有一点不舒服，但还是控制不住得买了，想着之后可能会好些(｡ ́︿ ̀｡)
2019-06-21 17:07:11,颜色分类:墨绿尺码:35,此用户没有填写评论!
2019-06-21 08:07:10,颜色分类:墨绿尺码:39,好看是好看，实体店试过了才买，穿了一天，左右两只脚各磨出三个泡，大概脚肥的缘故，可是被好几个人夸鞋子好看，还是要穿
2019-06-25 15:58:05,颜色分类:墨绿尺码:37,好喜欢这个颜色 脚背高的需要选大一码，第二根绳子有点紧 平时37，这款38码
2019-06-13 13:42:14,颜色分类:墨绿尺码:36,真的很好看，好几个人问链接，穿出去逛街过一次，前面两边还是有点磨脚，后面多穿穿再看会不会好点
2019-06-25 00:09:01,颜色分类:墨绿尺码:36,暴走有点磨脚 两个水泡 可是真的很好看 显白显高 全五分
2019-06-28 23:34:12,颜色分类:墨绿尺码:35,好看！超显白的 就是走路久了会有点磨脚
2019-06-29 21:11:59,颜色分类:墨绿尺码:37,好看，但是绳子那边走路久了挺磨脚的
2019-06-14 11:50:22,颜色分类:墨绿尺码:36,鞋子蛮好看，就是居然会磨脚，我脚背不算宽的
2019-06-17 22:27:52,颜色分类:墨绿尺码:39,有点小了，勒脚啊啊啊啊啊啊啊啊，不敢走太久，崩溃，前面的带子太勒了
2019-06-16 06:50:50,颜色分类:墨绿尺码:36,还不错吧！穿了一下午！脚不算太疼！就是前面那根绳！有的时候小脚趾会跑出去！哈哈哈
2019-06-17 22:59:22,颜色分类:墨绿尺码:37,200转，200转，200转，200转，就穿过一次，我脚太胖穿上不好看，转给脚瘦的人～
2019-06-17 12:20:18,颜色分类:墨绿尺码:39,感觉受力面设计有问题，走路纯靠前脚掌，鞋底硬。颜值还可以，我努力抢救一下吧
2019-06-12 10:37:06,颜色分类:墨绿尺码:37,很漂亮的颜色，显白。还没有穿。
2019-06-29 11:36:53,颜色分类:墨绿尺码:34,原是借口处缝隙太大。跟卖家协商好换一双。卖家也允诺可以换一双接口处完好的。结果换回来又是一样的。不想再换了。将就着穿吧。以前买过这家的鞋子觉得很好，只是这一次购物体验感很差
2019-06-15 11:20:02,颜色分类:白色尺码:37,天呐，颜值高，但是打脚&hellip;&hellip;大脚趾和小脚趾都被打出了泡。不过还好是细带，可以挪挪位置，至少不会反复摩擦有泡的位置。
2019-06-20 09:25:12,颜色分类:墨绿尺码:36,真的是太无语了，明明隔脚这么厉害，穿了还不到一个小时，脚就打了好几个泡，这么大店铺，真不知道你们的好评哪里来的
2019-06-18 15:11:04,颜色分类:墨绿尺码:34,款式不错，很喜欢！但是&hellip;&hellip;有点磨脚，前面磨脚指，后面磨脚跟！就穿了一天，没勇气穿，哎，质量有待提高
2019-06-19 19:46:22,颜色分类:墨绿尺码:35,脚肥的就不推荐了，穿着不累，买了N双15分钟的鞋了，发现方跟的都差不多高的，不配我的亮粉指甲油😂
2019-06-22 16:32:06,颜色分类:墨绿尺码:36,舒适度一般，鞋子有点重，鞋带太紧了有点磨脚，就只有好看一个优点了
2019-06-17 00:52:16,颜色分类:墨绿尺码:38,鞋子很好看，穿出去好多人夸，客服态度也很好，但是鞋子带子太细了，中间一根带子不怎么受力，只有第一根和第三根带子受力，走路时很不舒服
2019-06-17 14:42:25,颜色分类:墨绿尺码:36,女朋友很喜欢这样式，就是某些地方有点磨脚，4星
2019-06-24 11:51:38,颜色分类:墨绿尺码:37,还行吧，一般般
2019-06-22 10:43:11,颜色分类:墨绿尺码:36,鞋好看，但肉脚肯定磨脚，忧伤
2019-06-27 13:36:21,颜色分类:墨绿尺码:36,时尚，大方，带子稍微有一点勒脚。
2019-06-27 15:16:26,颜色分类:白色尺码:37,美的美的，就是有点打脚
2019-06-22 09:37:59,颜色分类:墨绿尺码:35,好看，一点点磨脚
2019-06-27 15:26:49,颜色分类:墨绿尺码:37,好看 但是勒脚
2019-06-28 02:44:39,颜色分类:墨绿尺码:37,挺好看的，原图。
2019-06-12 14:43:53,颜色分类:白色尺码:35,穿着很一般 但是鞋子质量还算不错 有点硬 走不了远路
2019-06-24 16:05:59,颜色分类:墨绿尺码:36,磨脚，而且走路时脚掌总往前冲
2019-06-27 09:56:17,颜色分类:墨绿尺码:36,带子交叉的地方打脚
2019-06-13 13:22:47,颜色分类:墨绿尺码:38,此用户没有填写评论!
2019-06-17 22:50:49,颜色分类:墨绿尺码:37,硬，走路脚疼
2019-06-15 21:03:11,颜色分类:墨绿尺码:37,穿的有点疼 需要磨合啊
2019-06-12 15:25:30,颜色分类:墨绿尺码:36,此用户没有填写评论!
2019-06-19 16:16:30,颜色分类:墨绿尺码:39,此用户没有填写评论!
2019-06-21 09:00:34,颜色分类:墨绿尺码:34,有一点打脚
2019-06-13 20:19:04,颜色分类:墨绿尺码:36,相当磨脚
2019-06-18 20:54:42,颜色分类:墨绿尺码:35,刚穿上有点打脚，穿过几次就好了
2019-06-27 09:48:47,颜色分类:墨绿尺码:37,有点贵，舒适度也不是很好。
2019-06-25 12:20:38,颜色分类:墨绿尺码:39,这种鞋都是不好走的了！但是真的好看～
2019-06-25 12:07:36,颜色分类:墨绿尺码:36,200转，穿一次
2019-06-20 11:35:09,颜色分类:墨绿尺码:39,不是很拿脚
2019-06-05 10:16:54,颜色分类:墨绿尺码:37,鞋子好打脚啊，穿上十几分钟都不行了，瞬间打一个泡。我的脚是属于比较瘦的，穿上感觉比其他鞋子显脚宽，而且前面真的特别打脚，不是皮的材质，所以穿上舒适度不行。想穿第二次都要鼓起勇气才行了。。。还有一个蝴蝶结不是很对称，总体来说这双鞋不怎么满意，在他们家买过几双，就这双最不满意了
2019-06-11 13:43:54,颜色分类:墨绿尺码:36,鞋子超漂亮，第二次穿了，拍的不是很好看，，不穿丝袜更漂亮，但是就是大拇指那里会磨脚，但总的来说不是特别磨脚，上次第一次穿好，因为走路久了会往上，所以磨练，但还是推荐购买吧，非常满意
2019-05-29 23:51:14,颜色分类:白色尺码:37,这是一双让我痛并快乐的鞋。首先说下价格：5.28前售价339，券后319;5.28时319，券后299;而今天呢，299券后279：）呵，确实没有差价，每次标价都和实付款一摸一样呢。 第二，优点，很好看~感觉自己像仙女。 第三，质量问题，券后319时我买了36码，很好看，双脚体验一致，就是买小了，又买了37码的，双脚体验严重不一致！！！情况如图，左脚第一条系带比右脚第一条系带窄得多，导致穿的时候左脚严重偏小，小脚趾挤出来并且磨了一个大泡。右脚略磨脚，但远不至于穿一天就出泡。 第三，退换货规则，没有原装鞋盒、没有购物清单就不退，这点很吐槽。但是鞋子我穿了一天，这我认，联系售后说不能退换，不退就不退，所以呢，就如实在这里写下了一长串。 感谢阅读～希望能对你的选择有所帮助~
2019-05-29 09:54:15,颜色分类:墨绿尺码:39,只穿了一天，质量太差了，差不多三百块的鞋还没有几十块的鞋穿得久，平时那么多高跟鞋没见哪双穿一天就这样的，客服也就这样了，反我十块钱，打发叫花子呢，想买的就买她家也就穿一天就坏了而已，有钱的可以多买几双呢
2019-06-06 10:06:11,颜色分类:白色尺码:34,真的神仙颜值。 接下来 鞋底偏硬，脚掌疼。后跟太响，需要重新贴一下。总体，为了颜值，什么都可以忍
2019-06-05 02:22:43,颜色分类:墨绿尺码:34,有点勒人 带子也有点复杂 但总体是好看的 适合涂豆沙色指甲油
2019-05-25 13:15:31,颜色分类:墨绿尺码:35,鞋子好看，但还没有穿出去过，不知道上脚后怎么样
2019-06-05 17:12:10,颜色分类:白色尺码:35,此用户没有填写评论!
2019-06-11 15:48:12,颜色分类:白色尺码:38,还是很漂亮的，今年流行这种款式。但就是有一点磨脚 不太好走路 如果不走太多路还是可以的 我买的时候还没有优惠原价买的 哭唧唧 总体不错
2019-06-07 09:18:47,颜色分类:墨绿尺码:34,鞋的三个结不在同一条线上 完全是歪的 做工有问题 强迫症患者看着太难受了
2019-06-06 12:25:55,颜色分类:墨绿尺码:37,昨天下午刚到的 穿上仅仅去楼下买了个水果 回来脚成这样了 .差评
2019-06-10 22:25:54,颜色分类:白色尺码:36,差评，穿的第二天就脱胶了，这质量真是，以后不敢买这家鞋子了。说是三包以维修为先，寄回去过了好几天催了好多次才重新寄回来。客服也是，沟通贼累
2019-06-02 18:58:04,颜色分类:墨绿尺码:36,风格：这个风格我喜欢，没想到我穿着还挺喜欢的
2019-06-09 13:07:30,颜色分类:墨绿尺码:36,真的不要买，中看不中用，非常勒，我不是胖脚，如果你没有模特的脚穿上真的不好看。
2019-06-03 23:20:18,颜色分类:墨绿尺码:36,胖脚慎入，我脚微微胖，中间那条有点紧，不过穿着舒服，颜值又高，就留下了
2019-06-10 21:34:07,颜色分类:墨绿尺码:37,鞋子是好看的，但是感觉会打脚，暂时还没穿
2019-06-03 19:40:45,颜色分类:墨绿尺码:36,挺好看的，建议买大一码，穿起来有气质，但不适合长时间逛街穿
2019-06-12 00:42:37,颜色分类:墨绿尺码:38,好看穿了一次，脚胖左脚大有点紧，基本全新，便宜出，可以联系我200
2019-06-09 20:25:32,颜色分类:墨绿尺码:36,鞋子穿上走路有点往前滑，还挺好看吧
2019-06-09 20:51:48,颜色分类:墨绿尺码:35,超级爱，很好看，建议脚瘦的人，尺码正常
2019-06-10 09:52:28,颜色分类:墨绿尺码:34,鞋面材质：鞋子很漂亮，但是中看不中用，穿着走了五分钟勒的太痛了。
2019-06-04 20:48:41,颜色分类:墨绿尺码:37,之前一直是实体店买，刚来这边不知道店在哪里，鞋子穿了还可以，遇到一点问题，客服也帮忙解决了，好评吧。
2019-06-01 00:08:51,颜色分类:墨绿尺码:37,好看是相当好看，就是磨小脚趾，脚会往前冲，不贴脚。
2019-05-28 16:20:01,颜色分类:墨绿尺码:38,很好看 就是有点磨脚
2019-06-12 00:45:46,颜色分类:墨绿尺码:35,平时穿35的 这款有点大了 但款式是好看的
2019-05-28 13:11:47,颜色分类:墨绿尺码:38,上脚不是太好看
2019-06-11 12:37:47,颜色分类:白色尺码:38,没有想象中的好看
2019-06-09 23:58:34,颜色分类:墨绿尺码:37,质量真的一般
2019-06-07 14:34:05,颜色分类:墨绿尺码:34,物流太差
2019-05-21 11:05:39,颜色分类:墨绿尺码:38,累脚，但是好看，喜欢颜色，适合瘦瘦的脚，带子细，就勒住的感觉
2019-05-21 12:23:49,颜色分类:墨绿尺码:34,在专柜试过，很好看，回来考虑了一下还是喜欢就买啦 鞋子没毛病很好看，跟也舒服
2019-05-08 15:40:54,颜色分类:白色尺码:35,新鞋可能都会磨脚，炒鸡好看的呀
2019-05-12 22:05:48,颜色分类:墨绿尺码:36,说实话因为个子矮腿也粗，一直需要高跟来拉伸视线。不过这鞋子实在太美了，忍不住留下了。
2019-05-22 18:37:08,颜色分类:白色尺码:37,磨脚，脚胖的小姐姐，不建议买
2019-05-19 18:35:42,颜色分类:墨绿尺码:38,会掉跟
2019-05-14 20:58:08,颜色分类:墨绿尺码:37,鞋子上脚一般，前面那两根带子也太磨脚了，穿一天痛的不行，大家还是不要为了好看买一双穿不了的鞋子吧，况且上脚也没那么好看
2019-05-21 19:36:19,颜色分类:白色尺码:35,平时穿34，看好多评论挤脚，于是买了双35的，上脚试了一下不大刚好，，
2019-05-18 09:35:10,颜色分类:墨绿尺码:36,好看 但是勒脚 实话实说 穿久了勒的疼
2019-05-22 21:00:44,颜色分类:白色尺码:35,开始有点磨脚，但是穿一会还好
2019-05-19 20:25:15,颜色分类:墨绿尺码:38,胖脚慎选哈，一天穿下来，中间勒出一条红的了。鞋的款式还是很不错的
2019-05-18 00:51:25,颜色分类:墨绿尺码:39,非常好看！不过会显得脚有点胖
2019-05-12 18:38:12,颜色分类:墨绿尺码:38,太打滑了
2019-05-20 17:27:57,颜色分类:墨绿尺码:35,鞋好看脚不好看
2019-05-03 14:47:42,颜色分类:白色尺码:35,我的脚不算很宽 就正常脚 但是还是觉得有点显宽 另外 这个鞋子太磨脚了 就是第一根带子那里 因为他支撑的地方很细 要不是着急穿 我是不会留的 非常磨脚 疼  都给我压红了
2019-05-05 16:46:25,颜色分类:白色尺码:38,特别喜欢这个样式，上脚也好看，很喜欢绿色但买的白色好搭，希望不会太磨脚，真的挺好看
2019-04-30 09:56:59,颜色分类:墨绿尺码:38,上脚超级美 脚瘦的仙女穿了会很好看的
2019-04-25 22:43:07,颜色分类:白色尺码:34,好看是好看，但是会打脚
2019-08-11 21:42:16,颜色分类:墨绿尺码:35,这是我朋友推荐的一家店 之前一直想买这个 机缘巧合下看到了他 一眼就喜欢上了 然后一直放在购物车里 每天都打开看 这次趁有活动赶紧下手 卖家很快就发货了 几天就收到了 用起来果然没有让我失望 质量好 用途齐全 没有让我失望 客户小姐姐也很耐心回答我的问题 总之五星好评啦！
2019-08-04 02:22:30,颜色分类:墨绿尺码:36,做工一般，但是颜值高，搞活动100多到手也算超值啦～～
2019-05-22 23:00:16,颜色分类:墨绿尺码:36,很喜欢 很好看 做工也好
2019-06-04 22:53:39,颜色分类:墨绿尺码:39,舒适度：今天穿着出去吃了个饭，小拇指卡的有点疼，但是还好吧，不经常穿高跟鞋，也有可能是不适应  这个鞋是我逛街在店里看上的，超级喜欢这个颜色和款式，绿色超温柔。趁着这次有活动就买了~还专门为了这个鞋配了个同色指甲油~
2019-08-02 20:02:40,颜色分类:墨绿尺码:35,很好看，有色漂亮又大气
2019-08-13 13:21:47,颜色分类:墨绿尺码:39,穿着还行但是感觉不太值这个价，颜色挺好看稍微有点沉
2019-07-19 14:12:42,颜色分类:墨绿尺码:39,此用户没有填写评论!
2019-06-13 15:44:22,颜色分类:白色尺码:34,鞋子是相当的好看，但是只适合瘦脚，像之前买家说的一样，因为带子很细的缘故，会磨脚。就穿穿样子吧。然后也不是皮的，所以这个价格，性价比不太自己比较
2019-08-20 16:48:20,颜色分类:墨绿尺码:36,会挤脚 但是很好看
2019-09-10 21:12:28,颜色分类:白色尺码:38,会显得腿长一点，第一次买高跟的，还没穿出去，磨不磨脚不知道，白色比绿色好搭配一点
2019-08-15 15:38:19,颜色分类:墨绿尺码:36,此用户没有填写评论!
2019-05-13 09:58:57,颜色分类:白色尺码:37,好看好看好看好看好看好看好看好看好看好看好看好看好看好看好看好看好看好看好看好看好看好看好看好看好看好看好看好看好看
2019-07-01 17:18:47,颜色分类:墨绿尺码:36,好看但磨脚，穿了两个小时三个泡，疼到绝望，美还是美腻啦！好看但磨脚，穿了两个小时三个泡，疼到绝望，美还是美腻啦！好看但磨脚，穿了两个小时三个泡，疼到绝望，美还是美腻啦！好看但磨脚，穿了两个小时三个泡，疼到绝望，美还是美腻啦！好看但磨脚，穿了两个小时三个泡，疼到绝望，美还是美腻啦！
2019-08-09 16:48:18,颜色分类:墨绿尺码:38,好看
2019-08-08 10:02:58,颜色分类:墨绿尺码:37,买了好久   今天才穿。 刚收到鞋在家试的时候，觉得手感脚感不错，走两步还挺舒服的。 明知道评论里写的磨脚，我还是狠下心买了。今天上班路上走路十分钟坐的公交车，下车走五分钟到公司。唯一的感觉就是脚疼，鞋底硬所以几根带子磨脚，脚后跟磨破皮了。 谁让手欠呢，明知道磨脚还买。想逛街或者出去玩穿这鞋的，先备好你的眼泪和创可贴。 不想磨脚的就别买。
2019-08-03 11:37:19,颜色分类:白色尺码:36,此用户没有填写评论!
2019-08-16 23:43:50,颜色分类:墨绿尺码:34,很好
2019-08-11 23:43:09,颜色分类:墨绿尺码:38,显白、显脚小，就是穿半天就觉得不舒服了，前面会夹脚。显白、显脚小，就是穿半天就觉得不舒服了，前面会夹脚。显白、显脚小，就是穿半天就觉得不舒服了，前面会夹脚。显白、显脚小，就是穿半天就觉得不舒服了，前面会夹脚。
2019-08-14 12:46:34,颜色分类:墨绿尺码:36,此用户没有填写评论!
2019-08-07 23:12:19,颜色分类:墨绿尺码:36,终于收到我需要的宝贝了，东西很好，物美价廉，谢谢掌柜的！收到的时候包装完整，物流也很给力，下次需要的时候我还会再来的😄
2019-05-22 20:20:26,颜色分类:墨绿尺码:37,此用户没有填写评论!
2019-05-17 14:07:14,颜色分类:墨绿尺码:36,去店里试过了，本来喜欢那个小碎花的浅口鞋，但是穿上好像一般般，有活动纠结买哪两双，结果都没拿，然后在网上买的，收货盒子小小的，第一次买方头的，跟好也很合适，颜色也显白，只不过夏天要注意防晒啦，不然穿凉鞋不好看啦，过几天穿了追平
2019-08-25 13:15:25,颜色分类:墨绿尺码:35,此用户没有填写评论!
2019-06-13 19:44:07,颜色分类:墨绿尺码:35,真的喜欢喜欢呀，质量先不说，才穿一次，不过要注意不要划到，皮质很软的那种。但是款式真的超有设计感，颜色也是真的真的特显白，带子细细的，颜色绿绿的偏点高级灰绿，穿着不累赘，平时平鞋穿36，这双高跟就买的35码的刚刚好。真的很喜欢很喜欢呀！满意，满意，满意，满意，满意，满意满意，满意，满意，满意，满意，满意
2019-07-01 19:51:55,颜色分类:墨绿尺码:36,此用户没有填写评论!
2019-06-27 16:40:04,颜色分类:白色尺码:38,此用户没有填写评论!
2019-06-07 09:54:18,颜色分类:墨绿尺码:37,此用户没有填写评论!
2019-07-22 00:49:17,颜色分类:白色尺码:35,此用户没有填写评论!
2019-06-29 12:43:36,颜色分类:墨绿尺码:37,此用户没有填写评论!
2019-08-19 10:36:07,颜色分类:墨绿尺码:37,舒适度：有点磨脚 鞋头款式：款式很好看，减龄 鞋面材质：非常舒服，鞋子减龄  风格：淑女风
2019-06-19 21:25:33,颜色分类:白色尺码:35,"非常喜欢的款式，闺蜜都说好看～质量非常好，与卖家描述的完全一致，非常满意,真的很喜欢，完全超出期望值，发货速度非常快，包装非常仔细、严实，物流公司服务态度很好，运送速度很快，很满意的一次购物"
2019-06-13 22:29:43,颜色分类:白色尺码:39,这是一个好评模版，看到这则信息说明我对本次购物比较满意，我对所购买物品的要求相对比较高 包括 ：材质 、品质、 穿着效果或使用效果以及一些细节部分都会关注到。当然价格也是不可或缺的考量。能让我满意 你们辛苦啦 继续保持！
2019-06-10 09:38:53,颜色分类:墨绿尺码:36,很显白的一个颜色 刚上新的时候就看中了 还没买就没货了。还好后面有补货😂脚前掌的部位不是很宽 脚宽的姐妹可能要买大一点。跟高正好 也是粗跟 走起路来应该比较轻松。还没穿出去过不知道会不会磨脚 后面再来补反馈吧～
2019-07-09 22:00:21,颜色分类:墨绿尺码:38,颜值爆表的一款鞋！牛油果绿很好看，今年被这个颜色种草了。
2019-07-06 20:58:23,颜色分类:墨绿尺码:35,"舒适度：比较舒适 鞋头款式：喜欢 鞋面材质：还可以 风格：喜欢的风格质量非常好,与卖家描述的完全一致, 真的很喜欢,完全超出期望值,发货速 度非常快,包装非常仔细、严实,物流公司服务态度很好,运送速度很快,很满意的一次购物质量很好, 希望更多的朋友信赖. 店主态度特好, 我会再次光顾的好卖家 赞，发货迅速，态度很好，很满意！很好很好！网上购物这么激烈，没想到店家的服务这么好，商品质量好而价低廉， 很热情的卖家，下次还来希望下次还有机会合作祝你生意兴隆质量非常好，出乎我的意料包装非常仔细。下次有机会再找你，店家人蛮好的，东东很不错,淘到心意的宝贝是一件让人很开心的事，比心"
2019-08-13 08:48:07,颜色分类:墨绿尺码:37,非常好看！清新。喜欢喜欢。
2019-08-05 17:52:24,颜色分类:墨绿尺码:37,这个鞋子是真的好看！！！！颜色特别好看，并且很有特色，就是有点勒脚，整体还是可以的耳钉超级好看，一次性买了3副，已经在它们家买了很多次了，没有失望过，还不错！耳钉超级好看，一次性买了3副，已经在它们家买了很多次了，没有失望过，还不错！耳钉超级好看，一次性买了3副，已经在它们家买了很多次了，没有失望过，还不错！耳钉超级好看，一次性买了3副，已经在它们家买了很多次了，没有失望过，还不错！耳钉超级好看，一次性买了3副，已经在它们家买了很多次了，没有失望过，还不错！耳钉超级好看，一次性买了3副，已经在它们家买了很多次了，没有失望过，还不错！耳钉超级好看，一次性买了3副，已经在它们家买了很多次了，没有失望过，还不错！
2019-07-06 11:26:07,颜色分类:墨绿尺码:37,"质量非常好，与卖家描述的完全一致，非常满意,真的很喜欢，完全超出期望值，发货速度非常快，包装非常仔细、严实，物流公司服务态度很好，运送速度很快，很满意的一次购物 舒适度：不适合长时间走路 鞋头款式：喜欢"
