2019-09-30 21:45:57,颜色分类:天蓝色,就昨天买的今天就到了，物流太速度了吧，东西看起来就高端上档次啊，不愧是大品牌，机身光滑干净，拿着很有质感，雾气几秒就能喷出来而且还很大，我拍的视频晚上雾气可能看的不是太清楚雾气真的很大，很褶皱的衣服很快就搞定，东西拿着方便还不占地方，超级好用，真的是物超所值啊，由此一来最满意的一次购物！
2019-10-01 15:31:31,颜色分类:天蓝色,方便快捷，操作简单，手感不错，出蒸汽速度很快，蒸汽足，熨烫了一件薄牛仔衬衫，效果挺理想！对飞利浦产品印象还是很好的！
2019-10-05 18:32:50,颜色分类:天蓝色,首先飞利浦品牌是值得信任的    作为衬衫控👔的媳妇当然不能让老公的衬衫出褶皱       一路从各种品牌挂烫机走过来   经过两次搬家    发现挂烫机有些鸡肋    比较占用空间   而且老公经常出差   工作开会携带这款手持确实不错   出蒸汽很快  拿在手里很有质感   很不错
2019-09-30 17:08:25,颜色分类:天蓝色,满意～挺漂亮的手感也很好，上手很轻，唯一一点就是水箱有点小，不知道一次能烫几件衣服。试试再说吧。门前使用没有问题。喜欢的朋友可以入手了。
2019-10-09 16:06:13,颜色分类:天蓝色,一收到就看到了，首先颜值挺高的质感也不错，蓝白相间的好看，试用了一下烫了2件衣服中间加了一次水，预热很快出来的水蒸气也很足，烫出来的衣服也挺好的，手持的也不占地方，最主要是相信飞利浦的品牌才来的，希望能长久使用下去！
2019-10-01 17:11:40,颜色分类:天蓝色,挂烫机很漂亮，外观小巧，不占地方，效果很好，加热速度非常快；也使用了，很好哦，早就想买啦，一年四季的衣服也不怕褶皱啦，性价比挺高的，大品牌值得信赖，而且售后服务特别好，有保障。很满意。客服也很耐心的解答所有问题，满意的一次购物，很棒！
2019-09-30 19:37:04,颜色分类:天蓝色,宝贝收到，非常好用
2019-09-30 20:05:57,颜色分类:天蓝色,宝贝材质厚实，稍有分量，但是外出旅游带完全没问题，马卡龙蓝色相当漂亮，看着很上档次，一分价钱一分货，牌子的就是不一样！再说说功能，水箱容量装的水够熨烫两件衣服，蒸汽喷量很大，一定要戴手套，否则容易烫伤，手把握感舒适，首次体验感觉很好，种草好久了，这次正好赶上搞活动，半价拿下，有需要还会来😜
2019-10-05 22:14:33,颜色分类:天蓝色,非常满意的一次购物。机器很小巧，方便灵活，可拆卸水壶，第一次用熨烫机，装一次水，能熨烫一两件衣服，还是很满意的。效果也是棒棒哒，衣服熨完了摸着手感就不一样了哈哈，味道也很好。还是相信飞利浦，大品牌值得信赖
2019-10-06 16:52:13,颜色分类:天蓝色,好大一个外包纸箱，使物品完好无损！特别有❤️！试了一下很好用。
2019-09-30 19:15:47,颜色分类:天蓝色,手持挂烫使用方便、收纳方便，买小电器第一反应就是飞利浦，家里都用飞利浦，性价比高，质量好，颜色也好，线很长，烫的平整。发货快，包装完好，推荐购买。
2019-09-30 12:37:46,颜色分类:天蓝色,宝贝收到，迫不及待的打开，外观颜色很好看，大小也合适，旅游带着很方便，就是稍微重了一点。试用了一下，熨烫效果很好，品牌就是不一样。物流也很快，客服人员态度也很好，非常满意，值得拥有。
2019-10-10 12:28:18,颜色分类:天蓝色,不怎么样，蒸汽量很小，一条裙子三四壶水，果断又买了奥克斯的，便宜好用
2019-09-30 22:55:07,颜色分类:天蓝色,拍下付款两天就到了，真的是飞快了，打开包装，高端大气上档次，手感很好，颜色也很漂亮，有点重量，非常喜欢
2019-10-02 10:08:31,颜色分类:天蓝色,东西小巧使用方便，比以前买的大机器方便多了。储水盒是70ml，不知道可以躺几件衣服，目前觉得挺好，正好还搞活动。划算👍
2019-09-30 21:03:46,颜色分类:天蓝色,产品包装很好，到货也很快，质量看着也很好，而且很小巧方便，使用效果也可以，操作简单，通电以后蒸汽速度也很快，蒸汽也很大，值得推荐～
2019-10-08 09:52:24,颜色分类:天蓝色,这是买的第二个了，挂烫机很漂亮，外观小巧，不占地方，效果很好，加热速度非常快；拿着方便还不占地方，超级好用，真的是物超所值啊，是最满意的一次购物，性价比很高
2019-10-10 20:57:49,颜色分类:天蓝色,收到挂烫机就试用了一下，挂烫和平烫一样平整。水箱可拆卸，方便灌水，平烫也不会滴水。基本满足我的需要，节省空间，操作简单方便。
2019-10-05 19:30:05,颜色分类:天蓝色,手感很好，出蒸汽也快很好用，值得购买
2019-10-01 16:28:18,颜色分类:天蓝色,包装完美，物流迅速。而且出气特别快，大概20秒左右就出气了，也不会漏水，特别好评！飞利浦值得拥有～
2019-10-07 01:01:00,颜色分类:天蓝色,非常非常好，蒸汽很大，很快就熨平整，拿在手上沉甸甸的，水箱小了一点点，但是和强大的熨烫功能比起来微不足道，非常非常好用，太喜欢这个电熨斗了。飞利浦的忠实粉丝，电动牙刷、电吹风都是飞利浦的，国际大牌，特价买到的，非常非常非常喜欢。
2019-10-06 20:10:55,颜色分类:天蓝色,很好用，很方便
2019-10-05 16:18:29,颜色分类:天蓝色,非常不错。
2019-10-03 12:07:39,颜色分类:天蓝色,看中了这台飞利浦手持挂烫机，一直很信任飞利浦的家电品牌！发货速度很快，收到试用了下，可装70ml水量，一件衬衫烫完还有多余水量。颜值漂亮，出蒸汽也很流畅，值得购入！
2019-10-01 13:09:09,颜色分类:天蓝色,挂烫机收到了，外包装完好无损，打开箱子检查无丢失配件情况，机器完整无外伤。 挂烫机构造简单很容易上手，注水实验了1件长毛衣，喷汽劲大量足，贴近慢慢顺着褶皱往下移动，立马平顺无褶，毛衣熨烫的很平整，拿着也不觉得累，易收纳，好用！！
2019-10-10 23:46:51,颜色分类:天蓝色,朋友介绍来买的这款挂烫机，据说很好用，到货后觉得比我之前买的包装就大气很多，不愧是飞利浦，家里熨斗也是飞利浦的，就是觉得每次拿出来用要费很大功夫，朋友说这款挂烫机真的很好用，我也一直是飞利浦的粉丝，期待效果！
2019-09-30 16:57:51,颜色分类:天蓝色,收到货回家就试了一下，效果不错，简单方便！发货及时，国庆出门正好带上。
2019-10-08 12:15:04,颜色分类:天蓝色,对这个手持挂烫机很满意。就适合我这样临出门想熨烫一下的情况。机器比想象的大，实物比图片好看。水箱不大但是一两件衣服没问题。橡胶盖子是防脱落的，小孔正好接饮用水龙头里的水。附上对比图，效果显著，3分钟搞定。另外表扬一下客服cs21非常耐心回答问题。
2019-10-10 18:31:23,颜色分类:天蓝色,挂烫机不错 很给力 大品牌值得信赖 试用了一下再来评价的
2019-10-09 23:31:39,颜色分类:天蓝色,摸索中
2019-10-03 12:40:53,颜色分类:天蓝色,一直放购物车很久了，终于拔草，携带很方便，是我要的。
2019-10-05 12:52:48,颜色分类:天蓝色,真不错，小巧精致，方便实用
2019-10-04 13:04:46,颜色分类:天蓝色,很小巧，拿着感觉很方便。熨了一下我的雪纺衫，超完美，看不出褶皱的痕迹了。下次出差也可以带着，以后衬衫西服都不怕皱了，耶✌🏻。
2019-09-30 23:48:32,颜色分类:天蓝色,两天就到了，握这感觉不错，相信飞利浦的品牌
2019-09-30 20:56:46,颜色分类:天蓝色,快递好快，客服的美女也很耐心的跟我介绍。宝贝虽然小巧，但大方还特别沉，好看。出门旅游方便携带。水没有装太多，但一套西装几分钟就搞定了，操作也简单。
2019-10-01 12:35:11,颜色分类:天蓝色,物流很快，下单第三天收到熨斗。略微偏重。大小上，20寸拉杆箱可以横放，刚刚好。操作简单方便。试着熨烫了一下，开始时会有水珠喷出来，后面使用就没有了。水量基本上够烫一件寸衫。熨烫效果不错，平整。使用完毕，熨斗需要静置半小时降温。总体评价还不错，出行还是有点占空间。
2019-10-09 12:31:05,颜色分类:天蓝色,用方便，而且价格便宜，也是超级对准买的你。
2019-10-01 15:38:24,颜色分类:天蓝色,一直想买一个方便小巧电熨斗，在飞利浦官网上买电动牙刷时发现这款，看到后毫不犹豫下手。飞利浦在我所在城市～珠海，品质好是毫无疑问的。冬天快到了，大衣要烫，毛要刷，都有了。
2019-10-01 00:18:31,颜色分类:天蓝色,小巧便于收纳，出蒸汽速度快很容易烫平也没滴水，可惜水箱小加一次水基本只能烫一件衣服，线足够长还算物超所值。
2019-10-08 19:02:42,颜色分类:天蓝色,喷出的气还是挺大的，主要是方便，而且不漏水
2019-10-01 18:32:24,颜色分类:天蓝色,国庆节惊吓🙀哈哈哈哈哈哈
2019-09-30 17:43:02,颜色分类:天蓝色,效果还不错，也不重，褶比较多的需要加次水。
2019-10-07 08:57:51,颜色分类:天蓝色,质量挺好，使用方便
2019-10-04 21:02:48,颜色分类:天蓝色,收到试用了一下，轻薄的衣服加满水，可以顺利熨平，机器本身比较小巧，颜值挺高，一般的日用比较方便好用，物流挺快，包装的挺好
2019-10-03 15:29:27,颜色分类:天蓝色,此用户没有填写评论!
2019-10-02 15:20:18,颜色分类:天蓝色,挺好
2019-10-10 22:11:26,颜色分类:天蓝色,趁着活动买的这款手持挂烫机 在外地工作 就是图个便携好用 飞利浦的产品也是值得信任的 目前使用过一次 效果不错 因为便携水仓小点也是没办法的 给五星好评吧 愿店家活动多多 产品大卖！
2019-10-05 08:30:57,颜色分类:天蓝色,非常好用，挂烫平烫都可以
2019-10-04 14:31:43,颜色分类:天蓝色,之前买过好几个熨烫机，要么漏水，要么不好用，考虑好久，决定入手这个。试用了四天，共熨烫十件衣服，羊毛、纯棉、聚酯纤维、牛仔各种材质都能很好的驾驭，很方便。加满一次水，能熨烫一两件，挂烫机拿在手里有一点小沉，但不是很沉手，可以压熨也可以立起来熨，目前没有漏水的情况发生，等出蒸汽的时候再熨衣服，衣服也不会有明显的湿渍。
2019-09-23 11:27:51,颜色分类:天蓝色,轻便好用!
2019-10-07 13:40:34,颜色分类:天蓝色,长约30公分，蒸汽头宽约15公分，整体略估有2斤重，功率大，蒸汽看起来很大，但是实际非常足，试运了几件夏衣，效果很好。对于这种后期的褶皱很有效果，图示为薄裤熨前熨后。衬衣和裙子的效果也不错，还没试过厚衣服，后期会试试。
2019-10-10 19:49:40,颜色分类:天蓝色,使用效果惊了，确实好用。拿到手的感觉很有质感。一个熨斗一个挂烫机都是飞利浦的，很不错。
2019-10-05 09:19:59,颜色分类:天蓝色,试了下，很好用，
2019-10-06 05:29:44,颜色分类:天蓝色,用着挺方便
2019-10-02 22:06:47,颜色分类:天蓝色,宝贝收到很满意，马上用上式了式效果很好。
2019-09-30 22:42:29,颜色分类:天蓝色,活动半价很划算，物流特别快昨天晚上拍今天上午就到了，试用手感很好，熨烫效果不错，客服很耐心有问必答，值得信赖的店铺！
2019-10-09 19:18:34,颜色分类:天蓝色,客服西柚、服务好、谢谢
2019-09-30 14:01:30,颜色分类:天蓝色,此用户没有填写评论!
2019-10-07 17:09:26,颜色分类:天蓝色,CS9客服服务效率很高
2019-10-05 16:03:56,颜色分类:天蓝色,宝贝收到了效果非常惊艳！！所有配件如下图所示！不亏是大功率，早上出门赶去上班稍微烫一下不出2分钟就平整了。手持的也很轻巧对于女生来说一点也不重，水箱不大不小，细烫的话可以烫完一整件衣服。也买过淘宝其他的手持挂烫机，每次烫完都有股浓浓的塑料味，害怕突然爆炸了。所以果断选择了飞利浦这个大牌子，果然不出所望啊！！！
2019-10-01 10:39:49,颜色分类:天蓝色,飞利浦的小家电一直在用，质量上乘
2019-10-10 14:45:31,颜色分类:天蓝色,"The quality of the things is very good👍🏻👍🏻, completely consistent with the description of the seller🎉🎉🎉, very satisfied😘😘, really like, completely exceed the expected value, the delivery speed is very fast🐎🐎, the packaging is very careful and strict🧧🧧🧧, the logistics company has a good service attitude🏪, the delivery speed is very fast📦, very satisfied a shopping trip📤."
2019-10-06 13:40:23,颜色分类:天蓝色,此用户没有填写评论!
2019-10-01 05:53:25,颜色分类:天蓝色,颜值和功能很好
2019-10-03 10:14:52,颜色分类:天蓝色,质量很好，还没试用
2019-10-09 23:07:29,颜色分类:天蓝色,买的第二个了 上一个是粉色的 贼好用 蓝色是新品 半价买的 装水的位置可拆卸了 更便捷 赞.
2019-10-02 14:07:58,颜色分类:天蓝色,不错推荐
2019-10-09 17:20:19,颜色分类:天蓝色,用了一次，还行
2019-10-02 21:54:02,颜色分类:天蓝色,cs15棒棒哒
2019-09-30 17:45:46,颜色分类:天蓝色,看着不错哦，还没试用呢。
2019-10-02 12:14:21,颜色分类:天蓝色,颜值高，颜色是我喜欢的颜色，烫衣效果也不错，蒸汽足，烫衣板的磨砂面也好看，夏天的衣服来回几次就很顺直了，赞赞！冬天的衣服应该也很适合的，就是要小心手不要被蒸汽烫到，一定要戴手套。
2019-10-01 10:25:43,颜色分类:天蓝色,比较心大，买回来也没试用就确认收货了
2019-09-22 15:42:55,颜色分类:天蓝色,宝贝比想象的要沉一下，体积小巧，放在行李箱没问题，适合经常出差使用；储水容器不大，每次装满水能满足熨烫一件；操作很简单，通上电以后出蒸汽很快
2019-09-30 18:28:49,颜色分类:天蓝色,还没有用，使用了再来评价。
2019-09-13 19:48:35,颜色分类:天蓝色,以前买了立式的，在家用着方便，这次买了手拿式的，出门携带的衣服再也不会皱巴巴的了，试用了下，可以拿下来的蓄水器很方便，拿在手里稍微有点重，颜色很漂亮！值得拥有
2019-09-30 12:35:27,颜色分类:天蓝色,不错，挺好用的
2019-10-07 17:35:22,颜色分类:天蓝色,一直很信任飞利浦的产品，之前买过的吹风机也很好用，看中这一款很久咯，这次做活动，各种优惠用上只花了不到两百块，感觉很值，有时候穿的衬衫t恤很容易皱，虽然也能穿，但是熨了之后更精神！有个缺点就是挺重的，熨完一件衣服手酸
2019-09-30 09:46:04,颜色分类:天蓝色,包装盒都烂了，不开心！好在产品质量不错，试用一下好用，就五星好评吧！希望以后多多注意！
2019-09-30 19:10:26,颜色分类:天蓝色,之前买的电熨斗，烫裙子不方便，活动价收的，小巧方便，爱了爱了👍
2019-09-20 07:56:36,颜色分类:天蓝色,宝贝收到了，颜色好看，大小合适，使用时特别方便，熨烫衣服效果不错，飞利浦小家电一如既往的喜欢和支持！
2019-09-14 11:29:48,颜色分类:天蓝色,宝贝已经收到，物流很快，碰上搞活动划算。收到后迫不及待的试用了下，去皱效果明显，宝贝颜值也很高，小巧，用起来很方便，几分钟搞定一件衣服！赞！
2019-10-08 19:35:20,颜色分类:天蓝色,还没用，种草很久了，等我改天熨衣服试试
2019-10-01 17:41:56,颜色分类:天蓝色,宝贝收到了，很小巧，也不重，就是装水的壶有点小。估计烫一件衣服是可以的，经常有几件衣服皱巴巴的，以后可以随身携带了。一直都想买个挂烫机，看中飞利浦的牌子，
2019-09-12 20:00:30,颜色分类:天蓝色,东西很好用！
2019-10-08 22:41:34,颜色分类:天蓝色,宝贝体积大了点，体重重了点，还要小巧点就方便些，水箱只能烫一件哈
2019-09-23 14:44:36,颜色分类:天蓝色,细节上有待提升！掉价太快！效果还行！
2019-09-25 18:25:35,颜色分类:天蓝色,看博主推荐买的，一直苦于衬衫太皱没有办法，又不想买一个挂烫机，又贵又占地方，这个真的好用，方便易收纳，加满水能烫两三件吧，不过我一个人够用了，家里用还是买大的吧，飞利浦的东西还是挺信任的，毫不犹豫就买了，家里的吹风机等小家电都是飞利浦的，质量很好。
2019-09-11 22:55:39,颜色分类:天蓝色,是我期待的好东西，颜色大小都合我心意，飞利浦小家电一如既往的支持并喜爱🎭🎭🎭
2019-10-03 18:26:51,颜色分类:天蓝色,还没用，看着挺好
2019-09-12 18:42:46,颜色分类:天蓝色,方便好用性价比高。家里老式大个子可以退休了。还节约空间
2019-09-11 18:47:42,颜色分类:天蓝色,确实好用，满意
2019-09-11 19:38:00,颜色分类:天蓝色,先确认收货，还没有使用，看起来很不错。
2019-09-30 22:01:59,颜色分类:天蓝色,啥都好，唯一缺点就是水箱小
2019-10-05 11:07:05,颜色分类:天蓝色,刚开始有些滴水，停一会儿好些，基本上一杯水一件衣服
2019-09-15 22:19:15,颜色分类:天蓝色,试了一下，挺好用的，以后出差可以带着了
2019-10-10 15:04:27,颜色分类:天蓝色,衣物几下就熨平了除了水箱小点，其它都好大衣也不在话下。
2019-09-20 02:35:56,颜色分类:天蓝色,使用方便，效果理想。
2019-09-13 10:38:20,颜色分类:天蓝色,确实方便，主要是不占地，出蒸汽很快
2019-08-27 09:08:08,颜色分类:天蓝色,效果很满意，手持也不重，用起来方便，宿舍空间小西服都是叠起来的，很容易发皱，现在再也不用担心裙子衬衫拿出来穿时皱皱的啦
2019-08-30 20:48:15,颜色分类:天蓝色,纠结了半天，还是买这个大功率型号的，喷雾大，衣服很快就能熨平整，缺水会亮灯提示，一般装满水可以烫两到三件衣服，感觉比台式的方便，就是可能加水勤快一点😂喜欢飞利浦小家电，电熨斗，电动牙刷，再加这个！
2019-09-12 10:09:56,颜色分类:天蓝色,此用户没有填写评论!
2019-09-13 15:09:02,颜色分类:天蓝色,还没有使用，刚到货，看起来不错，等用过再追评吧
2019-09-14 19:47:15,颜色分类:天蓝色,宝贝很满意
2019-09-12 10:18:53,颜色分类:天蓝色,收到就试用了，很棒👍好用哦！
2019-09-17 20:46:49,颜色分类:天蓝色,此用户没有填写评论!
2019-09-22 23:14:16,颜色分类:天蓝色,加热快。乀声音小！品牌的必是好的！
2019-09-15 11:40:53,颜色分类:天蓝色,好用，方便收纳
2019-09-13 19:56:56,颜色分类:天蓝色,帮人买的，可以的吧
2019-09-20 14:05:28,颜色分类:天蓝色,和cs11客服聊天很愉快！服务很满意
2019-09-17 22:57:26,颜色分类:天蓝色,大品牌值得信赖，发货很快，cs14和导购38服务非常好，棒棒哒！
2019-09-20 15:26:26,颜色分类:天蓝色,嘎嘎好使，哈哈哈
2019-09-20 12:56:43,颜色分类:天蓝色,非常好用
2019-09-20 22:49:25,颜色分类:天蓝色,不错，出气快，效果好
2019-09-22 17:10:29,颜色分类:天蓝色,非常感谢客服cs32的耐心服务
2019-09-15 21:28:09,颜色分类:天蓝色,导购40棒棒哒
2019-09-16 20:29:01,颜色分类:天蓝色,导购39，棒棒哒
2019-09-05 16:30:46,颜色分类:天蓝色,好用就是水箱容量小 颜值高 一到就试烫亚麻裤之前全是褶子效果不错
2019-09-30 23:45:25,颜色分类:天蓝色,熨衣服效果还是挺不错，唯一的缺点就是几分钟就需要加水，我熨一件裙子加了5次水。
2019-09-17 23:33:40,颜色分类:天蓝色,出差带着正合适
2019-08-28 09:02:35,颜色分类:天蓝色,比挂式方便很多，出蒸汽速度快，小巧便收纳，一次正确的选择！
2019-09-11 22:59:43,颜色分类:天蓝色,不错，很好用
2019-09-30 19:06:17,颜色分类:天蓝色,衣服烫出来的效果很好
2019-09-04 14:55:53,颜色分类:天蓝色,收到宝贝就使用了，用起来很好&hellip;&hellip;对服务也很满意满意客服 CS33解决问题也很及时
2019-10-02 14:28:04,颜色分类:天蓝色,基本满足了烫一件衣服的需求，简单烫一下，即可出门。想要用这个烫好几件的话，就要不停的加水，胳膊也受不了，这种情况还是要专门的电熨斗。
2019-09-12 11:41:31,颜色分类:天蓝色,宝贝收到，试了一下能通电，还没烫衣服，等用了再评。看着宝贝还可以，颜值很高，好评
2019-10-10 07:31:09,颜色分类:天蓝色,很好用，就是水箱里有水珠，让人心里膈应，总觉得是用过的
2019-09-05 21:44:32,颜色分类:天蓝色,真的不错，推荐给身边的亲朋好友了
2019-09-11 08:04:06,颜色分类:天蓝色,加热速度很快，不耽误时间，蒸气也很足，唯一不方便的是要按着按扭也才喷气，如果开关更方便
2019-08-26 20:05:11,颜色分类:天蓝色,很好用，插上几秒钟就可以用。
2019-08-25 21:11:38,颜色分类:天蓝色,不错不错不错，气很大～
2019-10-04 13:45:58,颜色分类:天蓝色,收到商品，表面有瑕疵，盒子表面的封膜也不在原位。试了一下，夏天的衣服还行，一件衣服要再加水一次才能完成，主要是方便，退换货麻烦，瑕疵倒是不影响，就是心里觉得不完美
2019-10-04 23:09:51,颜色分类:天蓝色,因为假期今天才来评价，刚刚试一下感觉不错，是我需要的那种，期待能一直好用！物流也很快。
2019-09-03 09:45:02,颜色分类:天蓝色,今天用了的感觉非常好用，出气大，速度快！老品牌值得信赖！
2019-08-04 11:06:30,颜色分类:天蓝色,试了两下，很不错。用的时候脚放远点，蒸气滴在一起，滴下来烫的很
2019-09-11 18:21:59,颜色分类:天蓝色,还蛮好用的 表扬一下客服CS15
2019-08-25 18:47:31,颜色分类:天蓝色,非常好，还送了赠品，下次还会来，五星好评！
2019-09-01 02:59:59,颜色分类:天蓝色,买给爸妈的，应该还不错吧
2019-08-28 20:31:36,颜色分类:天蓝色,产品很好，CS2很棒棒。（退差价不需要任何条件，点赞👍）
2019-09-02 13:09:45,颜色分类:天蓝色,一次正好烫一件衣服，效果还不错
2019-08-29 12:02:00,颜色分类:天蓝色,OK啦 买到手 经常会用到 还是很不错的
2019-08-29 19:27:17,颜色分类:天蓝色,不错的产品，用起来方便，简单
2019-09-10 22:35:46,颜色分类:天蓝色,夏天的连衣裙一件需要接三次水，效果不错，冬衣可能比较费时了
2019-09-04 08:38:03,颜色分类:天蓝色,非常好！第二次购买。
2019-08-27 08:41:08,颜色分类:天蓝色,手持挂烫机方便好用～
2019-08-25 10:46:44,颜色分类:天蓝色,超好用！很方便啊
2019-08-30 21:13:08,颜色分类:天蓝色,好用 好收纳 客服cs7很专业 谢谢
2019-09-10 09:29:56,颜色分类:天蓝色,全五分，东西很好，用着方便 cs27服务很好
2019-09-10 21:08:35,颜色分类:天蓝色,非常好用
2019-09-07 10:00:04,颜色分类:天蓝色,使用便捷。
2019-09-05 15:31:48,颜色分类:天蓝色,此用户没有填写评论!
2019-08-30 15:13:28,颜色分类:天蓝色,还没用，看着还行，冲品牌来的
2019-09-04 20:06:45,颜色分类:天蓝色,好评
2019-08-03 20:30:12,颜色分类:天蓝色,拿回来就熨了麻料和真丝裙子，操作方便，效果满意
2019-08-17 20:01:29,颜色分类:天蓝色,宝贝已收到，赶快实验了一下，效果还真是不错，小巧玲珑，美观大方，使用方便，跟描述的一样，物流快捷，服务非常到位，三个字：非常好。
2019-10-08 11:23:00,颜色分类:天蓝色,挺好用的，就是老是要加水，一水箱只能烫一块地方，一条连衣裙加了六七次水才烫好
2019-08-11 16:52:37,颜色分类:天蓝色,小巧精致，携带方便，挂烫机颜色漂亮做工精细，不愧是值得信赖的大品牌产品。特别表扬客服CS2 ，服务热情，不厌其烦耐心细致解答每一个问题，为客服CS2点赞
2019-09-10 23:07:46,颜色分类:天蓝色,水箱有点小了，棉质衬衫要加两次水，质量很好便携，适合出门用
2019-10-10 18:13:13,颜色分类:天蓝色,东西到手真的有点恶心，就是感觉吃了哑巴亏，箱子是完好的，但是里面这个挂烫机盒子贴纸是不粘的哟🙃用没用过谁知道，机体有划痕 水箱有水珠 客服态度简直了 头一次遇到这么差的 答非所问 还有哦 熨烫的时候还会时不时喷出一滩水！衣服湿了还好 差点被烫到 总之 不建议购买
2019-08-22 10:11:04,颜色分类:天蓝色,很好很方便呢，衣服太皱穿不出去，这款可以很迅速去皱哦。机器也小不占地方，单手拿也不重。发货速度快，很满意的一次购物
2019-10-01 19:49:50,颜色分类:天蓝色,期待的宝贝收着了，今天国庆小长假第一天，试试宝贝的效果吧！
2019-08-21 12:44:01,颜色分类:天蓝色,质量很好，泡沫丰富，去污力强，光泽感十足。下次就用同款了。老板人好，还有赠品。
2019-08-01 20:40:37,颜色分类:天蓝色,很好用又不占地方家里旅行都可以赞个
2019-08-25 12:09:49,颜色分类:天蓝色,非常好，颜色非常好看，快递太快了！
2019-08-13 15:35:04,颜色分类:天蓝色,非常好，重量足，颜色非常好看，还没开始用，用完再来评价，快递飞来的，太快了！
2019-08-20 13:07:43,颜色分类:天蓝色,造型漂亮，手柄设计符合人机工程学原理。节省空间，加热熨衣服速度快。加水一次能熨一条牛仔裤，还剩一点儿水。因水箱和喷头一体，比过去小车式熨衣机胳膊累一些。
2019-07-12 09:34:28,颜色分类:天蓝色,此用户没有填写评论!
2019-08-01 16:33:12,颜色分类:天蓝色,喜欢的设计，发货快。CS19的服务态度非常好，快递小哥也好，一次开心的购物。
2019-09-09 13:15:32,颜色分类:天蓝色,收到货特意熨了两件衣服，比家里挂式的出气快，而且没有水珠，熨的平整。本来是想出门旅行带着方便才买了结果试了两次后直接把家里的挂式蒸汽熨衣机淘汰了。值得购买。
2019-08-05 11:23:12,颜色分类:天蓝色,好
2019-07-14 21:23:21,颜色分类:天蓝色,这个小巧，差不多一次能烫1-2衬衫，关键出差带着也是非常方便。颜色也是喜欢的蓝色，既小巧又美观。非常喜欢。出气很快，基本不会滴水。多用用，看后续效果，好会再入手。
2019-08-04 18:06:12,颜色分类:天蓝色,信任飞利浦这个品牌，手执的便携出门用非常方便，希望商家越做越好
2019-09-13 09:48:23,颜色分类:天蓝色,"好用，蒸汽大，一次加水，最多两件衬衫吧，客服cs15,态度好，有耐心"
2019-08-20 19:01:34,颜色分类:天蓝色,携带方便所以买了它 相信飞利浦大品牌 还没用 再追评 样子高大上
2019-08-02 09:06:01,颜色分类:天蓝色,轻便，便携，不占地方，效果也不错，装满水可以熨两三件衣服。
2019-08-15 15:58:08,颜色分类:天蓝色,拿到之后立即就体验了一下，确实比较方便好用，一件夏天的衣服足够。
2019-08-11 08:23:07,颜色分类:天蓝色,外观漂亮，使用方便。
2019-08-14 09:32:04,颜色分类:天蓝色,小巧可爱，收藏方便，不占地儿，熨烫效果好
2019-08-15 22:15:39,颜色分类:天蓝色,特别方便，在此要表扬客服木瓜~谢谢ta的耐心解答
2019-08-10 16:36:02,颜色分类:天蓝色,很好用，很方便，以后出门也能带着它了
2019-08-01 16:24:58,颜色分类:天蓝色,379入手的，东西不错
2019-08-13 19:44:54,颜色分类:天蓝色,很好用，方便操作，简单便捷！
2019-08-18 15:12:36,颜色分类:天蓝色,收到货立马试试，效果不错，实用
2019-08-09 16:52:55,颜色分类:天蓝色,此用户没有填写评论!
2019-08-01 11:44:43,颜色分类:天蓝色,夏天出门带上它是不错的选择
2019-08-14 11:23:03,颜色分类:天蓝色,蒸汽小熨斗使用方便，熨衣服挺有形，满意！
2019-08-05 12:29:58,颜色分类:天蓝色,挺好的，方便携带。质量挺好的！熨了一下挺快的
2019-08-14 11:20:23,颜色分类:天蓝色,还没使用，但外观看着不错，很喜欢！
2019-08-10 19:14:13,颜色分类:天蓝色,挺好的，挺沉，出差用正好
2019-08-01 22:56:27,颜色分类:天蓝色,今天用过了，很棒，方便好用！
2019-08-19 11:03:31,颜色分类:天蓝色,东西很好，携带方便！客服cs6 cs31还有cs14分别在我购物前中后都给予了很大帮助，谢谢！
2019-08-18 13:52:22,颜色分类:天蓝色,质量不错，推荐购买。。。
2019-08-13 18:58:23,颜色分类:天蓝色,还没用，但是非常喜欢。也非常感谢cs19客服的贴心服务。
2019-09-02 19:19:07,颜色分类:天蓝色,水盒太小了一会儿就得加一次水
2019-08-13 23:56:41,颜色分类:天蓝色,good 愉快的购物体验
2019-08-08 23:55:27,颜色分类:天蓝色,这次出去旅游用了。携带还算方便的，关键是解决了外出熨烫问题。重量挺沉的，应该是货真价实品牌的体现。
2019-08-21 18:59:21,颜色分类:天蓝色,很方便，不占地儿。
2019-08-23 09:25:27,颜色分类:天蓝色,挺好的，很快就熨好一件衣服，很方便
2019-08-12 22:23:55,颜色分类:天蓝色,试用了一下，烫衣效果可以，注水方便，就是伤量不轻啊😂
2019-08-22 21:00:30,颜色分类:天蓝色,很好用，不愧是大品牌，出蒸汽的速度很快，出气量也很大，一件衬衣很快就熨好了。就是储水盒太小了，熨两件T恤，加了三次水。稍微有点沉，多熨几件就有点累了
2019-08-13 14:43:42,颜色分类:天蓝色,小巧方便！
2019-08-03 10:53:08,颜色分类:天蓝色,非常好用
2019-08-16 07:43:14,颜色分类:天蓝色,非常好👍
2019-08-21 11:01:42,颜色分类:天蓝色,用了一下，还不错，客服cs9很好
2019-08-05 16:10:09,颜色分类:天蓝色,cs27服务很棒
2019-08-16 12:18:00,颜色分类:天蓝色,"好产品,值得购买！"
2019-08-21 10:19:33,颜色分类:天蓝色,比较方便携带 装的水只能够一件衣服
2019-08-07 14:04:48,颜色分类:天蓝色,宝贝不错，方便快捷。
2019-08-06 18:54:44,颜色分类:天蓝色,挺好用的 比想象中稍微大一点 有点重 图片中是和A4的对比 试了下 水箱大概够熨一条半裤子 物流很快！
2019-08-02 12:43:52,颜色分类:天蓝色,用后评价吧
2019-08-03 21:19:29,颜色分类:天蓝色,想买手持挂烫机很久很久了，一直也看不好看了各种品牌的，各种价位的也都没敢买，看到飞利浦的这款大家评价还不错，我就买了，我去太好用了。我非常满意，我觉得如果稍微的熨一下的话，能熨五六件衣服，如果仔细熨的话就不知道了。
2019-07-11 11:48:33,颜色分类:天蓝色,样式小巧可爱，颜色漂亮，还没有试用，希望很好
2019-07-16 11:52:41,颜色分类:天蓝色,准备旅游带出去，刚试了一下熨裙子，蒸汽十足。两次水刚好熨完，平整漂亮！好评！！
2019-07-26 17:12:07,颜色分类:天蓝色,家用够了，还便于收纳。收到立马试了一下，挺好用，预热也快。
2019-07-25 14:29:34,颜色分类:天蓝色,真心好用！淡淡的蓝色，喷雾很大！物有所值，物流也快，还会光顾，好评！
2019-10-01 18:18:52,颜色分类:天蓝色,熨烫效果不错，就是水箱有点小，别的非常不错！
2019-07-20 11:23:06,颜色分类:天蓝色,方便   用着很舒服便携   支持支持支持
2019-07-28 16:54:43,颜色分类:天蓝色,宝贝很棒
2019-08-19 14:14:13,颜色分类:天蓝色,物流很快，效果还不知道，尺寸真的轻便～
2019-07-23 21:41:26,颜色分类:天蓝色,东西不错，值得购买
2019-07-05 21:22:32,颜色分类:天蓝色,挂烫机很好用，不愧是大牌，质量也棒棒哒！以后还会关注的。
2019-07-15 09:54:03,颜色分类:天蓝色,夏天用很方便，出门之前一两件熨一下，衣服平整心情好很多
2019-07-10 14:26:29,颜色分类:天蓝色,小而好使！喷雾均匀，效果超赞哦！值得推荐！解决每天早上的大问题，尤其夏天的真丝连衣裙。
2019-07-17 19:40:05,颜色分类:天蓝色,颜值很高，功能强大。应了那句明明可以靠颜值，偏偏要靠才华。👍
2019-07-26 16:38:16,颜色分类:天蓝色,很方便，这样每天都可以穿上平整衣服，赞一个
2019-08-06 17:04:29,颜色分类:天蓝色,好用，开启精致人生。客服CS27虽咨询量大，但也及时回复解决了问题，谢谢。
2019-07-23 12:42:03,颜色分类:天蓝色,还可以，很方便，加热很快，旅行用特别合适
2019-07-09 13:18:17,颜色分类:天蓝色,对于我这种并的人来说还是比较好用的，方便，随时有需要拿出来就可以用了，收纳也方便。
2019-09-20 08:00:49,颜色分类:天蓝色,好用  水箱不大  但是便携啊  买了一个放单位用
2019-07-26 15:18:50,颜色分类:天蓝色,小巧玲珑，方便好用！价格也不贵！实乃夏季必备单品！
2019-07-01 23:35:16,颜色分类:天蓝色,看起来超好看！！！希望会很好用 又不占地方
2019-07-15 07:32:53,颜色分类:天蓝色,小巧方便，蒸汽量大，加满水可以够烫2-3件衬衫
2019-07-27 20:07:05,颜色分类:天蓝色,此用户没有填写评论!
2019-07-08 21:31:43,颜色分类:天蓝色,试了一下很好用，熨衣快，而且不会熨得太板太死，机器也很轻便
2019-07-18 09:15:04,颜色分类:天蓝色,操作方便，两件夏衣没问题，一定要买好牌子。
2019-07-02 06:16:27,颜色分类:天蓝色,很不错，大牌果然没有失望，重量是女生都可操作范围内，加一次水可以熨烫两三件夏装，建议用纯净水，对机器好
2019-07-16 15:17:10,颜色分类:天蓝色,非常好的一款，小巧方便，用着很好的，一次满意的购物
2019-07-24 21:25:30,颜色分类:天蓝色,收到，试过好像蛮好用的。特别是CS19号客服耐心，细致，表扬
2019-07-30 18:34:50,颜色分类:天蓝色,飞利浦一如既往的好。挂烫机便携性很满意。客服柠檬回答处理问题很清晰，有效率。挺满意的。
2019-07-27 21:04:22,颜色分类:天蓝色,轻便好用
2019-07-17 18:42:31,颜色分类:天蓝色,客服态度贼好，东西也很好用，我麻麻很喜欢
2019-07-16 19:00:40,颜色分类:天蓝色,小巧精致可爱，不错。
2019-07-01 22:28:59,颜色分类:天蓝色,以前一直用挂烫机，这个更方便，烫衣服效果一样好，水箱确实小，烫一两件够用
2019-07-02 21:25:16,颜色分类:天蓝色,挺好用的，小巧玲珑，方便收纳，唯一不足就是水太少，要一直加水。别的都挺好。
2019-10-07 17:37:13,颜色分类:天蓝色,应该不错的，大品牌值得信赖
2019-07-23 15:27:46,颜色分类:天蓝色,很好
2019-10-08 14:30:30,颜色分类:天蓝色,一般，懒得退了
2019-07-26 12:24:57,颜色分类:天蓝色,挺好的 熨烫了两件衣服 还可以
2019-07-07 15:43:40,颜色分类:天蓝色,看到推荐买的。小巧实用
2019-07-23 16:06:36,颜色分类:天蓝色,此用户没有填写评论!
2019-07-12 17:15:07,颜色分类:天蓝色,小巧方便，感觉挺好
2019-07-05 17:43:38,颜色分类:天蓝色,颜色很清新 效果也不错 物流顺利 谢谢店家
2019-07-24 10:56:50,颜色分类:天蓝色,很好用，方便收纳
2019-07-09 11:52:38,颜色分类:天蓝色,还没用，先好评。
2019-07-28 09:35:04,颜色分类:天蓝色,不错 还是很好用的
2019-07-05 18:50:26,颜色分类:天蓝色,此用户没有填写评论!
2019-07-11 10:21:56,颜色分类:天蓝色,用着很好，方便
2019-07-30 16:24:56,颜色分类:天蓝色,方便好用
2019-07-25 11:31:52,颜色分类:天蓝色,试了一下，很好用。导购36服务热情，满意。
2019-07-08 06:12:52,颜色分类:天蓝色,非常好👍
2019-07-25 14:30:53,颜色分类:天蓝色,帮朋友买的，不错．
2019-07-28 10:52:50,颜色分类:天蓝色,物流好，到货快。产品样式也好，不需要熨烫板方便。
2019-07-28 15:48:12,颜色分类:天蓝色,好东西，蛮好用的。
2019-07-02 14:55:43,颜色分类:天蓝色,不错，品牌值得信赖。
2019-07-16 19:26:32,颜色分类:天蓝色,试用一下，很好。
2019-07-13 15:33:18,颜色分类:天蓝色,此用户没有填写评论!
2019-08-29 20:36:36,颜色分类:天蓝色,此用户没有填写评论!
2019-07-24 14:47:51,颜色分类:天蓝色,宝贝很棒，比我之前买的其他牌子的挂烫机强多了，关键有了宝宝，用手持的，方便随时把它藏好。还有cs19客服服务很棒！
2019-06-02 18:08:01,颜色分类:天蓝色,此用户没有填写评论!
2019-07-02 22:39:10,颜色分类:天蓝色,还没开始用，小巧精致就是水壶偏小，应该还不错吧！用得好再来评价&hellip;&hellip;
2019-07-08 06:13:56,颜色分类:天蓝色,货收到了，颜色好看，质量好。满意
2019-07-30 11:24:53,颜色分类:天蓝色,使用的很好，很满意
2019-07-26 19:06:55,颜色分类:天蓝色,很好，使用方便
2019-10-10 18:05:34,颜色分类:天蓝色,还可以，挺好用的
2019-09-19 16:22:17,颜色分类:天蓝色,9.9号买的，才几天东西还没用就掉价150多，真的是第一次遇到，物流也很奇怪，不是直接到厦门，是路过厦门到比较远的漳州再第二天绕回厦门。
2019-09-23 13:52:39,颜色分类:天蓝色,此用户没有填写评论!
2019-07-12 10:26:07,颜色分类:天蓝色,货己收到，用了再评
2019-10-10 19:15:35,颜色分类:天蓝色,用了一下，效果还好，只是储水量确实少，需要随时加水
2019-09-23 00:54:41,颜色分类:天蓝色,出水量的确多，力道还是不行。加热很快
2019-07-19 23:20:19,颜色分类:天蓝色,很满意，谢谢！
2019-07-16 21:27:28,颜色分类:天蓝色,宝贝很好
2019-06-29 22:42:10,颜色分类:天蓝色,此用户没有填写评论!
2019-09-23 13:01:54,颜色分类:天蓝色,不错，好用。就是烫两三件衣服就得加水。
2019-05-24 20:39:52,颜色分类:天蓝色,挺好用的，出蒸汽很快，而且轻便，用时很方便
2019-07-18 17:56:36,颜色分类:天蓝色,非常满意
2019-07-27 07:43:58,颜色分类:天蓝色,宝贝已使用，熨的蚕丝上衣，所到之处一遍就好褶皱全无，👍👍👍👍👍👍。还有售后客服荔枝，服务态度干脆利落，有问题一沟通立马解决，赞赞赞赞！
2019-09-12 10:08:47,颜色分类:天蓝色,烫衣服是不错的，也不重，方便，就是水槽小了点，一罐水烫一件半衬衣
2019-06-20 19:27:01,颜色分类:天蓝色,手持挂烫机小巧轻便，效果不错，可以拆卸的水盒非常实用，618活动购买的价格也很优惠。
2019-06-23 13:50:21,颜色分类:天蓝色,发货迅速，到货很快，质量很好，外观设计很好，用起来很方便。熨烫风衣和衬衫 毛衣很平整，真的太好用了，我从没熨过衣服用起来也很好上手，出的蒸汽还蛮大的，以后再也不怕衣服皱了不好看了，下次再来！
2019-06-04 15:35:12,颜色分类:天蓝色,只能用老好了来形容，出门旅行时看见朋友拿了一个 很方便小巧好用，回来果断买了一个，功率大上热快，实在是太棒了！推荐购买
2019-06-28 23:30:05,颜色分类:天蓝色,这是一款值得购买的产品，可以把水箱拿下来，很方便，然后衣服也烫的很平，感觉是居家旅行必备产品，颜色也很漂亮，看上去很时尚，非一般的造型，使用了挂烫衣服也有了仪式感
2019-10-04 18:09:14,颜色分类:天蓝色,细节和图片不符。储水70毫升！！！
2019-07-06 12:11:47,颜色分类:天蓝色,一分钱一分货，的确比一两百块钱的好用多了
2019-06-19 11:24:45,颜色分类:天蓝色,颜值高且实用的一款手持蒸汽挂烫机，设计精巧，使用轻松方便，很喜欢！
2019-07-09 07:53:21,颜色分类:天蓝色,除了水槽较小其他都很赞👍🏻
2019-09-13 11:14:00,颜色分类:天蓝色,挺好的，不过收到的时候储水槽里有水，应该是退货的
2019-06-09 08:36:38,颜色分类:天蓝色,物流及时，收货完好！兰色的外观好看，喷雾面有质感，小巧不占地方，水箱拆卸也方便，3米电线够了，加热快，一次可烫两件T恤差不多，品牌的放心，会关注
2019-10-05 17:36:07,颜色分类:天蓝色,熨一件衣服都要加幾次水，效果也不行，如果想熨衬衣，不建議購買
2019-06-19 20:08:16,颜色分类:天蓝色,十分满意！小巧又便捷！旅游也方便.
2019-06-20 05:45:00,颜色分类:天蓝色,挺好用的，小巧，颜色漂亮，满足了我的想象！
2019-06-12 20:10:27,颜色分类:天蓝色,好用，真的方便很多！烫的也很平整，真的是小体积大能量！
2019-06-04 23:11:11,颜色分类:天蓝色,帮朋友拍的，据说挺好用
2019-06-05 13:56:34,颜色分类:天蓝色,好用，方便，燙西裝➕一次水就行
2019-06-29 22:32:36,颜色分类:天蓝色,用着非常好，很方便，颜色好看，出水量大，如果水能达到100就更完美了。
2019-06-28 19:33:57,颜色分类:天蓝色,东西很好，做工精致厚重。
2019-06-21 12:36:40,颜色分类:天蓝色,貌美 效果好！小巧  易携带！
2019-06-20 08:43:21,颜色分类:天蓝色,真的太好了，必须推荐。
2019-09-11 13:37:30,颜色分类:天蓝色,冲这牌子买的，但拿到手时发现有点瑕疵，机体有刮痕，还未使用不知道好不好用，用后再评吧&hellip;&hellip;
2019-06-14 21:37:49,颜色分类:天蓝色,很好用啊，喜欢穿衬衫，但是一直都是皱皱的，总算有个小巧又方便使用的，电器小白完全没问题
2019-07-01 21:27:47,颜色分类:天蓝色,妈妈用的挺顺手，说出去旅行的时候也能带上，就是储水量有点小，熨一件要装几回水。
2019-06-20 12:02:53,颜色分类:天蓝色,外观漂亮，使用方便。熨衣效果非常好。如果储水盒再大一点，就更好了。
2019-06-30 23:42:33,颜色分类:天蓝色,给女儿买的，女儿说很好用，外出旅游，也方便于携带。准备给自己也再买一个。
2019-06-15 20:19:03,颜色分类:天蓝色,非常好用，飞利浦品质值得信赖，卖家包装特别走心，无磕碰。轻便，到哪都能带着！
2019-06-18 19:08:45,颜色分类:天蓝色,简直就是完美，让我军装总是那么力挺！穿出来，就是不一样！太赞了！部队每次军容检查肯定过，过过！棒棒的！应该全军应该买这个！真心很赞！高科技就是不一样！
2019-06-05 06:54:53,颜色分类:天蓝色,使用很简单，出水量一般
2019-09-12 09:07:29,颜色分类:天蓝色,好用哦，装满水可以熨2-3件衣服 就是不能调档，不知道真丝和羊毛能不能烫
2019-06-11 15:09:17,颜色分类:天蓝色,挺好用的，蒸汽挺足的。
2019-06-23 13:17:22,颜色分类:天蓝色,褶子能熨开，方便快捷，还可以
2019-06-08 22:08:50,颜色分类:天蓝色,买回来试了一下，挺不错的，下次旅游打算带出去
2019-06-28 22:21:50,颜色分类:天蓝色,试了一下棉质的T恤，效果很好，很容易烫平。试了一下棉质连衣裙，效果则一般&hellip;
2019-06-04 19:28:14,颜色分类:天蓝色,蒸汽充足，小巧玲珑，还能放行李箱！出门旅行再也不用担心衣服皱了！
2019-07-13 02:17:29,颜色分类:天蓝色,水真的太少了   装满水  一件顽固点的衬衣都不够熨  好在方便吧  出门可以带   蒸汽还是挺大的
2019-06-22 10:13:34,颜色分类:天蓝色,很好用，除了储水少一点，没有缺点
2019-06-13 20:35:08,颜色分类:天蓝色,老顾客了 一直都很好 希望这家店一直好下去
2019-06-21 11:56:31,颜色分类:天蓝色,宝贝收到了，非常满意
2019-07-08 09:49:12,颜色分类:天蓝色,没用，应该挺好
2019-06-10 20:35:30,颜色分类:天蓝色,品牌产品，做工和质量确实相当优良。
2019-05-30 12:54:17,颜色分类:天蓝色,宝贝很漂亮！也很好用！就是水箱太小！熨一件衣服得加一次水！别的都挺好的！👌
2019-06-14 18:39:00,颜色分类:天蓝色,非常好的购物体验，之前出差没在家，今天用了，熨的又快又好，推荐推荐
2019-10-06 11:00:39,颜色分类:天蓝色,卖退换货 节操呢？
2019-06-07 17:04:16,颜色分类:天蓝色,这么小巧效果非常好 很意外哦
2019-06-13 13:18:41,颜色分类:天蓝色,真材实料，功能很好，有点重，做工没有想像中细致。
2019-06-26 13:29:19,颜色分类:天蓝色,买给媳妇的以前的太大了，这个用上刚合适
2019-06-20 23:02:39,颜色分类:天蓝色,质量没得说，还没用呢，应该没问题
2019-05-27 16:33:43,颜色分类:天蓝色,给女儿放宿舍用的，虽然水量少，但换水很方便，迷你的，可以放抽屉里
2019-06-15 14:17:38,颜色分类:天蓝色,作为便携式，3米的线确实长了些，应该多几个规格供选择。
2019-06-15 22:55:37,颜色分类:天蓝色,试了一下还可以，以前没有用过这种机子，喜欢这个颜值。
2019-06-20 10:24:12,颜色分类:天蓝色,同事买了一个，我用着好用，我又买了一个，回头给家里再买俩，不错，确实好用
2019-06-04 22:14:08,颜色分类:天蓝色,还没有用，朋友说很方便
2019-06-30 20:30:43,颜色分类:天蓝色,对付夏天的t恤，衬衫很实用
2019-06-06 07:21:49,颜色分类:天蓝色,蒸汽电熨斗特别好用，非常满意对得起这个价格，卖家服务态度也很好，非常满意。
2019-06-06 10:24:22,颜色分类:天蓝色,包装好发货快，试用出蒸汽比较大，手感挺重的，大小大约有小臂长短，水箱一件纯棉质地的衣服不够，如果换做丝质面料的话可能一箱说一件衣服没问题哇，但是好收纳好携带，水箱小可以随时加水
2019-06-24 11:26:21,颜色分类:天蓝色,迷你的，水箱也超级迷你的，哈哈
2019-10-02 11:04:55,颜色分类:天蓝色,此用户没有填写评论!
2019-06-09 00:38:32,颜色分类:天蓝色,还不错，用起来比较方便，不过出门带的话还是麻烦
2019-06-20 01:59:25,颜色分类:天蓝色,很好用，质量很好，但装水量确实比较少。
2019-06-03 21:28:12,颜色分类:天蓝色,加热很快，出气量还不错，很小巧方便
2019-07-05 17:54:43,颜色分类:天蓝色,还没用呢
2019-06-19 14:35:51,颜色分类:天蓝色,手持很方便啦，衣服不多的话非常实用
2019-06-30 14:25:00,颜色分类:天蓝色,非常好用～携带非常当然方便～很喜欢
2019-06-01 19:32:44,颜色分类:天蓝色,很好用，客服cs6很及时很热情的解答各种问题，服务得满分
2019-06-29 20:59:32,颜色分类:天蓝色,孩子喜欢，蒸汽量还挺大的
2019-06-07 22:07:47,颜色分类:天蓝色,好用！值得购买！同时表扬一下客服【CS7】。
2019-06-25 10:21:08,颜色分类:天蓝色,完美！很好用，夏天的裙子有救啦！
2019-06-02 19:09:55,颜色分类:天蓝色,一直想买一个手持挂烫机 终于搞活动毫不犹豫拿下 刚送到马上拆开包装熨烫衣服 唯一水箱太小 一次烫一到两件就要加水 不过轻巧拿着一点都不累 满意
2019-06-25 05:57:09,颜色分类:天蓝色,宝贝很好用
2019-06-26 21:36:38,颜色分类:天蓝色,还没用，用完再来追评
2019-06-25 16:04:02,颜色分类:天蓝色,还没用，用后再来追评
2019-06-21 08:46:08,颜色分类:天蓝色,出蒸汽很快，小巧便携
2019-08-31 22:41:54,颜色分类:天蓝色,蛮好用的，只是水箱总漏水，询问客服，按照客服说的使用还是有漏水状况，问是否可补发水箱，回答是整套出售无法处理，就酱子了
2019-06-25 17:36:59,颜色分类:天蓝色,已使用，还不错！挺方便的
2019-06-21 18:51:33,颜色分类:天蓝色,试用了一下，挺不错的，好用
2019-06-26 11:45:25,颜色分类:天蓝色,用过了，挺好用的，不占地方
2019-06-07 20:38:01,颜色分类:天蓝色,挺实用，方便收纳
2019-06-18 19:22:51,颜色分类:天蓝色,不占地方，很好用
2019-06-04 21:32:02,颜色分类:天蓝色,真的很好用，出的蒸汽也挺大的！一罐水能熨2件衣服
2019-06-09 16:45:57,颜色分类:天蓝色,用下来非常好
2019-06-14 21:09:22,颜色分类:天蓝色,非常方便使用
2019-06-13 15:00:31,颜色分类:天蓝色,未试用，先好评！
2019-10-05 23:30:54,颜色分类:天蓝色,还没使用，用了再来评价吧
2019-05-30 13:15:26,颜色分类:天蓝色,小巧，很好用
2019-06-11 00:59:35,颜色分类:天蓝色,很方便，很秀气
2019-06-18 17:32:12,颜色分类:天蓝色,五分好评
2019-05-30 01:56:56,颜色分类:天蓝色,非常好用
2019-06-24 08:30:54,颜色分类:天蓝色,方便快捷
2019-06-07 16:02:13,颜色分类:天蓝色,简单好用、价格优惠！
2019-06-03 00:03:08,颜色分类:天蓝色,這款新品飞利浦電烫斗比想像大，在家用行，旅行常上裝箱占地方。優惠活動價买。
2019-06-18 10:43:46,颜色分类:天蓝色,买之前看了大家的评价，收到后试用后发现确实如此，优点就是出蒸汽快，蒸汽也足够多，机身分量很足。 缺点就是水箱小了点，熨烫一件衬衫很勉强。对偶尔熨烫下衣服的人倒是无所谓。机身做工还是要加强，这点真的是不符合品牌形象，相信很多人还是因为信任这个品牌才买的。 开箱后箱子里面有头发还有衣服毛毛，机身有水可能是出厂测试原因。至于其他不多说了。我关注这款很久了，最后源于品牌情结我还是购买了，希望越来越好
2019-06-30 19:26:47,颜色分类:天蓝色,特别特别好主要，商家也不容易，做生意主要要态度好，产品过硬才是硬道理。希望越做越好。加油
2019-06-17 06:29:27,颜色分类:天蓝色,还没用，看起来还可以
2019-07-02 16:57:31,颜色分类:天蓝色,一点都不便捷轻巧，非常重，烫一件夏天衣服要灌三次水
2019-05-28 08:58:48,颜色分类:天蓝色,不错，小巧方便
2019-06-30 20:59:19,颜色分类:天蓝色,挺好的，继续努力
2019-06-27 10:43:24,颜色分类:天蓝色,这是我用手持式十年以来最好用的一款，出汽超快，蒸汽足，早上两三分钟时间就能烫好一件衣服，太有效率了
2019-06-19 21:46:44,颜色分类:天蓝色,学的，都说好[得意] 不学的，都说贵[捂脸] 坚持的，都说有进步[奋斗] 不坚持的，都说没效果[撇嘴] 能征服人心的，永远不是价格           &mdash;&mdash;而是品质[爱心][玫瑰][玫瑰]
2019-05-30 13:06:09,颜色分类:天蓝色,很好用，满意～
2019-06-24 10:24:10,颜色分类:天蓝色,挺方便的，不错
2019-06-08 20:01:47,颜色分类:天蓝色,不错，挺好用的
2019-07-09 19:55:43,颜色分类:天蓝色,江苏杭州隔天到，物流很快； 产品呢 能把衣服烫平 其他无感
2019-07-04 10:24:52,颜色分类:天蓝色,还没拆箱子呢，也就是偶尔用，用的时候再打开吧
2019-05-30 17:32:22,颜色分类:天蓝色,目前用起来还可以 。衣服可以熨平 就是注水麻烦一点。厚一些的衣服得老加水。但是宝贝质量看着不错，够分量，电线也很粗，拿起来上档次
2019-09-06 15:44:34,颜色分类:天蓝色,罐上水  试用了  熨衣效果不错，就是挺沉的，增加了旅行箱的重量。
2019-06-13 19:08:57,颜色分类:天蓝色,宝贝收到，物流挺快，使用后再评价
2019-09-14 16:05:12,颜色分类:天蓝色,此用户没有填写评论!
2019-06-23 23:04:28,颜色分类:天蓝色,相信飞利浦的产品
2019-09-05 16:23:20,颜色分类:天蓝色,除皱效果真的很好，就是用完得放到不容易触碰的地方，因为降温很慢容易被烫到，还时不时会发出声音，还挺大挺重的，女孩子会吃力些
2019-10-03 12:07:13,颜色分类:天蓝色,东西有点重，水有点少，其他应该还可以，价格挺便宜
2019-06-10 18:50:59,颜色分类:天蓝色,宝贝很好，快递很给力！
2019-10-02 16:57:22,颜色分类:天蓝色,垃圾一个，客服垃圾！服务态度超级差质量也很差根本不值，看着就很low，不会再买！
2019-05-29 23:35:32,颜色分类:天蓝色,东西总体来说还不错，拖线够长，熨衣服呢就比较费水，熨了一条裙子加了二次水。也没办法毕竟水箱就那么点大，效果还是不错的，熨衣服时一定要搭配送的那副手套一起使用，或者一个手要把熨的衣服拉直，这样才能烫的比较快一点。
2019-09-01 09:13:43,颜色分类:天蓝色,水箱太小，一件衣服熨不完水就没有了，也没有提示，需要随时看着，反正一般吧，没有说的那么好
2019-10-02 23:38:26,颜色分类:天蓝色,东西没有我想的那么好，第一次使用还不错。
2019-05-28 18:37:51,颜色分类:天蓝色,收到货后迫不及待的尝试了一下，效果非常好用，家里有一个飞利浦的电熨斗，就是每次得用熨烫板有点麻烦，这个规避了这种麻烦，直接把衣服挂起来就可以熨。效果非常好。
2019-10-03 20:29:17,颜色分类:天蓝色,水量太小了，感觉稍微有一点效果
2019-06-20 17:53:17,颜色分类:天蓝色,刚拿到就用了，装满水熨烫了两件夏装，很方便，主要是蒸汽足，很快烫好了，感觉也是水箱有点小，不过不影响烫衣服的。很满意哦！
2019-06-10 09:45:11,颜色分类:天蓝色,产品还是不错的，就算水箱太小了需要频繁充水，希望以后能改进
2019-05-19 20:43:19,颜色分类:天蓝色,非常漂亮的汽烫机，用起方便也好收纳，绉绉巴巴衣服一哈就搞定，唯一就觉得水箱有点小，总体不错，推荐
2019-09-07 10:01:57,颜色分类:天蓝色,此用户没有填写评论!
2019-06-22 17:05:14,颜色分类:天蓝色,还没用，不过看陈潇推荐买的，应该不会差
2019-10-02 15:01:47,颜色分类:天蓝色,还不错，有点重
2019-05-28 15:49:09,颜色分类:天蓝色,总体不错 就是水比较少 很快又要加水
2019-06-06 15:16:56,颜色分类:天蓝色,刚收到，挺好看的，比朋友用的小米的要好看，当然价格也要比他的贵，还可以，用之后再来追评
2019-09-05 14:49:08,颜色分类:天蓝色,还是很相信飞利浦的品牌的，这一次买了手持挂烫机和除螨仪，感觉用着很方便，傻瓜式操作，很容易上手，除螨仪出现了一点小问题卖家都解决了，就这样吧唧吧唧
2019-05-18 19:25:15,颜色分类:天蓝色,一直在用飞利浦的小家电，这次的熨斗也买了它家的，轻便实用，很好
2019-05-18 11:30:44,颜色分类:天蓝色,预定的手持蒸汽机终于到手了，外观颜色很漂亮。家里大大小小有三个飞利浦熨斗😊
2019-09-22 11:19:48,颜色分类:天蓝色,价格按说不低，连一个袋子都没有，同等价格购买其他商家都有袋子，不建议大家继续购买，服务很差。
2019-05-16 22:21:48,颜色分类:天蓝色,很小巧，特别好用，还很好收藏，是家居首选，相信飞利浦
2019-05-16 20:06:41,颜色分类:天蓝色,不错不错，好小巧的设计，外观也好看，方便使用、存放和旅行携带方便。赠品毛刷、防烫手套也不错。
2019-06-21 09:25:11,颜色分类:天蓝色,买飞利浦小家电是多年来对品质的信任，此款蒸汽熨烫刷总的还好。担工艺材质还有待要提高
2019-05-26 10:29:51,颜色分类:天蓝色,很好的，除了大点重点！
2019-05-21 22:03:39,颜色分类:天蓝色,手持便携性强，使用方便。不过每件衣服需要加一次水。
2019-05-19 10:51:02,颜色分类:天蓝色,非常漂亮，手感极佳，试了试真的很快就出雾大概40秒左右，出雾量还很大，明天下班回家找几件衣服烫一下看看，所以明天再来追评烫衣效果！
2019-06-28 09:12:44,颜色分类:天蓝色,用了之后才评价：熨烫衣服平整还挺上手好用👍美中不足滴就是装水地方太小，要是烫大件得老是灌水有待改进&hellip;出差旅游拿着方便再也不怕洗完衣服皱喽～挑选好多家最终没失望🤷快递也挺给力～快
2019-05-19 23:45:55,颜色分类:天蓝色,淡蓝色很好看，熨烫效果不错，好评！
2019-06-09 19:30:13,颜色分类:天蓝色,买一个准备带出国用  国外没有这种便携式挂烫式的  不烫厚的大衣还是挂烫比较合适
2019-05-16 12:26:59,颜色分类:天蓝色,出差旅行很方便，家用也很合适。
2019-06-25 15:12:50,颜色分类:天蓝色,有了这个挂烫机以后衣服都熨一下就不会皱巴巴的了，不过就是水容量有点小，基本熨一件上衣水就没了，熨裙子的话就要至少加两次水，好在加了水等个几秒就马上又可以熨了还可以哦
2019-09-20 15:43:32,颜色分类:天蓝色,东西有问题，使用效果不好，客服各种理由不给退货。
2019-08-31 17:10:32,颜色分类:天蓝色,作为一直大小家电都信任飞利浦的老顾客来说，这是一次非常差劲的购物体验，严格按照说明书操作，挂烫机在喷蒸汽之后出现滴水现象，衣服上地上都是，联系客服居然不能退也不给换，熨烫效果也特别一般，小细纹可以，较大的褶皱没什么效果。对产品和售后都很失望！！！
2019-06-19 19:09:17,颜色分类:天蓝色,还没用呢
2019-05-29 19:16:46,颜色分类:天蓝色,稍微也算有点重量的，时间长了会累，装一次水2-3件衣服，用起来很方便，出游也可以带着了
2019-05-21 16:52:14,颜色分类:天蓝色,还挺好用
2019-05-20 16:40:58,颜色分类:天蓝色,挂烫机颜值很高，是我喜欢的蓝色，熨烫效果很不错，另外客服cs21服务也很热情周到，点个赞。
2019-05-19 21:55:18,颜色分类:天蓝色,很快就收到货了，很喜欢。小巧精致，很漂亮，方便携带使用。
2019-06-19 19:37:48,颜色分类:天蓝色,好好用，很方便，就是加一次水熨的时间不太长
2019-05-22 15:29:47,颜色分类:天蓝色,试了一下，还不错，小巧很好用，价格实惠
2019-05-18 14:52:10,颜色分类:天蓝色,这种挂烫机特别方便，家用不占地方，效果很棒
2019-09-22 19:41:49,颜色分类:天蓝色,一般般，没有达到预期的效果
2019-09-12 21:45:31,颜色分类:天蓝色,效果蛮好的，就是水箱太小了，有时候一件衣服都烫不完就没水了
2019-09-10 17:11:48,颜色分类:天蓝色,此用户没有填写评论!
2019-09-14 10:18:15,颜色分类:天蓝色,建议大家不要买，功率非常低，不好用，都没有气，熨一件衣服，半天熨不平，我收到的时候，里面还有水，感觉像是二次使用给我！第一次在淘宝买东西差评！不给退，认栽，扔了不要了！但是还是想提醒一下大家！
2019-06-18 13:52:38,颜色分类:天蓝色,一次加的水够一件衣服，挺方便，就是有点重
2019-05-20 12:18:16,颜色分类:天蓝色,使用过还挺方便。 看程潇推荐才买的，麻烦贵店把合作方姓名打对，谢谢&hellip;&hellip;
2019-05-17 21:51:31,颜色分类:天蓝色,Cs15客服热情周到，本来就喜欢飞利蒲产品的我。受益匪浅。谢谢合作
2019-05-24 08:19:57,颜色分类:天蓝色,一次可以烫两件很好用
2019-05-23 08:26:54,颜色分类:天蓝色,好用，比我以前买的大的挂烫机还好用，又不占地方，满意
2019-05-24 09:09:54,颜色分类:天蓝色,方便好用，特别表扬下，售后cs21
2019-05-24 21:09:38,颜色分类:天蓝色,很好用！预订价到手的非常划算
2019-05-19 10:20:05,颜色分类:天蓝色,试了一下还可以，小巧好收纳
2019-08-06 21:19:07,颜色分类:天蓝色,今天晚上我老婆试了一下，用了还可以，只是里面水不多，五分钟就没了，介绍几个朋友买
2019-08-16 22:50:12,颜色分类:天蓝色,注满水熨了两个衬衣，水都还剩下点！具体时间没看，还是挺快的，预热也快！满意！就是有点大有点沉，一次熨久了胳膊酸&hellip;
2019-05-18 16:04:33,颜色分类:天蓝色,方便好用，线够长，加一次水熨烫一件衣服，收纳挺方便，
2019-05-20 09:35:15,颜色分类:天蓝色,蛮好的，使用也不错。
2019-05-19 20:42:05,颜色分类:天蓝色,试了一下，很好用
2019-09-02 23:29:42,颜色分类:天蓝色,拿老公的衣服来试
2019-05-19 11:27:11,颜色分类:天蓝色,客服cs21的服务让我觉得非常满意
2019-05-20 16:54:36,颜色分类:天蓝色,很好很方便
2019-09-24 10:54:19,颜色分类:天蓝色,装水的小了点
2019-05-18 17:05:17,颜色分类:天蓝色,实用，很好用，性价比高
2019-09-11 13:11:17,颜色分类:天蓝色,不错，就是水量太小，熨烫一件衣服就没水了。
2019-05-24 13:09:05,颜色分类:天蓝色,质量好，客服比较实事求是，值得购买。
2019-08-22 18:11:06,颜色分类:天蓝色,总体不错，但是有点小瑕疵，店家积极解决了，但总感觉自己买的不是精品
2019-09-06 17:30:07,颜色分类:天蓝色,此用户没有填写评论!
2019-05-19 12:12:00,颜色分类:天蓝色,飞利浦的小家电值得信赖，收到立马用了。熨烫衣物很快。立马甩原来买的杂牌几条街。
2019-08-14 20:43:10,颜色分类:天蓝色,产品质量不错，就是感觉气流不是很大，客服36号服务耐心，态度好
2019-05-24 06:00:22,颜色分类:天蓝色,还不错，到货就用了一次，没什么问题，价格能接受
2019-09-10 10:26:30,颜色分类:天蓝色,还没用了不知道怎么样
2019-09-03 08:19:36,颜色分类:天蓝色,蒸汽还是蛮大的就是水箱小了一点，加水也方便，一次烫一件衣服
2019-06-22 17:02:44,颜色分类:天蓝色,此用户没有填写评论!
2019-08-09 07:16:16,颜色分类:天蓝色,此用户没有填写评论!
2019-09-15 20:18:34,颜色分类:天蓝色,做工不是太好，买贵了
2019-05-17 22:56:31,颜色分类:天蓝色,收到货啦，给老妈用，嘿嘿嘿，其实是让老妈帮我烫衣服！
2019-09-05 13:12:52,颜色分类:天蓝色,千万别买，发来就是有黑点，水箱小的可怜，一件衣服最起码要罐3次水，不是一般的费劲，要求退货说是用过不能退，最后悔的一次购物
2019-08-11 12:53:22,颜色分类:天蓝色,我还没用 一打开把手有些脏 本来想退 但是觉得麻烦 不过仔细看 那里的材质就是容易脏 希望好用就行了 飞利浦还是很好的
2019-05-20 01:53:54,颜色分类:天蓝色,一次熨一件 比想象中的重一些 要是有隔热包就好了
2019-08-20 19:37:14,颜色分类:天蓝色,好好用  蒸汽大  尽管水箱小  但是不大水箱的差  真的很好用
2019-07-27 14:02:29,颜色分类:天蓝色,宝贝看起来不错，耐不耐用待观察。物流给力。只是店家有欺诈之嫌。说好的开团返50，中间很多套路，就是不给你。家里如果没矿，心脏不强大的，慎拍!
2019-08-31 12:09:03,颜色分类:天蓝色,就是水箱很小，只能熨一件
2019-06-02 21:37:47,颜色分类:天蓝色,还挺好用的，就是储水盒有些小。
2019-08-22 13:09:03,颜色分类:天蓝色,储水箱太小，只能装70毫升水，熨烫一件衣服要不停的加水，因为水量不够多，蒸汽就没有了。此产品一经试用，不能退货。
2019-08-30 16:08:45,颜色分类:天蓝色,有些沉拿一会儿会很累，可能喷气不太均匀熨完之后会湿一片
2019-09-04 14:23:10,颜色分类:天蓝色,放水盒偏小，一次只能烫一件衣服
2019-07-30 00:01:57,颜色分类:天蓝色,熨斗比想象的大，好在夏天出门熨烫还可以，水位总感觉用一半就吸不住水了！而且一会就要一添水，虽然比较好添水，但还是有点麻烦，蒸汽不大，不是特别理想
2019-06-17 18:26:40,颜色分类:天蓝色,此用户没有填写评论!
2019-07-27 20:23:39,颜色分类:天蓝色,不是说先买了部分折扣钱可以退回的吗，现都沒有
2019-08-18 22:42:50,颜色分类:天蓝色,面板不是不锈钢，想退货，商家各种理由，转了好几个客服，让给退货地址几天不发，算了还是留下用吧！蒸汽太慢。
2019-09-03 15:58:19,颜色分类:天蓝色,包装有点糙啊，运过来箱子都烂了。
2019-09-03 22:45:13,颜色分类:天蓝色,没有挂机好用，注一次水烫不了一件衣服要不停的注水容器太小了
2019-08-31 02:11:53,颜色分类:天蓝色,优惠价格拍下，说到货了，就退差价，现在也没收到，问话也没人回复。差评
2019-09-03 13:33:05,颜色分类:天蓝色,一般 不太好用 烫一件都不行
2019-09-04 07:29:54,颜色分类:天蓝色,还可以，就是价格小贵
2019-09-02 15:51:38,颜色分类:天蓝色,不好用、随时换水，不方便，出雾停顿
2019-07-24 20:08:55,颜色分类:天蓝色,不错，就是水箱太小，顶多两件衬衣。方便是很方便呢。
2019-08-26 11:07:43,颜色分类:天蓝色,还没使用，后续再评论
2019-07-24 20:33:57,颜色分类:天蓝色,这款小熨斗功率强，烫的衣服很平整也不占家中地方，客服态度超级好快递也给力昨天定今天就到家能用了，这么多年还是相信飞利浦这牌子。
2019-08-19 10:26:40,颜色分类:天蓝色,信任大品牌的，到货就试用了下挺好的，就是宝贝有点脏，一看就不是全新的，不开心不开心不开心不开心不开心不开心不开心不开心不开心不开心不开心不开心不开心不开心，换货太麻烦了将就着用吧
2019-08-21 16:38:27,颜色分类:天蓝色,还好，挺方便的，就是厚料衣服熨烫效果一般
2019-08-12 23:44:49,颜色分类:天蓝色,说好咨询客服减三十 最后变成18.22 非常不诚信
2019-08-05 17:05:37,颜色分类:天蓝色,好重的，质量还可以，就是老要加水
2019-08-05 15:17:54,颜色分类:天蓝色,质量可以，就是水箱太小了
2019-07-13 13:41:19,颜色分类:天蓝色,方便好用！唯一的缺点是水箱太小，不过优点是轻便，两者不可兼得
2019-08-11 15:43:42,颜色分类:天蓝色,还不错，盛水量有些少。
2019-08-17 23:43:46,颜色分类:天蓝色,好用就是水箱小了
2019-08-11 17:51:24,颜色分类:天蓝色,加水量太少外无其它问题
2019-07-15 19:12:31,颜色分类:天蓝色,100快的和400块的真的不一样。建议大家直接买个不错的，用起来舒心又能用的久。
2019-07-16 20:14:39,颜色分类:天蓝色,轻便，小巧，一次处理一两件薄衣服没有问题。CS13帮忙处理优惠，夸一下。
2019-08-18 16:50:19,颜色分类:天蓝色,还没试，习惯性好评
2019-06-06 12:59:24,颜色分类:天蓝色,此用户没有填写评论!
2019-07-23 21:46:39,颜色分类:天蓝色,今天头一次试用，跟描述不符。从来都没有遇到过这样的商家，简直是欺骗消费者。烫一件裙子加水4次，喷雾也是若大若小。要慎重购买。
2019-08-03 09:50:56,颜色分类:天蓝色,这个真的不推荐买，用下来体验很不好，烫衣服的效果40分吧，满分100
2019-07-31 21:46:02,颜色分类:天蓝色,东西不错，但是水箱设计弱爆了，很容易滑脱
2019-07-21 16:09:52,颜色分类:天蓝色,试了，水箱只够烫一件衣服。觉得产品有待改进
2019-07-07 20:04:09,颜色分类:天蓝色,收到的时候发现水箱里有水，当时有怀疑是别人的退货。使用后发现使用正常，所以还是如实好评吧。
2019-07-21 18:27:40,颜色分类:天蓝色,收到后试用了一下，后悔没早点买。
2019-06-04 20:28:42,颜色分类:天蓝色,此用户没有填写评论!
2019-06-23 13:17:06,颜色分类:天蓝色,适合这种折痕不明显的衣服，因为夏天有几件衬衫，穿了容易皱！东西还是有点重，认真熨一件衣服差不多！
2019-06-23 21:01:13,颜色分类:天蓝色,不算重，线长，送的防烫手套有用，面板顺滑，加热快，蒸汽量大，唯一的问题是水箱确实小，而且有点扣不紧，觉得有时候拿着拿着水箱往下滑开了&hellip;不过真的很值得买，随手就把一两件衣服烫了，方便。价格小贵。
2019-07-31 13:21:12,颜色分类:天蓝色,质量不行，服务太差劲了，要退货一直不给发退货地址，第一次遇到这样的事，自认倒霉
2019-06-24 14:37:54,颜色分类:天蓝色,试了试，使用方便，且挂着熨烫也很平整，喜欢。
2019-06-16 22:00:31,颜色分类:天蓝色,使用以后对比以前用的挂烫式有几点体验给大家参考： 优点：便携，没有水箱家里不占地方 ；缺点：1、储水器太小，一件男士长袖衬衣，至少加一次水才能熨完，之前看的评价那些一次熨2-3件的很想知道是怎么做到的 2、蒸汽口要按住一个按钮才会出气，一直按住才能熨衣服，不是很方便；3、手持部分比一般的挂烫式重，多熨几件衣服，手酸。综上所述，真的只适合旅行便携，家用真心不推荐
2019-07-23 23:48:46,颜色分类:天蓝色,水箱有点小最多烫一件衣服就要加水了
2019-07-25 19:13:34,颜色分类:天蓝色,刚收到货还没使用，用后再评
2019-07-09 20:51:47,颜色分类:天蓝色,缺点装水的容器太小，烫不了太大的衣服就要补加水，其他方面都不错
2019-08-04 22:41:33,颜色分类:天蓝色,物流快，东西好。
2019-06-29 09:40:28,颜色分类:天蓝色,装一次水熨一件衣服还是可以，主要看中它不占地方，多加几次水没关系的
2019-06-13 18:01:44,颜色分类:天蓝色,一般般吧，只好熨薄一点的夏衣，加一次水一件薄衣还没熨好，又要加水，效果不咋地，客服态度也就那样．
2019-07-02 23:08:00,颜色分类:天蓝色,还不错，就是水箱太小了，一件衣服有时候还没熨完，水就没了。
2019-06-04 16:42:58,颜色分类:天蓝色,收货试了一下，挺方便，电线也挺长，比立式好用，不受拘束，就是水箱mini了点，但是也能熨两件上衣，为了出门旅游买的，这下出门带衣服，不用考虑衣服面料了。刚收到货，熨烫头边上有一个小颗粒，熨真丝衣服勾丝，但是我用磨指甲片自己把小颗粒磨平了，省了退换货了，用的来说，整体机器不错。
2019-06-25 13:38:47,颜色分类:天蓝色,储水箱太小了，认真烫一件衬衫就没有水了，不知道有没有大点的水箱卖。
2019-07-09 19:06:23,颜色分类:天蓝色,价格变化太大，才收到货，就差了好几十
2019-06-22 17:58:49,颜色分类:天蓝色,质量不错 水箱小点
2019-06-09 13:31:55,颜色分类:天蓝色,首先要说箱子真是巨大个，打开箱子跟大家说的一样，包装是被拆过的，水箱也不出所料的里面装过水，看在价格的份儿上，我试用了一下，还不错蒸汽大，主要也是奔着蒸汽买的，效果很好，如果会烫衣服的应该能烫两件短袖，我就技术不太行，烫了一件就没什么水了。还有就是挺重的，夏天托运还行，登机箱或者说冬天出门的话还是muji的小巧便携。
2019-07-07 09:10:21,颜色分类:天蓝色,试用两次，还不错，就是手持有些重
2019-06-22 10:51:23,颜色分类:天蓝色,都是同一个品牌 说明书也有使用方法，说明书都有 为什么实物没有？？
2019-06-18 16:43:12,颜色分类:天蓝色,试用了一下，争取出的不是太均匀。
2019-06-12 16:47:50,颜色分类:天蓝色,机器太重，放满水会漏水，一次的水量不够烫挺一件衣服，估计是贴牌货。退货寄货麻烦，勉强收了。
2019-07-03 14:47:08,颜色分类:天蓝色,好用 不占地方 就是水箱太小了
2019-06-04 08:07:07,颜色分类:天蓝色,应该还不错吧，毕竟大牌子，质量应该信赖的，只是那个按钮需要一直按到才会出蒸汽，这点感觉很不方便，装水那个小盒子塑料感太强了，总体感觉一般，比较小巧，出差旅行携带方便
2019-06-28 17:23:05,颜色分类:天蓝色,此用户没有填写评论!
2019-05-26 09:50:40,颜色分类:天蓝色,这么多年淘宝，第一次碰到大公司根本解释不清自己的预售活动的，页面上和实际的前后矛盾。预售新品的活动和近期的也完全没区别，希望以后别这么草率了。会参加新品预售的肯定都是忠诚度很高的顾客，但说是399的成交价最后我付了549，问客服也回复的不清不楚，十分慢，为品牌减分了。快淘宝十年了，第一次给差评。
2019-07-01 16:54:07,颜色分类:天蓝色,熨烫效果不怎样，水箱太小。
2019-06-28 12:34:36,颜色分类:天蓝色,比起连架子的款比较不占地方，就是装水的盒子很小，平均装一次水能烫两三件衣服，因为就是偶尔烫一下衣服还是挺方便的
2019-06-11 13:05:06,颜色分类:天蓝色,实物有点沉的，不适合旅行带，收到的货喷气口有瑕疵，擦不掉，希望质检可以做的好一些，有点失望
2019-07-12 09:34:42,颜色分类:天蓝色,此用户没有填写评论!
2019-06-17 20:01:07,颜色分类:天蓝色,收到开箱试用了一下，只是为了看看有没有什么问题。失望与飞利浦的做工怎么沦落到这种作坊级别了，品控堪忧。与其这个价格真不如买其他国产牌子了。
2019-06-30 22:29:04,颜色分类:天蓝色,很不好用，鸡肋。别买
2019-06-29 22:37:18,颜色分类:天蓝色,还可以 就是水容纳量有点少 多烫几件衣服需要不停装水
2019-05-31 12:49:24,颜色分类:天蓝色,首先颜是可以的. 配色很好看. 做工在细节上有待加强 . 刚开始用的时候不喷雾. 用了2.3次后好像还可以. 只是有时雾一会大一会小. 有点小问题吧. 价格上有点小贵. 水箱容量小了些.
2019-06-25 00:10:07,颜色分类:天蓝色,东西还行 买来水箱里面有水珠 客服说是漏水检测 应该是新的
2019-06-17 17:00:20,颜色分类:天蓝色,好用，就是水壶有点小，一件衣服熨不完就要添水，总的体验还不错。
2019-06-11 11:56:13,颜色分类:天蓝色,东西收到，出差没看，好了追评。
2019-06-09 18:20:34,颜色分类:天蓝色,胜在小巧好收纳，熨烫效果一般，水箱也过于小了。
2019-06-20 13:36:44,颜色分类:天蓝色,挺好的。还没用，不知道用起来烫不烫手
2019-06-18 18:28:59,颜色分类:天蓝色,还不错  不过好像是用过的 存水处有水雾 机器也有点脏脏的
2019-06-08 07:29:07,颜色分类:天蓝色,由于我用了一次不可以退货了，只得收下。 对于东西我不是很满意，感觉功率不大？也没有评论里说的加一次水可以烫两三件衣服这样&hellip; 已经挂咸鱼出，有意者可私。
2019-06-03 23:03:42,颜色分类:天蓝色,再也不用担心穿皱巴巴的衣服了！
2019-08-25 15:51:30,颜色分类:天蓝色,颜值很高，用着方便，出雾也算细的，好评
2019-06-08 22:16:12,颜色分类:天蓝色,产品：做工很次，接合处很大的缝隙；水盒特别小，一件衣服至少要加两次水，特别皱的衣服熨不平整。 客服：根本是摆设，第一次碰见服务这么差的旗舰店，差价迟迟不退，发了三次消息询问差价才回复。
2019-06-17 20:17:27,颜色分类:天蓝色,拿二手货来蒙骗买家！可以说是非常垃圾了！买了的赶紧退，没买的也别买了！就当花300块钱送你们个差评，让大家看看你们的垃圾售后和你们所谓的品牌效应！联系客服要求换货，居然让买家自己去你们提供的平台验货，我就呵呵了，自己证明自己是清白之身，飞利浦你可真够机智的。最后说一句，明天准备去你们大连路的总部验验货！
2019-06-05 20:26:25,颜色分类:天蓝色,特别重啊，比挂烫机的头还重，这个要是旅行带出去，太压沉了。一点不轻便
2019-06-07 23:39:50,颜色分类:天蓝色,使用中，但好像使用中有一点点的漏水，期待不会出现大问题，缺点就是水箱小了一点
2019-06-15 20:04:22,颜色分类:天蓝色,欺骗消费者，说了收到货后，返一百块钱，结果又不退了，这不是欺骗消费者吗？
2019-06-01 15:14:52,颜色分类:天蓝色,外观不错，但水箱容量太小，勉强熨一件衣服，而且熨烫效果很一般，没有达到心理预期，失望😞
2019-06-13 12:13:56,颜色分类:天蓝色,收到，就是冲着程潇买的&hellip;
2019-06-24 14:08:55,颜色分类:天蓝色,个人感觉比较重，蒸气足，衣服比较容易烫平
2019-06-20 08:47:27,颜色分类:天蓝色,还行，还没开始用，用了再说
2019-06-22 07:30:20,颜色分类:天蓝色,鸡肋一样的东西，烫一件衣服要加几次水
2019-06-07 17:34:02,颜色分类:天蓝色,出蒸汽很快。唯一的缺点就是小水箱实在太小了。一件衣服一箱水还得衣服没那么皱😂
2019-06-20 19:03:03,颜色分类:天蓝色,感觉那在手上有点重和大。还没使用
2019-06-29 00:33:54,颜色分类:天蓝色,太重了直接退回去了&hellip;&hellip;
2019-06-20 11:51:18,颜色分类:天蓝色,客服根本不理人 也不解决问题 电话也打不通
2019-06-29 10:28:27,颜色分类:天蓝色,一般般，效果不咋样
2019-06-21 17:51:52,颜色分类:天蓝色,就是没有看到说明书中第7个配件
2019-06-17 23:52:44,颜色分类:天蓝色,难用死了，不诚信的商家，骗子
2019-06-26 22:21:03,颜色分类:天蓝色,罐一次水一件衣服也烫不了，心塞
2019-06-24 16:17:44,颜色分类:天蓝色,水箱太小了，一件衬衣熨不完就要加水
2019-06-27 08:41:44,颜色分类:天蓝色,就是一次水装的太少，用的时间太短
2019-05-16 12:12:12,颜色分类:天蓝色,此用户没有填写评论!
2019-06-18 16:15:00,颜色分类:天蓝色,六一买的反而贵了几十块钱
2019-06-28 16:10:42,颜色分类:天蓝色,储水少了一点，其他还好
2019-06-20 14:19:30,颜色分类:天蓝色,感觉力不够大
2019-06-11 16:12:37,颜色分类:天蓝色,此用户没有填写评论!
2019-06-18 16:34:24,颜色分类:天蓝色,一次只能熨一件衣服
2019-05-25 17:10:09,颜色分类:天蓝色,做工真的是太粗糙了，缝隙很大，也有点重。对不起这个价格，主要是懒得换了
2019-06-29 00:45:22,颜色分类:天蓝色,还没用，习惯好评！
2019-06-01 12:16:08,颜色分类:天蓝色,此用户没有填写评论!
2019-05-25 19:03:11,颜色分类:天蓝色,用了一次还不错，比想象中的大一些，但是熨烫效果挺明显的。
2019-05-26 19:31:42,颜色分类:天蓝色,试用了下，还可以吧。比较轻
2019-05-31 17:34:26,颜色分类:天蓝色,预付定金50，后来付了尾款总共599下，说收到货退差价只要399，结果一直没退差价，加之无耻之徒
2019-06-05 21:48:52,颜色分类:天蓝色,我觉得不值这个钱要不是看在大牌子 我就换别的了 我觉得真的一般 但是我实在懒得退货了 en**mm真的没介绍的那么好 谨慎购买
2019-05-25 19:40:40,颜色分类:天蓝色,确实蓄水箱太迷你，熨了两件T恤就没水了
2019-05-27 10:59:38,颜色分类:天蓝色,水箱太小了，1件夏天衣服都烫不完，其余还好
2019-05-25 11:49:19,颜色分类:天蓝色,每次一至二件衣服。好处是不漏滴水
2019-05-26 18:31:54,颜色分类:天蓝色,后悔没有早些买，赞赞赞赞赞赞赞
2019-05-22 21:49:19,颜色分类:天蓝色,这个价格这个质量还是不错的。。。客服也很好说话。。。使用很便捷，线很长。。。熨烫把手跟小手臂差不多大及长度，就是灌水多了。。。一开始滴了热水到腿上，有点烫，建议设置好灌水口以及最高水量
2019-05-19 12:30:30,颜色分类:天蓝色,预售价格和后来的活动价是一模一样的 不知道自己 又是定金又是尾款的 还有用券和反钱的意义何在 大公司不要搞一些前后矛盾的活动
2019-05-20 23:29:44,颜色分类:天蓝色,感觉我这个有问题，明明说加热时亮灯，加热完成灯灭。当我用完加水后，加热时灯就不亮了？然后使用途中灯突然又会亮，然后又会熄灭掉，用着用着又会亮，又灭，就是很奇怪，找客服就说没遇见过这种，让我打电话售后找人来修？？说啥确定是机器原因才可以换，觉得很烦，又懒得退。
2019-05-24 16:51:05,颜色分类:天蓝色,东西不错，实物比图片看上去要大很多，用起来也不怎么费劲，够烫，线缆长度绝对够用了3米多。就是水容量还是有一点点小
2019-05-27 22:54:35,颜色分类:天蓝色,一般好用 装水的太小了 烫完一件短袖就要加水了
2019-05-30 22:05:56,颜色分类:天蓝色,还好。用了一下次，是正品。
2019-05-24 21:21:11,颜色分类:天蓝色,宝贝挺好，就是水箱有点小，一件衣服加一次水。关键不占地方哈！
2019-06-05 00:13:29,颜色分类:天蓝色,挺好看的，蒸汽挺快，就是水箱有点小。使用还是可以的。
2019-05-21 10:44:20,颜色分类:天蓝色,为了不占地方才买的，塑料部位做工粗糙，手持有点沉。熨薄点的衣服还可以，厚衣服不行，性价比一般
2019-06-04 18:10:00,颜色分类:天蓝色,做工细节不好 缝隙太大
2019-05-29 13:46:26,颜色分类:天蓝色,效果差，蒸汽时有时无。客服也不回话。后悔购买
2019-05-18 22:11:52,颜色分类:天蓝色,还是很喜欢飞利浦这个牌子的，但16号晚上付款的，18号就又降价30了，联系客服补差价，客服也不肯，那你们的差价险买的是干嘛的？店大欺客吗？我说那我不要了退货可以吗？客服发了一顿，表示试用了就不能退了！买了东西不试我怎么知道东西好不好！都怪自己先确认了！自己认栽！
2019-05-16 21:04:19,颜色分类:天蓝色,试了下还不错 有点重 一件衣服加次水
2019-06-05 16:32:37,颜色分类:天蓝色,好用，就是装水的空间小点。
2019-06-01 01:53:32,颜色分类:天蓝色,还没用，应该还行吧
2019-06-05 11:38:31,颜色分类:天蓝色,不太好用，水箱太小
2019-05-21 19:40:45,颜色分类:天蓝色,挂烫机有瑕疵，客服回复慢，解决不了问题。。。
2019-05-22 00:29:12,颜色分类:天蓝色,说明书上说有收纳的耐热袋，结果我的包裹里却没有这个收纳袋。
2019-05-19 08:34:22,颜色分类:天蓝色,产品收到不出蒸汽，折腾一下午看说明和按客服指引测试，还是不出。要求退货，告诉我只能按7天无理由退货，否则要拿着产品去找当地飞利浦公司检测，拿到检测报告才能按质量问题退。不想折腾，但是，如果不折腾，连7天都不能退，原因是我已经用过了，无语凝噎😓！算了，就当399元丢了吧。
2019-05-19 21:35:33,颜色分类:天蓝色,水容量小一件衣服都没烫好就要换。不过方便收纳
2019-05-17 21:16:09,颜色分类:天蓝色,机器比想象中的重，蒸汽出得很快，但感觉储水盒小了，一盒水用不了多久！
2019-05-18 15:11:27,颜色分类:天蓝色,造工粗糙、不细致、不够贴合，优惠后也不值这价钱，功率大但储水量少一件短袖衫都熨不完就没水，完美主义者慎入。
2019-05-19 07:31:25,颜色分类:天蓝色,骗子一群骗子付第二次尾款的时候竟然第一次付的50元定金不给扣除了。都是套路。东西又不好一件衣服加一次水。如果厚一点的衣服一次水还不够。这50元订金你们骗去就发财了是吧？
2019-05-20 22:55:51,颜色分类:天蓝色,宝贝不错，就是水箱小，只能熨烫一件衣服，颜色也很喜欢
2019-05-20 18:50:39,颜色分类:天蓝色,挺好看的，有点重，熨烫效果一般，外出携带方便
2019-05-20 00:24:49,颜色分类:天蓝色,出蒸汽不太稳定？
2019-05-21 20:15:01,颜色分类:天蓝色,发现没有这家划算 同样的价格还送除毛机 官方店太小气了 勉强五星吧
2019-05-20 10:11:57,颜色分类:天蓝色,399买的一点都不值。 不是钱的问题这么随随便便发东西不注重细节 新款像个使用过的 。 联系客服推来推去我说给我发新的，客服说只能7天无理由退货。 还不能换。 浪费时间浪费感情。 买的最不愉快的一次！
2019-05-20 13:35:30,颜色分类:天蓝色,比价格100多的杂牌子好太多 电器还是得用大牌子
2019-05-22 15:13:12,颜色分类:天蓝色,不算迷你，水箱有点小，烫不到一件衬衣就得加水。有点贵了了！
2019-05-18 21:50:06,颜色分类:天蓝色,新机 里面有水到处都是脏的 客服回复出厂试用 你这个回答也太搞笑了吧
2019-05-19 08:46:14,颜色分类:天蓝色,还行，感觉也不算太迷你。
2019-05-22 10:59:59,颜色分类:天蓝色,愉快的一次
2019-05-19 22:22:16,颜色分类:天蓝色,不错，就是要频繁的加水，好累
2019-05-23 16:32:27,颜色分类:天蓝色,此用户没有填写评论!
2019-07-08 16:02:22,颜色分类:天蓝色,粉色那款也买过，蓝色这款比粉色款重量沉，其它没差别，比差旅行必备
2019-06-27 20:31:56,颜色分类:天蓝色,手持烫衣确实方便，尺寸不大也方便携带。但是水箱的容量好小，烫一件上衣就得去加一次水，介意的慎拍。
2019-10-13 01:03:35,颜色分类:天蓝色,熨烫效果是有的，但是和普通熨斗还是有很大差距。衬衫边角很难熨烫，西装外套或者厚重的大衣就更困难。水槽容量太小，烫一件衬衫要加两次水，烫外套就更费劲。水量这么小，机器还这么重，确实有些说不过去，我个人认为并不便携，定位略尴尬。而且产品做工相较于售价，我认为未达到我对于飞利浦品牌的期望。母亲本打算让我退货，但是出差着急要用，先将就继续用吧。熨了总比没熨好。
2019-10-11 08:26:39,颜色分类:天蓝色,还可以，蒸汽挺大，很烫，用的时候需注意烫伤。还不大习惯，所以熨烫效果一般。给我发来的产品，有表面有点磨损。
2019-10-12 13:36:56,颜色分类:天蓝色,就是水汽消耗快，其他熨烫衣服效果还可以的
2019-10-12 17:43:46,颜色分类:天蓝色,还没用，价格美丽，入手不亏
2019-10-12 10:48:41,颜色分类:天蓝色,好，好，好！
2019-10-12 16:34:24,颜色分类:天蓝色,还没开封，先好评，用了再追评
2019-10-12 19:35:55,颜色分类:天蓝色,还没用
2019-06-21 22:39:53,颜色分类:天蓝色,宝贝收到，外观大小非常满意，以前买过一款便携的飞利浦手持挂烫机，当时的水箱不是连体的，有一个单独的底座，其实带出去也相当不方便，希望这个1200w的宝贝能带来更多惊喜
2019-07-26 23:40:07,颜色分类:天蓝色,原来买过一个飞利浦便携GC310用了好几年坏了，看中这个可以水平熨烫购入了，本地发货第二天就到了，包装也很结实。不过到手觉得停沉的，尺寸还好，但是电源线三米那么长没必要，不利于便携。
2019-08-03 06:40:10,颜色分类:天蓝色,购买之前询问了店家，说差价100元要等货收到签收了才能退，等我签收后申请两次店家都给拒绝了，后面申请淘宝介入才退给我，很不开心！
2019-06-04 15:48:13,颜色分类:天蓝色,体验非常不好，6月1日12时多拍下的，当时399元，两单凑了600元减了60元，摊到烫斗实付价386元。结果早上9点多发现商品直降30元，显示369元（巳显示发货），马上联系了客服问能否退30元差价，如果不能退，我货到后退款，因为同时拍下的另一商品还未发货。结果客服同意退款30元，有截图为证。然后货到了，我确认收货找客服，刚开始说我这种情况不符合退款，后来又讲是实付价退差价，不能退30元，只能退17.04元，我也晕了，还有这样的算法。店大欺客
2019-06-06 13:54:36,颜色分类:天蓝色,服务差，说的是399到手价，但是后期不退差价，多次沟通各种推脱
2019-10-05 20:59:52,颜色分类:天蓝色,种草很久，看了一圈，本来准备买个便宜点的，诶，丑人多作怪，还是买个贵的吧。已经试用，有一个问题，这个出蒸汽的头用完之后温度太高，在40分钟以后依旧很高，逼死我这个焦虑症，生怕把包装纸盒给烧焦了。不好收纳，而且我的宿舍很小，这个违规电器放在桌上不好收纳，太过引人注目。so，我特地在淘宝买了锡纸隔绝温度。在宿舍烫白大褂，哈哈哈哈哈，治愈No1。
2019-05-20 18:18:30,颜色分类:天蓝色,选择了好几家，还是选择这个老品牌的，虽然等待的时间很久，但总体看还是不错的，客服很热情，态度很好！今天准备试用！
2019-10-05 19:44:59,颜色分类:天蓝色,不实用  水箱太小 一件单衣服都烫不了
2019-09-01 22:54:17,颜色分类:天蓝色,发货快质量好 发货快质量好发货快质量好发货快质量好发货快质量好发货快质量好发货快质量好发货快质量好发货快质量好发货快质量好发货快质量好发货快质量好发货快质量好发货快质量好发货快质量好发货快质量好发货快质量好发货快质量好发货快质量好
2019-06-01 16:09:58,颜色分类:天蓝色,还行就是用起来飞不停加水，然后会有响声柯达科达的内种，不过还是比较信任飞利浦的，啊啊啊啊啊啊啊啊啊啊啊啊啊啊啊啊啊啊啊啊啊啊啊啊啊啊啊啊啊啊啊啊啊啊啊啊啊啊啊啊啊啊啊啊啊啊啊啊啊啊啊啊啊啊啊啊啊啊啊啊啊啊啊啊啊啊啊啊啊啊啊啊啊啊啊啊啊啊啊啊啊啊啊啊
2019-06-01 19:02:38,颜色分类:天蓝色,淘宝购物快十年，像飞利浦客服这么差的客服，真是大开眼界！预定的顾客4月开始先支付1元预定，后面又要按时缴纳定金，最后还要在5月支付尾款；然后承诺的优惠价 需要一遍遍一天天求着客服才能得到返现，就差给客服跪下了，每天都是繁忙中，发了那么多消息不理我，这是他们承诺的预定优惠价啊！写那么大在主页上，却让顾客求着问 天天问，才能给返现！ 发生这个事情 已经很不满了！！！！！！你们要是给的这么不痛快，就不要在主页上写啊！ 结果！！买了才5天！商品就降价了！不需要任何预定，不需要任何手续就可以比预定的顾客享受到更低的价格！ 我又质问客服，结果道歉都没有，上来就说与他们无关。真是大开眼界了这种商家！ 垃圾飞利浦客服！就你们这么个客服的态度 简直是让我再也不想买飞利浦了！垃圾！！！！！
2019-07-29 09:07:32,颜色分类:天蓝色,"质量非常好,与卖家描述的完全一致, 真的很喜欢,完全超出期望值,发货速 度非常快,包装非常仔细、严实,物流公司服务态度很好,运送速度很快,非常满意！"
2019-05-24 20:29:40,颜色分类:天蓝色,淘宝几年才知道原来评论85个字オ会有积分。所以 从今天到以后，这段话走到哪里就会复制到哪里。 首先要保证质量啊，东西不赖啊。不然就用别的话 来评论了。谢谢老板的 认真检查。东西特别好，我不是刷评论的，我是觉 得东西好我才买的，你会发现我每一家都是这么写 的。因为复制一下就好了。
2019-06-25 14:46:08,颜色分类:天蓝色,三知、四会、一联通、处置要在三分钟 知道消防设施和器材位置 知道疏散通道和出口 知道建筑布局和功能  会组织人员疏散 回扑救初期火灾 会穿戴防护装备 会操作消防器材  公安消防支队或大队与微型消防站，微型消防站与队员要保持通讯联络畅通。  注：以上内容微型消防站人员必须背下来。
2019-09-30 20:14:25,颜色分类:天蓝色,本来是自需，看到有聚划算，告诉婶婶后宣传到位，买了两个！婶婶很满意！ 说飞利浦大品牌，本来打算买某品牌，被我成功说服，哈哈！ 出气很快，雾量很大！ 拿在手里也不是很重！ 看之前有评论说蓄水池太小的问题，个人觉得本身没那么多衣服可熨，相比箱车款式，这款太小太便利了！ 你们有没有觉得有时候搬个大件懒得动，但是便携的就手到擒来;)  最后表扬下售后客服&ldquo;木瓜&rdquo;，相比某售后，木瓜很专业，办事效率高！ 希望贵公司多考核下售后的业务能力！不要光顾着宣传卖货！售后在国外更重要！ 今天下午一度对飞利浦失去信心&hellip;&hellip;本来还打算入手最贵的那款面条机和理发电推都不想买了...还好售后木瓜，我现在重新考虑还是可以买的，飞利浦的售后还是有负责的！
2019-08-21 09:55:04,颜色分类:天蓝色,买来还没用！希望好用！
2019-10-10 14:25:13,颜色分类:天蓝色,我买过很多款手持挂烫机，包括康佳、威马、贝尔莱德，对于前者几款挂烫机来说，这款飞利浦Gc361手持挂烫机有很多优势。一、便携是最重要的，对于经常出差的人来说，不占地方，这也是这款机器主打的地方。二、重量合适，拿在手上不会有非常累赘的感觉。三、性能出众，1200瓦功率，智慧气流，加热快，可以应付日常大多数的衣服。四、很多人说水箱小，其实是个人所需，因为是便携款，如果水箱大了机身重量就重，拿在手上会觉得累，这款就刚刚好。五、颜值和功能都在线，而且是大品牌，质量有保证！最后，我建议：如果家用选择大容量的，如果想不占地方和省时间，这款gc361飞利浦手持挂烫机你值得拥有。
2019-06-26 17:32:58,颜色分类:天蓝色,此用户没有填写评论!
2019-06-10 21:58:28,颜色分类:天蓝色,夏天到了准备用凉席，急需买一个蒸汽熨斗消毒，据说这样去螨虫比在大太阳底下暴晒还管用。在网上找了好久，最后选择了这款飞利浦的手持挂烫机GC361，比较轻巧方便，不仅可以立烫，还可以平烫。就是盛水的容器有点小，这次给凉席消毒去螨虫，一床凉席换了5次水，两床凉席换了10次，终于仔细的把每个角落都烫好了。适合平时上班前临时烫衣服，上一次水正好可以烫完一件薄外套，而且不是很湿，可以马上穿在身上。总的来说很实用的东西，好拿好放，非常方便，会经常用到。顺便夸一下飞利浦的电器用的电线好粗，一看就是真材实料。
2019-07-30 16:45:05,颜色分类:天蓝色,刚到手就降价，不是有降价保障吗？骗人的
2019-08-19 16:31:17,颜色分类:天蓝色,作为挂烫来说，熨平的效果还是特别好的，出气很快温度也够。宝贝不重，但是相应的容量就不是很大，一次可能只能熨一件，不过挂烫都有这个毛病。两点建议，一个是装水容器，一个是手套，两个都只有一个，可以多有几个，或者提供这样的选项，这样熨的时候就不必频繁装卸接水，多一个手套也省去熨的时候左右手换手套的情况。
2019-08-11 19:14:24,颜色分类:天蓝色,88会员节买的，减掉购物津贴减掉店铺优惠真的聚划算了！我室友以前买了个粉色的熨斗，就是这个页面下面比较的那款，觉得确实我这款的功效性能相比会更好！嘿嘿很开心！物流也非常快，下单之后第二天就到了，而且是承诺第二天到达，很满意！总之这是一次非常愉快的购物体验～
2019-07-10 09:37:42,颜色分类:天蓝色,多方比较后选择了这款，感觉很满意。个人认为功率很重要，尽量选择功率大的。可分离式水箱是便捷而且安全。操作之前一定要仔细看说明书，包括漏水什么问题，说明书上都有解决办法，分量不算轻，毕竟有70ml的水分量加上机器本身重量，但是熨烫起来也还不算太吃力。刚开始操作的时候不熟练，几次以后就得心应手了，很快熨烫好几件衬衫。操作简单，收藏方便，发货也快，客服服务态度好。要说不足之处，第一是水箱太小，得经常加水。第二缺个收藏的袋子，看另外两个型号是有的，应该也配一个。
2019-07-30 16:44:47,颜色分类:天蓝色,東西沒有大的那個好用 小的不是很好用東西沒有大的那個好用 小的不是很好用東西沒有大的那個好用 小的不是很好用東西沒有大的那個好用 小的不是很好用東西沒有大的那個好用 小的不是很好用東西沒有大的那個好用 小的不是很好用
2019-07-30 19:52:28,颜色分类:天蓝色,很坑人，买的时候页面活动价格是399的，拍下来是499的，收到了之后说申请售后仅退款，跟客服沟通说申请仅退款的话到时候商品质量有问题就没有保障了，售后只能申请一次的，客服就说只能申请仅退款的，那我想问一下那我的权益要怎么维护？还有你399就399好了非得要买家申请售后干嘛？你东西好的话还怕别人申请嘛，希望跟我一样买了东西的千万不要上当。后面我说要退货，就说答应我给我退回支付宝多余的差价。
2019-09-21 11:38:02,颜色分类:天蓝色,飞利浦太垃圾了，99购物节369元买的，收到还没拆开用，已经降价变成214元，我不知道你们的商品是怎么定价的，以后还敢买你家商品吗？所谓的购物节都是割韭菜来的？
2019-09-11 11:59:16,颜色分类:天蓝色,卖家的这个销售机制非常不符合常规，我收回之后就出国了，发现机器有问题却不能退，客服也不负责 不知道该怎么办了。 长按蒸汽按钮 不出蒸汽，除非注水器保持在未被上推的动作上，即使轻微蒸汽 也就两秒。太倒霉了。客服杨桃听不懂中国话 无论怎么说 只知道复制粘贴之前的万能解决方案。
2019-09-09 01:23:42,颜色分类:天蓝色,挺不错的！颜值很高，个人感觉挺喜欢的！
2019-10-03 22:47:28,颜色分类:天蓝色,超喜欢，十分被种草。质量十分满意，很推荐。与买家的描述一致，超出期望值，发货速度也快，很满意一次购物。多次回购，老顾客了，一如既往的好。PERFECT，一百婚一百婚！highly recommended ~
2019-09-30 13:29:12,颜色分类:天蓝色,发货速度快，物流很好，包装也不错，第二次购买了，和上次一样好，外观设计漂亮，大气，做工精细，质量上乘，品牌的有质量保证，好用，实惠，方便，比商场便宜很多，真正的物超所值了，强烈推荐，好评了！
2019-07-30 09:46:22,颜色分类:天蓝色,很方便很实用，唯一的不足就是储水量太小，烫二件衬衫就要加水，优点就是小巧方便，烫衣服很快
2019-10-07 08:15:32,颜色分类:天蓝色,东西不错 下次还会继续购买
2019-10-10 13:28:15,颜色分类:天蓝色,宝宝非常好。是我想要的。没有让我失望。值得信赖的产品。客服态度也很好。飞利浦电器就是好。我家小电器之前用过这个品牌。以后家里的小电家就用这个牌子。大品牌不虚此名。超级满意。没有噪音。动力大。什么方向都可以烫到。
2019-10-10 08:30:59,颜色分类:天蓝色,买东西，真的要很有耐心，在网上对比来对比去，最终选择了这一款。样式比较好看，颜色比较让人喜欢。收到东东西西后，觉得还是能够满足自己的期待，那就这样吧，决定收下了。希望质量不错，过得了硬。好用的话就不再追评了。如果不好使，肯定得来嘚啵嘚啵的。。。。。。。。。
2019-10-11 10:55:05,颜色分类:天蓝色,出雾还可以，但是蓄水量有点小，烫一件衬衫应该是没问题的，信任飞利浦这个牌子。哦
2019-10-11 19:28:29,颜色分类:天蓝色,颜色清新，手握方便，收纳容易，挂烫好用
2019-10-11 21:13:18,颜色分类:天蓝色,飞利浦的牌子还是值得信赖的，可以垂直和水平熨烫，手持操作很方便，唯一感觉不足的是水箱设计有点小了，如果能增大点水箱容量就更完美了。
2019-10-11 19:28:45,颜色分类:天蓝色,会漏水 会烫人 垃圾产品 不要买
2019-10-11 12:03:15,颜色分类:天蓝色,机子挺有分量的，水箱太小了都熨烫不了一件衣服，衣服使用效果一般，性价比不高。
2019-10-11 11:23:52,颜色分类:天蓝色,功率大，用着很好。
2019-10-11 17:19:42,颜色分类:天蓝色,很好～
2019-10-11 17:44:52,颜色分类:天蓝色,宝贝收到，试了一下，不比大型的熨烫效果差，对比了好多牌子最终还是选择了飞利浦，家里有个就是飞利浦的，这次出门旅游再也不怕衣服褶皱了！
2019-10-11 19:04:18,颜色分类:天蓝色,图一是烫前，图二是烫后。效果不错，品牌值得信赖，就是比想象中体积大。
