2019年09月28日 17:51,,"评价方未及时做出评价,系统默认好评!"
2019年09月30日 17:40,,"评价方未及时做出评价,系统默认好评!"
2019年09月15日 11:10,颜色:红色尺码:XL,宝贝收到了，衣服漂亮，面料手感很好，做工也细致，穿着很合适，五星好评
2019年09月10日 22:23,颜色:蓝色尺码:L,短袖质量很好，面料柔软舒适，版型时尚大气，穿着超级舒服，非常不错
2019年09月10日 09:18,颜色:红色尺码:2XL,衣服到了，刚好穿，面料是纯棉的也很舒服，穿上瞬间年轻了
2019年09月15日 15:50,颜色:绿色尺码:XL,面料很舒服很透气～感觉不闷～大小也合适
2019年09月15日 16:26,颜色:红色尺码:L,T恤收到了，布料摸起来有点舒服，做工很好，质量很好，尺码标准，穿起来修身显瘦。
2019年09月11日 19:38,颜色:红色尺码:2XL,面料材质不错，穿上挺舒服的，质量很好样式好看。
2019年09月12日 21:15,颜色:红色尺码:L,面料柔软舒适。尺码正规，款式时尚，穿着很有风度。
2019年09月11日 09:26,颜色:红色尺码:M,衣服面料很舒服，透气性也不错，尺码标准
2019年09月18日 16:56,颜色:绿色尺码:XL,面料穿着很舒服，条纹的上身效果很好，也很百搭。
2019年09月08日 07:42,颜色:绿色尺码:3XL,面料柔软舒适，没有色差，也不起球，穿着非常帅
2019年09月10日 22:08,颜色:红色尺码:XL,透气，好看，也挺合身的
2019年09月11日 13:46,颜色:红色尺码:L,上身效果：上身大小合身，很帅气。 
2019年09月13日 00:54,颜色:红色尺码:3XL,面料柔软舒适，亲肤性好，性价比高
2019年09月13日 09:11,颜色:蓝色尺码:XL,半袖质量非常的好，穿起来很舒服的。
2019年09月12日 08:36,颜色:红色尺码:2XL,面料很舒服，上身好看
2019年09月18日 18:13,颜色:红色尺码:L,短袖收到了，质量很好，穿着舒服，款式好看，非常满意！
2019年09月16日 19:50,颜色:红色尺码:XL,很喜欢质量不错穿着舒服发货快
2019年09月17日 22:23,颜色:红色尺码:4XL,衣服质量很好，款式好看，没有色差
2019年09月17日 11:22,颜色:红色尺码:XL,质量很好，穿上很舒服，好看帅气
2019年09月14日 20:17,颜色:红色尺码:3XL,质量好，做工精细，面料柔软舒适，穿着很舒服，满意
2019年09月14日 20:45,颜色:红色尺码:3XL,质量好，做工精细，款式好看，面料柔软舒适，满意的一次购物
2019年09月19日 20:42,颜色:绿色尺码:2XL,穿的显年轻 尺码标准 上身效果好
2019年09月13日 20:55,颜色:红色尺码:XL,衣服质量好，面料亲肤柔软，尺码标准，性价比高
2019年09月18日 19:18,颜色:红色尺码:3XL,衣服收到了，质量很好，款式也喜欢，个人很满意。
2019年09月12日 15:00,颜色:红色尺码:XL,质量超级好，十分的满意，可以放心购买哦
2019年09月08日 19:18,颜色:红色尺码:M,质量很好，实物和图片描述相符，很满意的一次购物
2019年09月08日 20:56,颜色:红色尺码:M,质量很好，实物和图片描述相符，很满意的一次购物
2019年09月15日 08:33,颜色:红色尺码:2XL,面料品质：面料品质不错，手感舒适 厚薄度：薄款适合夏季 尺码推荐：商品推荐的尺码标准 上身效果：上身效果非常不错，很修身 材质特性：面料材质与卖家描述的一致 
2019年08月21日 13:01,颜色:红色尺码:3XL,面料柔软。做工精细。透气性好，尺码标准。款式简单时尚。与图片一样无色差。洗了不掉色不走形。非常满意的一次购物。
2019年09月19日 22:36,颜色:绿色尺码:XL,是正品的 质量非常好 很满意呢
2019年09月08日 04:33,颜色:蓝色尺码:M,收到了，质量很好，穿着很舒服大气精神
2019年09月10日 17:57,颜色:蓝色尺码:2XL,面料不错，价格也不贵，穿越舒服。
2019年09月12日 17:20,,"评价方未及时做出评价,系统默认好评!"
2019年09月13日 21:12,颜色:红色尺码:XL,条纹的很好看，没色差，尺码标准
2019年09月19日 01:15,颜色:红色尺码:3XL,棒棒哒很不错也很舒服
2019年09月13日 00:24,颜色:蓝色尺码:2XL,面料很不错，值得购买
2019年09月14日 14:58,颜色:蓝色尺码:3XL,棒棒哒很漂亮
2019年08月25日 07:09,颜色:蓝色尺码:XL,衣服是纯棉的，透气性挺好，穿着很舒服，码数标准，也没有色差，值
2019年08月31日 20:09,颜色:红色尺码:2XL,短袖T恤收到了，下水不掉色，面料亲肤透气，款式设计好看
2019年09月19日 20:30,颜色:红色尺码:XL,满意好评！
2019年08月31日 09:36,颜色:红色尺码:L,衣服收到了，穿着挺舒适的，经确认是纯棉的，透气性非常的好，穿着也非常的有气质，非常的精神，快递也非常的给力！！！好评哦
2019年09月14日 20:40,颜色:红色尺码:2XL,宝贝儿已收到，物流快，服务态度好，非常满意
2019年08月25日 08:25,颜色:红色尺码:L,T恤颜色耐看，款式修身显瘦，面料舒适，上身效果好。
2019年08月30日 16:40,颜色:红色尺码:XL,条纹的衣服给人一种很清新的感觉。面料不错，穿着比较显腰身长
2019年08月27日 22:44,颜色:红色尺码:XL,衣服穿上身效果不错，面料舒服，尺码合身，样式好看，帅气。
2019年08月22日 18:38,颜色:红色尺码:2XL,衣服收到了，质量很好面料柔软透气
2019年09月06日 20:37,颜色:蓝色尺码:2XL,衣服穿上刚刚好，摸着布料也很舒服，做工方便也是不错的！
2019年09月07日 08:56,颜色:红色尺码:2XL,面料材质不错，穿上挺舒服的，样式好看质量不错。
2019年08月22日 22:18,颜色:绿色尺码:L,衣服很帅气，面料舒服款式好看，条纹的很帅气阳光码子很合身老公很满意
2019年08月29日 14:45,颜色:红色尺码:4XL,质量很好，没有色差 ，上身效果不错，穿着舒服，有需要再来。
2019年09月01日 17:21,,"评价方未及时做出评价,系统默认好评!"
2019年08月24日 06:11,颜色:蓝色尺码:4XL,质量很好，和卖家描述的完全一样，款式很好，非常满意，有须要还来你家购买。
2019年08月29日 22:47,颜色:绿色尺码:XL,面料穿上舒适，款式休闲好看，质量很好，满意
2019年08月24日 10:05,颜色:红色尺码:2XL,衣服整体的上身效果很好，穿着很舒服也很合身，喜欢，好评！
2019年08月28日 09:11,颜色:红色尺码:2XL,衣服面料手感非常好，做工精细，穿上很合适，很上档次，非常喜欢。
2019年08月28日 18:14,颜色:红色尺码:XL,短袖的面料很好，穿上很舒服，颜色好看，款式也好看，非常喜欢
2019年08月31日 11:17,颜色:蓝色尺码:3XL,衣服的质量不错的，做工好，料子摸着挺舒服的，很满意。
2019年09月03日 19:27,颜色:蓝色尺码:XL,T恤面料柔软舒适，版型也好，穿上很修身。
2019年08月29日 23:34,颜色:红色尺码:XL,质量很好，性价比很高，面料很好，试穿非常舒服！
2019年09月03日 10:05,颜色:红色尺码:4XL,质量很好，手感也很舒服，尺码标准，款式漂亮
2019年08月28日 08:55,颜色:蓝色尺码:3XL,上身效果帅啊！面料质量很好！
2019年09月05日 08:31,颜色:红色尺码:3XL,是我喜欢的款式，面料也很舒服，性价比不错，满意
2019年09月04日 08:01,颜色:红色尺码:3XL,短袖体恤质量很好，面料很舒服
2019年09月04日 20:08,颜色:红色尺码:2XL,低调奢华，有气质。穿着舒服
2019年08月21日 15:56,颜色:红色尺码:L,面料挺好，版型很好，穿着很合身
2019年08月28日 15:04,颜色:绿色尺码:XL,polo衫颜色好看，洗了一下不褪色不变形，质量好
2019年08月22日 14:13,颜色:红色尺码:3XL,衣服收到了，质量很好，上身效果也很棒
2019年09月06日 21:05,颜色:红色尺码:4XL,非常漂亮哦，帅气的很，也舒服，有喜欢的买吧
2019年08月26日 15:33,颜色:红色尺码:L,宝贝收到了，客服建议的尺码很标准，料子舒服，透气性好，穿上特别帅气！
2019年09月05日 18:15,颜色:红色尺码:M,宝贝收到了，质量蛮好的，跟描述一样
2019年08月24日 21:50,颜色:红色尺码:2XL,尺寸刚刚好，面料手感很好
2019年08月22日 08:43,颜色:绿色尺码:L,卖家发货很及时。沟通也很顺畅。刚刚拿到货，不错哈。
2019年09月07日 07:21,颜色:红色尺码:M,质量很好，实物和图片描述相符，很满意的一次购物
2019年09月08日 01:06,颜色:红色尺码:3XL,质量挺好的，价格非常的便宜，包装的也不错。很好
2019年08月24日 11:28,颜色:红色尺码:L,衣服很不错.质量很好很满意
2019年08月21日 13:47,颜色:红色尺码:L,衣服收到了，质量很不错，款式也很好看
2019年08月25日 10:47,颜色:红色尺码:2XL,面料品质：面料质量好，手感好 厚薄度：厚薄度刚好 尺码推荐：尺码标准。 上身效果：上身效果非常好。 材质特性：面料和材质如卖家描述的一致 
2019年09月05日 09:29,颜色:红色尺码:L,质量挺好的，做工也不错，发货包装好
2019年09月02日 14:33,颜色:红色尺码:2XL,五星好评，值得购买
2019年08月21日 11:02,颜色:蓝色尺码:L,质量很好
2019年08月26日 14:36,颜色:绿色尺码:XL,质量很好，满意
2019年08月17日 09:20,颜色:红色尺码:XL,衣衣质量很好，面料柔软舒适，码数也很标准颜色很好看，款式时尚大气穿上很帅气
2019年08月04日 16:14,颜色:蓝色尺码:2XL,面料很柔软，穿上很舒服，条纹很显身材气质！
2019年08月18日 17:37,颜色:红色尺码:4XL,T恤收到，质量很好，面料品质不错！薄厚度合适，尺码推荐准确！上身效果很好！好评！
2019年08月04日 15:31,颜色:红色尺码:XL,衣服收到了，物流很快，上身效果很好，做工很精细，面料很柔软，老公说穿上很舒服，非常喜欢，值得购买。
2019年08月08日 21:02,颜色:蓝色尺码:2XL,这件衣服质量很好，款式漂亮时尚，穿上好看，有气质，面料也舒服！
2019年07月23日 18:01,,"评价方未及时做出评价,系统默认好评!"
2019年08月10日 15:56,颜色:蓝色尺码:2XL,这种短袖非常的舒服，质量超级的好。是纯棉的颜色我也挺喜欢的。百搭的哟，天冷一点的话搭个外套也好看。
2019年08月20日 20:45,颜色:红色尺码:XL,体恤收到质量挺好的，尺码标准穿着舒服有型非常满意！
2019年07月30日 11:04,颜色:红色尺码:XL,短袖质量不错，翻领的，款式好看，尺码标准穿着很合身
2019年08月02日 15:56,颜色:蓝色尺码:XL,质量很好，用料上乘，穿着很舒服，看着很有型，朋友们都说好，五星好评
2019年08月09日 16:59,颜色:绿色尺码:XL,条纹的短袖 永远不过时  颜色图案很满意 面料也非常柔软  款式简单时尚  
2019年07月29日 10:05,颜色:红色尺码:M,衣服质量很好，面料柔软细腻，穿着特别舒服
2019年08月08日 05:20,颜色:红色尺码:L,面料柔软舒适，做工精致，款式洋气，上身效果不错
2019年08月19日 07:39,颜色:红色尺码:2XL,衣服做工精细，面料柔软，款式很好看。 老公穿着很舒服！
2019年08月20日 22:23,颜色:红色尺码:2XL,宝贝收到了给老公买的，老公穿上特别的帅气好看，做工很精细，面料很好，物流很快。
2019年08月06日 22:43,颜色:蓝色尺码:3XL,非常不错的衣服，穿着很舒服，大小合身，上身效果非常不错的，满意，下次再来！
2019年08月05日 09:40,颜色:红色尺码:L,衣服收到了，大小合适，面料很舒服，挺喜欢的，喜欢的亲们可以下单哦
2019年08月09日 06:57,颜色:红色尺码:XL,质量很好，款式好看。穿起舒服，透气性也可以
2019年07月31日 13:50,颜色:绿色尺码:4XL,衣服面料挺舒服的，穿着蛮好。。质量还不错
2019年08月07日 20:55,颜色:红色尺码:L,老公的最爱，最喜欢条纹的衣服，这件买了很合他心意，颜色也很正
2019年08月11日 13:16,颜色:红色尺码:L,衣服面料很好，款式很漂亮，价格实惠
2019年08月17日 10:37,颜色:红色尺码:L,衣服款式瞠尚大气，面料柔软舒适，上身帅气。
2019年08月17日 23:31,颜色:红色尺码:3XL,衣服质量很好，非常好看，客服推荐的尺码也很合适，穿上也很舒服
2019年08月12日 19:21,颜色:蓝色尺码:XL,T恤收到了，穿着很合身，面料很好，尺码标准，五星好评
2019年08月20日 09:16,颜色:红色尺码:XL,面料柔软舒适，和描述的一样，颜色很喜欢，码数也合适
2019年07月30日 16:55,颜色:红色尺码:XL,很喜欢条纹T恤，穿着帅气，面料舒服，手感好，做工精致
2019年08月14日 11:18,颜色:红色尺码:L,面料舒服，款式好看，上身效果不错，穿着很百搭，满意
2019年08月17日 17:53,颜色:红色尺码:XL,衣服上身效果很好，版型也不错，面料很好
2019年08月11日 22:15,颜色:蓝色尺码:XL,是纯棉的，面料很舒服，上身效果不错，
2019年08月03日 23:48,颜色:红色尺码:2XL,收到了，迫不及待地试了一下码数刚好，条纹时经典。
2019年07月29日 22:31,颜色:红色尺码:M,衣服今刚收到，打开一看老公试了一下挺帅的。质量第一
2019年08月02日 07:47,颜色:绿色尺码:L,宝贝收到了，不错的，颜色和款式都喜欢，料子也舒服！
2019年08月04日 12:55,颜色:红色尺码:L,条纹短袖收到了  很喜欢 款式简单大方时尚  满意！
2019年08月12日 07:00,颜色:绿色尺码:3XL,质量好，穿上合适，面料软，不起球！
2019年08月18日 09:15,颜色:红色尺码:L,衣服颜色正无色差，修身效果好，穿起来显得很有气质，好评
2019年08月10日 18:32,颜色:红色尺码:XL,衣服面料很好，穿出来效果蛮好看的
2019年07月29日 13:22,颜色:红色尺码:XL,衣服收到了，大小合适，上身效果不错，很喜欢
2019年08月14日 10:05,颜色:红色尺码:2XL,不错，上身很帅气。
2019年08月13日 12:30,颜色:红色尺码:2XL,客服耐心，发货很快，布料舒服，他非常喜欢
2019年08月14日 10:25,颜色:红色尺码:XL,收到了，质量很好，满意的一次购物
2019年08月13日 11:08,颜色:红色尺码:L,不错的，很满意，有需要下次还会来的
2019年08月16日 23:58,颜色:蓝色尺码:2XL,衣服质量很好，很喜欢，好评
2019年08月02日 09:05,颜色:红色尺码:L,宝贝收到了，超级好，赞赞赞
2019年08月03日 23:09,颜色:红色尺码:L,宝贝收到了。很喜欢，是我想要的！
2019年08月03日 22:56,颜色:红色尺码:XL,宝贝收到了，很喜欢，是我想要的！
2019年08月05日 08:34,颜色:红色尺码:L,五星好评好评好评好评好评
2019年08月15日 21:45,颜色:红色尺码:L,五分好评
2019年08月10日 09:32,颜色:红色尺码:XL,满意好评！
2019年08月12日 10:56,颜色:红色尺码:L,到货了，质量不错，满意
2019年08月17日 21:40,颜色:蓝色尺码:4XL,满意的一次购物，物流也挺快的，不错
2019年08月08日 10:36,颜色:红色尺码:L,我很喜欢
2019年08月02日 17:06,颜色:红色尺码:XL,喜欢，很好
2019年08月07日 17:01,颜色:蓝色尺码:3XL,质量不错
2019年07月28日 19:40,颜色:红色尺码:M,质量很好
2019年08月09日 19:32,颜色:红色尺码:M,质量很好
2019年07月29日 16:49,颜色:红色尺码:XL,非常满意
2019年06月30日 09:58,颜色:红色尺码:XL,衣服收到了，款式好看质量不错，面料手感柔软，穿上大小合适，码数挺正的，做工很细致，上身很舒适，透气性也很好，颜色也昱白，搭配衣服也百搭，很喜欢满意，值得购买推荐，给予好评！赞了
2019年07月27日 15:52,颜色:红色尺码:2XL,体恤衫质量挺好，布料柔软舒适，样式好看，帅气阳光。洗了也没有掉色。挺喜欢的
2019年07月13日 02:32,颜色:红色尺码:XL,面料柔软舒适，是薄款透气性好尺寸合适，上身效果很棒，帅呆了穿着也精神，满意！
2019年07月21日 18:44,颜色:红色尺码:3XL,尺码标准，已试穿较合身，花纹时尚，适合年轻人。纯棉面料透气吸汗，满意。
2019年07月02日 15:37,颜色:蓝色尺码:L,短袖买给老公的，穿着很帅气，客服推荐的尺码刚好。而且面料超舒服，很有大牌的范。
2019年07月22日 12:13,颜色:红色尺码:2XL,质量不错   面料穿着也很舒适   价格实惠  非常满意
2019年06月28日 11:22,颜色:红色尺码:XL,衣服穿着挺透气的，面料可以，尺码合适，满意
2019年07月08日 12:05,颜色:红色尺码:4XL,面料穿着舒服透气，尺码合适
2019年07月02日 12:09,颜色:蓝色尺码:2XL,款式好看，面料透气，穿上很舒服，也比较帅气
2019年07月23日 14:36,颜色:蓝色尺码:2XL,码数标准，穿着很合身，条纹的耐看
2019年06月30日 22:43,颜色:红色尺码:L,面料品质：面料柔软亲肤，款式简约大方，穿着很舒适，很喜欢 
2019年07月05日 16:27,颜色:绿色尺码:2XL,短袖质量特别好，穿着很舒服，很帅气，颜色也正，很不错，布料很软很舒服
2019年07月05日 23:01,颜色:红色尺码:L,衣服质量很好，穿上大小合适，孩子喜欢
2019年06月30日 11:13,颜色:绿色尺码:XL,面料不错，号码标准，上身效果很好，穿上很舒服！
2019年07月04日 10:49,颜色:红色尺码:XL,全棉体恤，薄厚适中，尺码标准，穿着合身，
2019年07月22日 10:51,颜色:红色尺码:L,衣服质量很好，做工精细没有线头，穿着舒适，老公很喜欢，十分帅气
2019年07月25日 16:35,颜色:蓝色尺码:2XL,上身效果好看。非常满意，颜色是好看的。好看的图案，质量很不错，面料很柔软
2019年07月17日 10:03,颜色:蓝色尺码:3XL,超级喜欢这款条纹的POLO衫，老公穿上显得人特别的精神，价格也合理，超级喜欢，还会继续关注的
2019年07月11日 09:08,颜色:红色尺码:XL,收到衣服真的很满意！质量很好！上身效果好！面料舒服！非常合身！快递也比较快！服务真的好好
2019年07月27日 14:25,颜色:红色尺码:L,衣服穿着很舒服，洗了也不掉色，不缩水
2019年07月26日 09:41,颜色:红色尺码:M,穿上很合身 款式洋气 面料做工都很好 很满意
2019年07月17日 19:06,颜色:蓝色尺码:2XL,东西收到了包装严实，看着舒服挺满意的，穿着舒服没毛病
2019年07月14日 21:00,颜色:绿色尺码:XL,质量做工都很好，跟卖家描述的一样，特别满意
2019年07月03日 12:54,颜色:红色尺码:XL,兄弟挺喜欢的，说穿着好看，面料挺舒服的。
2019年06月30日 20:46,颜色:红色尺码:XL,衣服面料还可以码数标准而且质量挺好
2019年06月29日 17:48,颜色:绿色尺码:3XL,宝贝收到颜色很正 质量很好 上身效果不错百搭
2019年07月24日 08:29,颜色:红色尺码:2XL,衣服收到穿着刚刚好料子不错
2019年07月11日 06:57,颜色:蓝色尺码:XL,收到了，面料穿着舒服，透气性好，满意。
2019年07月20日 07:54,颜色:红色尺码:2XL,面料柔软穿着舒服，上身效果不错，满意好评
2019年07月25日 21:31,颜色:红色尺码:XL,刚刚试穿过，大小正好，面料做工非常好，下次还会购买。
2019年07月24日 17:35,颜色:红色尺码:2XL,衣服料子舒适，做工很好，款式简约时尚，不错！
2019年07月23日 16:55,颜色:红色尺码:XL,短袖质量不错，穿上很舒服，实物图片与卖家描述一致，物流很快，好评。
2019年07月24日 22:23,颜色:红色尺码:XL,衣服款式时尚，穿着帅气有型，面料也很舒服。非常喜欢
2019年06月29日 11:25,颜色:红色尺码:M,短袖收到了 很喜欢 款式漂亮 穿着舒服！
2019年07月25日 20:46,颜色:蓝色尺码:2XL,料子很舒服，很凉快，材质不错
2019年07月03日 14:38,颜色:绿色尺码:2XL,面料挺舒服的，没有色差上身效果不错
2019年07月27日 09:49,颜色:红色尺码:2XL,T恤衫，颜色很好看，款式简单大方，穿着很帅气。
2019年07月11日 09:48,颜色:绿色尺码:XL,半袖已经收到了，质量很好，一分钱一分货，面料摸着柔肤舒服，满意
2019年07月19日 20:46,颜色:蓝色尺码:3XL,衣服质量不错，款式帅气又时尚，做工也精细。
2019年07月04日 00:16,颜色:红色尺码:L,衣服穿着很舒服，颜色好看，没有色差。正品推荐！
2019年06月30日 23:18,颜色:绿色尺码:XL,穿着舒适，大小刚好，奔三了，老婆夸显年轻！
2019年07月03日 10:27,颜色:红色尺码:M,衣服质量很好样式也很好看老公特别喜欢
2019年06月28日 03:40,颜色:红色尺码:M,面料非常舒服，比想象中来的好，老公非常喜欢😊赞👍给五星。
2019年07月11日 21:10,颜色:红色尺码:XL,衣服款式好看，穿着显年轻，老公很喜欢
2019年07月22日 18:31,,"评价方未及时做出评价,系统默认好评!"
2019年07月09日 11:49,颜色:红色尺码:2XL,衣服收到料子柔软大小刚刚好
2019年07月03日 14:36,颜色:绿色尺码:XL,短袖已经收到了，质量很赞，上身效果很棒！
2019年07月16日 19:41,颜色:蓝色尺码:2XL,面料很好，穿着也很舒服，175身高买的XXL很合适。
2019年06月28日 02:21,颜色:红色尺码:4XL,不错哦，版型好看，款式好看，面料柔软又舒适
2019年06月28日 08:02,颜色:绿色尺码:3XL,款式好看，面料柔软，洗水也没有硬梆梆的。满意。
2019年07月06日 18:30,颜色:蓝色尺码:XL,衣服版型不错、质量好、尺码准、物有所值
2019年07月14日 09:09,颜色:红色尺码:L,衣服上身效果不错，大小很合身
2019年06月28日 13:49,颜色:红色尺码:L, 商家发货很快 到货很快  服务态度非常好  衣服质量也很好 没有异味  收到后感觉赚到了  亲们赶紧下手了   下次还来你家买  
2019年07月09日 00:22,颜色:红色尺码:M,衣服质量很好，纯棉的，试穿很合身，很舒服，满意
2019年07月12日 14:31,颜色:红色尺码:2XL,衣服到了，质量很不错，穿上很合适，很舒服，非常满意
2019年07月20日 09:03,颜色:蓝色尺码:L,好舒服的一款短袖
2019年06月29日 07:03,颜色:红色尺码:M,衣服很好看，质量不错，实物与图片一样无色差
2019年07月12日 15:47,颜色:红色尺码:XL,衣服质量很好，穿着舒服
2019年07月26日 16:11,颜色:蓝色尺码:L,布料柔软舒适，穿着很舒服
2019年07月17日 10:38,颜色:红色尺码:2XL,T恤质量不错，穿着很舒服，还很帅，满意。
2019年07月23日 07:58,颜色:红色尺码:3XL,质量不错，没有色差，穿着合身，很满意
2019年06月29日 13:50,颜色:红色尺码:2XL,宝贝收到了包装完整发货速度速度快满意不错我很喜欢
2019年07月10日 22:39,颜色:红色尺码:M,衣服质量很不错的，老公很喜欢
2019年07月18日 19:05,颜色:红色尺码:M,买给爸爸穿的 他很喜欢 说穿上舒服
2019年07月09日 15:16,颜色:红色尺码:2XL,质量很好，款式时尚，穿着很酷
2019年07月26日 17:33,颜色:红色尺码:XL,纯棉的，手感很好哦，横条的百搭
2019年07月17日 22:47,颜色:红色尺码:L,面料不错，上身效果修身显瘦
2019年06月30日 23:34,颜色:红色尺码:XL,面料很好，尺码标准。颜色挺好看的！
2019年08月26日 13:05,颜色:绿色尺码:L,面料不错，穿着舒服。
2019年07月12日 21:15,颜色:红色尺码:L,衣服收到了，质量很好，穿着很舒服
2019年07月11日 00:33,颜色:红色尺码:2XL,炒鸡的喜欢，一看就是我想要的，给个好评，还会回购的！美美哒
2019年06月29日 22:19,颜色:蓝色尺码:XL,质量很好，面料舒适，水洗不掉色不变形
2019年06月30日 12:46,颜色:红色尺码:XL,短袖很好看，料子很舒服
2019年07月22日 22:25,颜色:蓝色尺码:3XL,大小合适，穿着舒服，很喜欢
2019年07月13日 21:25,颜色:绿色尺码:2XL,质量很好，料子细腻，很有型
2019年07月27日 11:03,颜色:蓝色尺码:L,面料柔软，尺码合身
2019年07月12日 17:26,颜色:红色尺码:XL,T恤质量很好。穿上很舒服，满意
2019年07月18日 12:25,颜色:蓝色尺码:2XL,衣服很好，大小合适！
2019年07月10日 16:16,颜色:红色尺码:3XL,面料舒服，做工精细，穿上很舒服
2019年07月06日 16:30,颜色:绿色尺码:L,款式不错，上身效果很好
2019年07月08日 18:58,颜色:绿色尺码:XL,好评，面料很好，质量也不错。
2019年07月02日 11:25,颜色:绿色尺码:4XL,短袖收到了，款式颜色好看，质量不错，面料舒服柔软，穿上很合适，喜欢！
2019年07月19日 17:22,颜色:红色尺码:XL,款式很好。穿上也很合身，喜欢。
2019年07月10日 00:23,颜色:红色尺码:4XL,上身穿着很舒服，版型很正。满意
2019年07月22日 21:03,颜色:绿色尺码:L,上身有型，面料舒服，非常满意
2019年07月18日 08:21,颜色:红色尺码:L,穿着挺有型的
2019年07月03日 21:34,颜色:红色尺码:L,衣服面料很舒服！
2019年06月29日 11:07,颜色:绿色尺码:L,收到了   质量很不错   满意
2019年07月07日 22:29,颜色:蓝色尺码:2XL,收到了，物流特别快，质量特别好，面料很舒适。
2019年07月14日 08:11,颜色:红色尺码:L,质量挺好的，穿着帅气，满意。。。
2019年07月26日 20:09,颜色:红色尺码:2XL,衣服质量就是好，穿起来非常舒服，一如既往的满意！
2019年06月30日 09:59,颜色:红色尺码:3XL,质量不错，非常的满意，下次还会回购的！好评
2019年07月21日 19:18,颜色:蓝色尺码:XL,衣服面料很舒服，质量很好，好评
2019年07月24日 01:12,颜色:蓝色尺码:4XL,面料很不错，值得非常好，值得购买
2019年07月14日 15:34,颜色:蓝色尺码:XL,给哥哥买的，他说挺喜欢
2019年07月07日 07:18,颜色:红色尺码:L,上身效果：很好 
2019年07月20日 20:47,颜色:红色尺码:M,穿上很舒服，也很合身的，好评
2019年07月16日 23:39,颜色:红色尺码:2XL,质量很好，做工精细，款式好看，值得购买
2019年08月27日 11:35,颜色:红色尺码:4XL,衣服不错额，挺好看。
2019年07月27日 17:24,颜色:红色尺码:3XL,宝贝质量不错，很喜欢了。谢谢掌柜。
2019年07月13日 12:53,颜色:绿色尺码:L,感觉自己成了 商务人士，很高大尚哦
2019年07月01日 14:17,颜色:红色尺码:3XL,做工款式都不错。
2019年07月05日 23:24,颜色:红色尺码:L,收到了，质量挺好的满意。
2019年06月25日 15:23,颜色:红色尺码:L,此用户没有填写评价。
2019年07月24日 21:38,颜色:绿色尺码:XL,宝贝很不错！好评！
2019年07月04日 18:30,,"评价方未及时做出评价,系统默认好评!"
2019年07月20日 07:31,颜色:红色尺码:XL,很潮很时尚
2019年07月20日 15:53,颜色:红色尺码:XL,质量不错。
2019年06月28日 12:47,颜色:红色尺码:L,质量很好！
2019年07月03日 16:43,颜色:绿色尺码:3XL,很不错，很值得。
2019年06月15日 15:28,颜色:蓝色尺码:2XL,衣服收到了，透气性好，穿着舒服大气，做工精细，好评！
2019年07月04日 22:48,颜色:蓝色尺码:XL,质量很好
2019年07月03日 12:01,颜色:绿色尺码:L,我很喜欢
2019年07月03日 05:38,颜色:红色尺码:2XL,货已收到，非常喜欢
2019年07月09日 23:09,颜色:红色尺码:3XL,非常满意
2019年06月29日 15:46,颜色:绿色尺码:2XL,快递收到了，质量不错
2019年06月28日 08:35,颜色:红色尺码:XL,非常满意
2019年07月17日 00:07,颜色:红色尺码:2XL,非常满意
2019年08月11日 09:25,颜色:红色尺码:3XL,实物颜色和淘宝上的颜色差距太大。真心不值，这个价在实体店都能买到比这个好一点的。
2019年06月27日 22:32,颜色:绿色尺码:XL,大小刚合适  穿上很舒服  布料摸起来很柔软  条纹的永远不过时  颜色也不错 透气性很好
2019年06月06日 09:19,颜色:红色尺码:L,衣服收到了，款式非常好看，质量好，穿着舒适大方，好评
2019年06月10日 21:07,颜色:红色尺码:L,衣服收到了，款式非常好看，质量好，喜欢，以后买衣服就选他家衣服了，好评
2019年06月26日 20:09,颜色:蓝色尺码:M,衣服收到了上身效果很好 又轻薄 夏天穿很凉快 是纯棉的很柔软 尺码也是标准尺码 款式简单又大方
2019年06月18日 12:51,颜色:红色尺码:XL,衣服收到了，面料柔软舒适，穿在身上很合身，尺码标准合适，上身效果非常好，颜色和描述的一样，没有色差，老公穿上帅帅的
2019年05月27日 08:34,颜色:红色尺码:3XL,好靓的衣服，款式很潮流，有青春朝气，纯棉的面料夏天穿透气不会闷热，满意。
2019年06月21日 07:57,颜色:红色尺码:XL,衣服收到咯，没色差跟图片描述的一样，是纯棉洗完不掉色，纯棉的穿着舒服吸汗，十分满意，给好评
2019年05月30日 10:28,颜色:红色尺码:2XL,时尚漂亮    质量不错  穿着也很舒适  价格实惠  非常满意
2019年05月23日 12:11,颜色:红色尺码:2XL,时尚漂亮    没有色差   穿着也很舒适  价格实惠  非常满意
2019年06月05日 23:16,颜色:红色尺码:XL,t恤面料透气吸汗，做工好，尺码标准，穿着很舒服。
2019年06月05日 16:07,颜色:红色尺码:XL,质量好，好看
2019年06月08日 20:56,颜色:红色尺码:XL,衣服不错，面料很舒服，吸汗透气，穿着也合身
2019年05月29日 09:56,颜色:红色尺码:3XL,衣服穿上很减龄，面料舒服色正，满意全五分。
2019年06月03日 16:23,颜色:红色尺码:M,短袖质量不错，尺码穿起来合身，没有色差，洗了不会褪色，很满意，值得信赖
2019年08月10日 10:41,颜色:红色尺码:2XL,本来想给差评的，色差严重，布料不值这个钱。
2019年05月31日 18:15,颜色:红色尺码:3XL,衣服做工很好，板型也好看，穿起来很年轻，买大一码盖住肚子
2019年06月03日 07:31,颜色:蓝色尺码:XL,特意穿过了才来评价纯棉的柔软舒服吸汗性好，不起球不掉色。
2019年06月23日 16:36,颜色:红色尺码:4XL,衣服面料材质好，很轻薄，尺码刚刚好，上身效果好
2019年06月24日 21:00,颜色:蓝色尺码:4XL,非常不错的衣服，穿着好看合身，上身感觉非常喜欢的，质量很好，满意！
2019年06月21日 08:52,颜色:蓝色尺码:2XL,T恤纯棉面料柔软亲肤，细条纹修身显瘦，上身效果好。
2019年06月07日 20:14,颜色:蓝色尺码:L,纯棉的短袖 款式简单大方  亲肤舒适 ！
2019年05月29日 10:52,颜色:蓝色尺码:2XL,衣服收到了，质量真的很好，做工料子都比商场买的好，老公也是很喜欢。
2019年06月22日 19:21,颜色:蓝色尺码:3XL,衣服收到了，买给老公穿的，感觉老公穿起来，帅气多了，好看，下次再给他买一件换着穿！好评
2019年06月01日 14:42,颜色:红色尺码:M,面料柔软舒服，大小合适，上身效果好，没有色差！满意！
2019年06月16日 12:47,颜色:绿色尺码:XL,穿上很舒服，特别有型价格也满意质量很好，过水了不起球不掉色
2019年06月01日 19:36,颜色:蓝色尺码:XL,没什么异味，水洗后不褪色，穿着很舒服
2019年06月19日 12:11,颜色:红色尺码:XL,大小合适，质量不错，没有色差，穿起来很舒服。
2019年06月17日 12:29,颜色:红色尺码:3XL,纯棉的，舒服透气，上身很大气，喜欢
2019年06月08日 18:47,颜色:红色尺码:2XL,大小合适，穿着很舒服，面料不错，下次还来你家购买，好评
2019年06月12日 20:48,颜色:红色尺码:4XL,衣服面料舒服，尺码准确，穿上效果不错！
2019年06月11日 11:27,颜色:红色尺码:XL,面料手感很好，做工精细，穿着挺合身，上身效果很好。
2019年05月30日 12:42,颜色:红色尺码:2XL,衣服质量很好，实物与图片一致，没有色差，穿着舒服，满意
2019年06月12日 08:16,颜色:红色尺码:XL,衣服质量挺好的，面料摸起来很舒服，很满意的一次购物！
2019年06月23日 22:04,颜色:绿色尺码:3XL,面料很好，穿着舒服，尺码标准，特喜欢这样的款式。
2019年06月08日 23:29,颜色:蓝色尺码:XL,衣服质量挺好的，尺码标准，大小刚刚好，穿着很舒服😄
2019年05月29日 16:08,颜色:红色尺码:2XL,衣服质量很好，面料柔软，穿着舒服
2019年06月11日 08:20,颜色:红色尺码:2XL,质量很好，做工不错，穿着舒适，卖家发货快！好评
2019年05月28日 19:22,颜色:红色尺码:M,款式新，面料柔软，尺码合身，风格喜欢。
2019年06月15日 22:27,颜色:红色尺码:XL,"款式很好看, 做工好面料柔软舒适,上身效果不错版型很修身,很满意。"
2019年06月27日 12:11,颜色:红色尺码:M,质量挺好的，穿着舒服，面料挺好的，喜欢的可以下单噢
2019年06月20日 00:17,颜色:红色尺码:L,衣服款式不错，面料好，舒服，性价比高，整体做工好，满意。
2019年06月18日 17:52,颜色:红色尺码:L,t恤面料不错，质感很好！很合身！
2019年06月25日 08:22,颜色:红色尺码:3XL,大小刚好，穿起来舒服，包装也很精美。
2019年06月23日 22:10,颜色:红色尺码:3XL,面料不错摸起来手感很好穿起来很舒服物流很快
2019年05月29日 20:06,颜色:绿色尺码:2XL,面料舒服。款式很喜欢，穿上合适的。
2019年06月06日 08:56,颜色:红色尺码:XL,面料柔软，全棉正品，穿着舒适，不错。
2019年06月23日 17:17,颜色:红色尺码:XL,质量不错哦！穿上很舒服，也很漂亮，挺好搭配的。
2019年06月17日 21:58,颜色:绿色尺码:L,衣服质量很好，做工精细，穿上很舒服
2019年05月24日 10:37,颜色:红色尺码:L,质量很好，做工精细，面料柔软，穿着舒适，很喜欢
2019年06月25日 09:25,颜色:绿色尺码:XL,面料柔软，薄厚适中，穿着合身，不错。
2019年06月10日 09:25,颜色:绿色尺码:2XL,面料品质：面料很舒服 上身效果：上身效果很棒 
2019年06月27日 02:27,颜色:红色尺码:2XL,包装很好，物流很快，质量很好手感不错，穿着很舒服。尺码标准。
2019年06月25日 10:22,颜色:蓝色尺码:2XL,质量很好，面料柔软舒适，上身效果非常好！
2019年06月16日 22:57,颜色:红色尺码:XL,短袖已收到，质量不错，做工精细，料子很舒服，很喜欢
2019年06月22日 21:51,颜色:蓝色尺码:4XL,面料很不错，老公穿着刚好，颜色也很正
2019年06月25日 23:33,颜色:红色尺码:L,衣服质量很好，做工精细，面料很舒服
2019年06月02日 00:13,颜色:红色尺码:XL,面料很好，版型不错很修身，码数标准，很满意
2019年06月21日 09:38,颜色:红色尺码:L,衣服收到了，质量很好，款式时尚好看，喜欢
2019年06月20日 11:12,颜色:绿色尺码:L,很好看的衣服，款式简单大方，质量也非常好
2019年06月02日 13:28,颜色:红色尺码:M,质量好，穿着舒服，面料柔软，一次满意的网购
2019年05月31日 14:54,颜色:红色尺码:XL,大小合适，质量不错，没有色差。
2019年08月13日 13:49,颜色:红色尺码:L,就这料子卖这价位？真西巴服了坑你没商量，评价全是刷的评价，就这样不封，淘宝不查
2019年06月10日 15:00,颜色:红色尺码:XL,洗过不褪色，版型很好，质量不错。
2019年06月01日 23:41,颜色:红色尺码:L,上身洋气，质量好满意
2019年05月05日 07:58,颜色:绿色尺码:L,此用户没有填写评价。
2019年06月07日 20:08,颜色:红色尺码:XL,质量不错穿的合适。大方。不错价格优惠
2019年05月25日 22:58,颜色:蓝色尺码:L,宝贝收到了，质量很好，款式简约大方，很满意
2019年06月05日 10:26,颜色:红色尺码:XL,物流很快。卖家很好。衣服很喜欢。比图片还好看
2019年06月13日 00:03,颜色:红色尺码:L,T恤质量很不错，做工很好，挺满意的
2019年06月20日 14:18,颜色:红色尺码:3XL,弟弟穿上很合适，客服介绍尺码很标准，料子舒服，透气性好
2019年05月26日 07:51,颜色:红色尺码:2XL,面料不错，穿着舒服
2019年06月02日 20:54,颜色:红色尺码:XL,款式很好看，上身效果又修身显瘦
2019年06月09日 17:53,颜色:红色尺码:XL,衣服面料很舒服，穿上身刚好合适，店家服务态度也好，满意，好评
2019年06月26日 20:47,颜色:蓝色尺码:XL,衣服上身效果好，做工精细
2019年06月26日 22:43,颜色:红色尺码:2XL,休闲时尚，不错好看
2019年06月15日 22:11,颜色:红色尺码:L,质量不错，穿上好看
2019年06月19日 11:29,颜色:红色尺码:2XL,面料挺舒服的，店家给推荐的尺码大小合适，好评。
2019年06月03日 22:40,颜色:蓝色尺码:4XL,穿上帅帅哒，不错哦、继续关注
2019年06月26日 09:59,颜色:绿色尺码:2XL,t 恤真不错，穿着挺舒服！
2019年08月08日 22:30,颜色:红色尺码:XL,很舒服的面料，客服推荐的码数很标准。
2019年06月19日 10:45,颜色:红色尺码:L,衣服上身效果很好，不显胖，非常喜欢
2019年06月21日 12:26,颜色:红色尺码:M,衣服质量很好，试穿很合身，很舒服，满意
2019年05月25日 13:15,颜色:蓝色尺码:3XL,面料品质：很柔软，舒服 厚薄度：薄款 尺码推荐：尺码标准， 上身效果：挺修身的，显瘦 
2019年06月01日 08:26,颜色:红色尺码:4XL,质量很好，面料很舒服，满意满意
2019年06月09日 19:43,颜色:蓝色尺码:XL,衣服收到了，质量很好，颜色很正，好评
2019年06月01日 23:02,颜色:红色尺码:L,衣服面料很舒服！
2019年06月06日 12:30,颜色:红色尺码:XL,质量不错，大小合适，
2019年06月02日 15:17,颜色:蓝色尺码:L,面料柔软舒适，挺好
2019年06月08日 20:54,颜色:绿色尺码:XL,穿着很舒服
2019年06月07日 15:24,颜色:红色尺码:4XL,质量很好，大小正合适
2019年06月26日 15:51,颜色:蓝色尺码:XL,质量很好，价格实惠
2019年06月11日 20:40,颜色:红色尺码:XL,衣服款式很好看
2019年06月08日 22:39,颜色:绿色尺码:L,不错 男朋友很喜欢
2019年06月19日 09:30,颜色:红色尺码:3XL,手感很好，版型不错！
2019年06月15日 12:51,颜色:蓝色尺码:L,质量很好 满意
2019年06月05日 11:06,颜色:蓝色尺码:3XL,面料柔软，合身
2019年06月06日 09:14,颜色:红色尺码:2XL,收到了，很满意。舒服又大气，是我喜欢的款式。
2019年06月26日 07:10,颜色:红色尺码:3XL,质量不错，价格便宜，很喜欢，好评！赞赞赞
2019年06月24日 01:56,颜色:红色尺码:2XL,发货速度快，质量很好，穿上合身舒服
2019年06月11日 21:31,颜色:红色尺码:2XL,衣服不错，挺满意！
2019年05月27日 09:23,颜色:蓝色尺码:L,衣服质量很好   穿着很合身
2019年05月26日 15:09,颜色:红色尺码:L,宝贝收到了，很喜欢，是我想要的款式！
2019年06月10日 13:53,颜色:红色尺码:3XL,买给老公穿的
2019年05月26日 13:30,颜色:红色尺码:L,穿上很舒服，满意！
2019年06月12日 09:52,颜色:红色尺码:L,质量很好，价格便宜。好评！！！
2019年06月23日 05:21,颜色:红色尺码:L,小清新的感觉，不错
2019年05月30日 23:28,颜色:红色尺码:XL,上身效果不错，满意
2019年05月29日 09:34,颜色:红色尺码:2XL,质量挺好！没有异味。发货也很快，卖家服务态度很好
2019年06月22日 11:59,颜色:红色尺码:M,穿效果不错
2019年06月03日 09:48,颜色:红色尺码:L,五星好评好评好评好评好评
2019年06月07日 11:08,颜色:红色尺码:M,质量不错。
2019年06月18日 12:39,颜色:蓝色尺码:XL,宝贝不错，很喜欢
2019年06月02日 16:22,颜色:红色尺码:L,质量好，款式好看
2019年06月16日 07:44,颜色:红色尺码:L,质量很好，好评
2019年06月18日 09:05,颜色:红色尺码:XL,非常满意
2019年06月14日 11:54,颜色:红色尺码:L,质量很好
2019年06月05日 22:27,颜色:红色尺码:XL,质量很好，很喜欢哦
2019年05月16日 17:29,颜色:绿色尺码:L,喜欢那款式和颜色，很帅气。衣料亲肤不起皱，过水不褪色
2019年05月16日 19:32,颜色:红色尺码:3XL,这件衣服不错哦，面料柔软舒适，红色款挺有活力的，大小也很合适，百搭的，不错满意
2019年05月06日 16:20,颜色:红色尺码:M,衣服棒棒的，质量好穿着又透气，老公都喜欢穿他们家的衣服。下次还来光顾。
2019年05月06日 16:25,颜色:蓝色尺码:L,这件夏天穿应该很舒服 透气 材质柔软 ，品质可以
2019年05月16日 17:20,颜色:红色尺码:2XL,特别喜欢这款翻领的设计，布料很好，舒适透气，好评！
2019年05月06日 16:24,颜色:红色尺码:2XL,老公说挺好、穿着非常舒适透气！
2019年05月22日 16:36,颜色:蓝色尺码:L,做工精细，上身效果好。面料很柔软
2019年05月11日 17:38,颜色:红色尺码:XL,衣服料子好，上身效果不错，服务也是很好
2019年05月14日 16:54,颜色:红色尺码:2XL,衣服质量很好，款式今个，男友很喜欢，穿着很合身
2019年05月22日 19:17,颜色:蓝色尺码:2XL,一分价钱一分货确实是好哇。细节款式做的都不错。去  老公穿着舒服。
2019年05月06日 16:47,颜色:红色尺码:L,衣服料子很好，舒服，颜色跟图片一样，颜色很好看，另外衣服的细节做得很好
2019年05月11日 16:25,颜色:红色尺码:3XL,面料依舒服，菇凉们可以老公或男朋友下手了
2019年05月10日 19:55,颜色:蓝色尺码:M,去年给老爸买过一件，非常好的一款衣服。面料好，挺阔，在夏天来之前果断给老爸屯下
2019年05月11日 16:20,颜色:红色尺码:M,衣服料子不错，穿起来精神、帅气，本人很喜欢。
2019年05月20日 12:40,颜色:红色尺码:2XL,面料挺好的，没有色差，穿着合身。卖家发货挺快的
2019年05月06日 16:25,颜色:蓝色尺码:M,老婆说料子挺好的，值得好评，说摸起来很舒服，版型也可以。
2019年05月11日 21:41,颜色:蓝色尺码:3XL,高端款，大小合适，质量好，上身效果好，穿上舒服。很满意！
2019年05月11日 22:11,颜色:蓝色尺码:XL,推荐的尺码刚刚好，很快就到货了，老公穿上帅帅哒
2019年05月06日 20:09,颜色:绿色尺码:XL,布料柔软，做工精细，穿着还是不错的舒服
2019年05月06日 21:31,颜色:红色尺码:L,版型，颜色都不错。上身舒服，有需要还会回购
2019年05月21日 13:01,颜色:红色尺码:L,款式好看，面料很老公穿着很舒服很好看
2019年05月06日 16:24,颜色:红色尺码:XL,每年都要给自己在这家买几件丅恤的，主要是穿着比较舒适！
2019年05月11日 16:21,颜色:绿色尺码:XL,材质挺好的，希望越来越好，质量款式都不错，加油
2019年05月06日 19:54,颜色:绿色尺码:L,洗了以后型色没有任何变化，质量很好！穿上非常舒服！
2019年05月07日 15:25,颜色:绿色尺码:XL,衣服颜色款式穿上有样范不错不错哦！
2019年05月06日 16:24,颜色:蓝色尺码:XL,质量超级好，收到后又拍了2件，给我老公换着穿
2019年05月16日 17:01,颜色:蓝色尺码:3XL,已经穿上，帅气，同事相中了，把店铺名要去了
2019年07月23日 15:42,颜色:红色尺码:L,质量还可以，款式不错，码数标准
2019年05月11日 16:16,颜色:红色尺码:L,质量非常的好，朋友介绍的果然没有让我失望
2019年05月16日 17:12,颜色:蓝色尺码:M,手感，做工都挺好的，老公喜欢这个颜色
2019年05月11日 16:41,颜色:蓝色尺码:2XL,布料挺好，穿上版型也不错，值得购买
2019年05月14日 10:35,颜色:红色尺码:L,衣服质量很好，面料很舒服
2019年05月21日 20:47,颜色:红色尺码:M,短袖老公穿很好看，颜色正，做工精细，非常喜欢，值得推荐
2019年05月11日 16:10,颜色:蓝色尺码:3XL,头一次买这个品牌的衣服，客服推荐的尺码也特合适，很满意的一次购物
2019年05月06日 16:24,颜色:红色尺码:2XL,衣服的确不错，摸着手感很好，质量棒棒哒。喜欢
2019年05月18日 21:42,颜色:红色尺码:M,质量挺好的  穿着挺舒服
2019年07月31日 18:42,颜色:红色尺码:M,圖片上是白底，寄来的是黄底色差太大了
2019年05月06日 20:45,颜色:红色尺码:3XL,质量好上身效果很好，值得买一件
2019年05月06日 16:22,颜色:红色尺码:XL,衣服面料很好，大小合适，穿着舒服，并且工艺很好。
2019年05月04日 11:55,颜色:红色尺码:2XL,衣服穿着好看，面料也舒服，大小挺合适的
2019年05月22日 09:43,颜色:红色尺码:XL,衣服版型好，材质也不错，做工好，好评，不错
2019年05月11日 16:16,颜色:红色尺码:L,质量很软很舒服，上身效果很好，很喜欢
2019年05月11日 17:26,颜色:红色尺码:2XL,衣服挺好的，面料还可以
2019年05月22日 08:01,颜色:红色尺码:M,衣服质量很好，试穿很合身，很舒服，满意
2019年05月16日 17:20,颜色:红色尺码:L,自己还比较喜欢这个颜色啦。
2019年05月11日 19:00,颜色:红色尺码:M,衣服很满意，买过的为数不多的好评！
2019年07月31日 21:21,颜色:红色尺码:2XL,建议购买
2019年07月25日 11:00,颜色:红色尺码:3XL,大小合适，穿的舒服，物流也很快
2019年07月13日 13:48,颜色:蓝色尺码:XL,衣服质量不错就是买小了
2019年06月13日 16:22,颜色:蓝色尺码:M,真心不值这个价格，好看，质量很不好。
2019年06月13日 20:07,颜色:蓝色尺码:XL,衣服质量很好，款式特别好看
2019年05月06日 16:23,颜色:红色尺码:L,质量不必说了。摸着好舒服，洗了也不变形。
2019年06月10日 02:46,颜色:红色尺码:L,很满意 宝贝质量很好 物超所值 店家的服务态度棒棒哒 有需要再来
2019年05月24日 22:40,颜色:红色尺码:2XL,质量很好，价格实惠，穿着挺舒服的，也很漂亮，挺满意的。
2019年05月26日 21:05,颜色:红色尺码:4XL,特别喜欢这个颜色，很衬肤色，号码推荐的也刚刚好，面料穿着很舒服，很凉爽，不错，性价比高！
2019年05月20日 16:22,颜色:红色尺码:XL,衣服上身，质量很好，穿上颜色也很合适，不显年纪，很年轻，衬肤色
2019年09月16日 09:26,颜色:蓝色尺码:2XL,衣服收到，面料质量很好，做工精致，穿着透气舒服，而且上身效果特别的棒
2019年06月27日 23:37,颜色:红色尺码:XL,好看又实惠，布料摸起来不错，上身效果很棒，下次还回来光顾！
2019年06月10日 00:09,颜色:红色尺码:2XL,款式好看，大小刚刚好。
2019年08月28日 08:38,颜色:红色尺码:2XL,物流挺快的，衣服做工质量都不错，码数合适穿着好看很喜欢。
2019年08月20日 14:04,颜色:红色尺码:M,款式简单大方，尺码标准穿着大小合适，质量很好。
2019年08月18日 13:08,颜色:蓝色尺码:4XL,"价格大众化，质量很好呀,我挺满意的．如果有需要我还会继续光顾你的店铺！"
2019年09月07日 21:32,颜色:红色尺码:L,签收了打开看了一下和卖家描述的完全一样发货也很快没几天就到了老板服务态度很好以后还有需要就你家的了。
2019年10月04日 01:23,颜色:蓝色尺码:2XL,衣服质量很好，码数标准，物流很快，价格便宜，不错喜欢
2019年05月16日 17:05,颜色:红色尺码:3XL,我好喜欢好喜欢这件啊啊啊，不知道为啥莫名的就是对条纹谜之喜爱
2019年07月09日 17:58,颜色:红色尺码:L,亲，宝贝收到了，我超喜欢，做工质地都好得没话说，呵呵，服务态度也超好， 很有心的店家，以后常光顾
2019年08月13日 08:29,颜色:红色尺码:L,价格很优惠，服务也很，东西不错，给个好评此次鼓励 商品很不错，只是发货慢了一天，不过还是很好啦，o(&cap;_&cap;)o&hellip;
2019年06月26日 16:14,颜色:红色尺码:XL,衣服真心的不错，很合适，面料很好，做工精细，穿起来很好看。
2019年09月06日 13:39,颜色:红色尺码:XL,真的超级喜欢，质量非常好，与卖家描述的完全一致，完全超出期望值
2019年05月28日 00:06,颜色:红色尺码:L,面料，款式、上身效果都如店铺介绍一样，一如既往的满意，喜欢的亲可以不必担心，下单吧。不会后悔
2019年08月22日 20:26,颜色:红色尺码:2XL,短袖质量很不错，颜色好看，布料柔软穿着舒服，版型很好看，价格便宜实惠
2019年09月11日 07:49,颜色:蓝色尺码:3XL,宝贝收到了，质量也不错，挺满意的，客服态度很好，下一次需要会在来的。非常满意。
2019年08月27日 07:37,颜色:蓝色尺码:4XL,面料很舒服，很喜欢
2019年05月07日 11:14,颜色:红色尺码:L,衣服己收到质量和颜色非常满意，服务态度很好，下次还要买你家的衣服。
2019年05月25日 08:24,颜色:蓝色尺码:XL,收到了，质量很不错，手感很好，上身效果很不错，穿上很舒服，物流也挺快的，很满意。
2019年09月02日 09:55,颜色:红色尺码:L, 商家发货很快 到货很快  服务态度非常好  质量也很好 没有异味  收到后感觉赚到了  亲们赶紧下手了   下次还来你家买  
2019年09月07日 08:17,颜色:红色尺码:2XL,掌柜的服务态度真好，发货很快。商品质量也相当不错。太喜欢了，谢谢！
2019年06月18日 21:17,颜色:绿色尺码:XL,质量不错，大小合适，穿着舒服，跟卖家描述的一样，值得拥有
2019年05月11日 16:22,颜色:红色尺码:3XL,物流很快，店家态度很好！衣服面料不错，上身好，推荐购买！
2019年06月13日 07:37,颜色:红色尺码:L,"衣服收到了，尺码合适，颜色正，很图片描述一样，没有色差，做工精细，没有多余线头，穿上很合身，面料舒服，透气,挺好的值得购买"
2019年09月07日 21:29,颜色:红色尺码:2XL,发货速度快，质量好，满意
2019年08月18日 07:47,颜色:红色尺码:XL,货已收到，质量超级好，包装仔细，没有破损，下次继续光顾你家！推荐朋友来！
2019年09月04日 08:43,颜色:红色尺码:XL,衣服质量很好，做工精细，面料手感柔软颜色没有色差，穿着合身
2019年07月27日 00:03,颜色:红色尺码:XL,面料品质：好 厚薄度：适合 尺码推荐：正好 上身效果：修身 材质特性：满意 
2019年06月10日 02:52,颜色:红色尺码:L,很满意 宝贝质量很好 物超所值 店家的服务态度棒棒哒 有需要再来
2019年08月02日 16:00,颜色:蓝色尺码:4XL,短袖收到了，款式好看质量不错，面料舒服柔软，穿上很合适，满意！
2019年08月24日 07:44,颜色:红色尺码:L,货已收到，质量超级好，包装仔细，没有破损，下次继续光顾你家！推荐朋友来！
2019年08月02日 09:09,颜色:红色尺码:L,快递给力，物流快，质量好。颜色好看，面料柔软，号码标准，洗了不缩水不掉色，穿上合身，舒服，喜欢
2019年07月21日 16:36,颜色:红色尺码:3XL,质量非常的好，穿着挺舒服的，价格实惠物流也很快，挺满意的。
2019年05月30日 09:43,颜色:红色尺码:L,衣服收到了，质量不错，比想象中的还满意，上身效果非常满意，大小合身，很  喜欢。
2019年08月29日 21:19,颜色:红色尺码:XL,衣服质量不错，穿着很舒服，尺码标准，值得好评，下次还会来购的，这次购物我非常满意
2019年05月25日 22:50,颜色:红色尺码:XL,质量还不错，物流也很快。卖家态度挺好的，还有小礼物哈哈。
2019年07月25日 15:25,颜色:红色尺码:L,不好意思评价晚了，非常好的店家，东西很喜欢！买来这个是送人的她很喜欢卖家的贴心让我感到很温暖。
2019年08月26日 00:13,颜色:绿色尺码:XL,衣服收到了，质量很好，面料柔软，穿着很舒服，满意的一次购物
2019年08月21日 20:38,颜色:红色尺码:M,质量很好，和卖家描述的完全一样，款式很好，非常满意。
2019年08月28日 09:59,颜色:蓝色尺码:XL,卖家服务态度好，回复问题相当的及时，发货速度快，物流也快
2019年07月29日 13:40,颜色:蓝色尺码:XL,衣服质量不错，穿着很舒服，尺码标准，值得好评，下次还会来购的，这次购物我非常满意
2019年05月30日 14:43,颜色:红色尺码:L,正品，质量好，价格低，性比价高，物美价廉，物有所值，朋友看了都说很时尚。老板服务热情都到。物流很给力。
2019年05月07日 14:34,颜色:红色尺码:XL,第二次买这家T恤了，品质真的很好，不变形，版型好。
2019年06月13日 13:50,颜色:蓝色尺码:2XL,好卖家，真有耐心，我终于买到想要的东西了。谢谢卖家。
2019年07月15日 16:15,颜色:蓝色尺码:2XL,衣服收到，面料质量很好，做工精致，穿着透气舒服，而且上身效果特别的棒
2019年05月16日 17:00,颜色:蓝色尺码:L,效果还是不错的。穿上这种蓝色条纹的给人感觉，很清爽很舒适
2019年06月09日 13:32,颜色:蓝色尺码:4XL,好卖家，真有耐心，我终于买到想要的东西了。谢谢卖家。
2019年06月03日 12:50,颜色:红色尺码:L,质量很好，希望更多的朋友信赖．店主态度特好，我会再次光顾的．可不可以再便宜点．我带朋友来你家买。
2019年07月13日 13:45,颜色:红色尺码:L,质量挺好的，买的很值，比实体店便宜多了，还会再来买的。
2019年06月10日 06:55,颜色:红色尺码:XL,物流挺快的，衣服做工质量都不错，码数合适穿着好看很喜欢，价格也实惠很满意
2019年06月12日 10:37,颜色:红色尺码:3XL,这是我购物来让我最满意的一次购物。质量非常好，与卖家描述的完全一致！宝贝收到了，非常满意，以后再来。
2019年05月06日 16:23,颜色:蓝色尺码:3XL,多次光顾了，衣服质量很好，布料柔软，舒适透气，做工精细，高档大气，我先生很喜欢。
2019年05月06日 16:20,颜色:红色尺码:L,无可挑剔!大小版型也是非常显气质，修身形。从质量再到上身体验都相当不错
2019年05月06日 16:21,颜色:红色尺码:XL,今天到，拆开包装确认过眼神是我喜欢的衣服，夏天穿妥妥的
2019年07月24日 21:49,颜色:红色尺码:3XL,真的很喜欢，完全超出期望值，发货速度非常快，包装非常仔细、严实，物流公司服务态度很好，运送速度很快，很滿意的一次購物
2019年06月08日 08:53,颜色:红色尺码:XL,宝贝收到了包装完整发货速度速度快满意满意不错我很喜欢质量很好
2019年08月01日 13:24,颜色:红色尺码:XL,"质量非常好，与卖家描述的完全一致，非常满意,朋友推荐的，真的很喜欢，完全超出期望值，发货速度非常快，包装非常仔细&hellip;"
2019年09月17日 09:45,颜色:红色尺码:L,五星好评好评好评好评好评好评好评
2019年08月07日 11:35,颜色:红色尺码:2XL,衣服收到了包装完整发货速度速度快满意满意不错
2019年07月31日 19:35,颜色:红色尺码:4XL,宝贝很满意。
2019年06月19日 21:04,颜色:红色尺码:L,收到衣服了，面料好，做工精细，也无色差，穿上身效果合体，这品牌值得信赖，以后还会入手
2019年09月05日 13:56,颜色:绿色尺码:XL,衣服收到了，真的满意 ，质量非常好，  与卖家描述的完全一致， 真的很喜欢  ，发货速度非常快  ，包装非常仔细，  满意的一次购物
2019年10月08日 19:51,,"评价方未及时做出评价,系统默认好评!"
2019年10月09日 16:31,,"评价方未及时做出评价,系统默认好评!"
2019年10月10日 17:31,,"评价方未及时做出评价,系统默认好评!"
2019年10月10日 17:31,,"评价方未及时做出评价,系统默认好评!"
