2019年10月03日 14:07,颜色分类:满天星尺码:39（女）,鞋头款式：非常好看湿湿的一双鞋子超级棒卖家服务很好，一起买了两双，老公一双，老公因为出差回来试穿了一下大了，运保险也失效了，但是老板还是帮我们免费的换了，非常感谢，下次还来哦  。质量没的说。 
2019年09月28日 14:33,,"评价方未及时做出评价,系统默认好评!"
2019年09月28日 12:13,颜色分类:满天星尺码:40（男）,鞋子收到好几天了，做工非常棒，三百块钱物超所值，好评哦，还会再光顾的。
2019年09月25日 16:30,颜色分类:海盐亚洲限定尺码:41（男）,此用户没有填写评价。
2019年10月02日 17:45,颜色分类:灰橙欧洲限定尺码:40（男）,鞋子非常棒，还好搭衣服，穿着也很舒服
2019年09月29日 12:39,颜色分类:满天星尺码:38（女）,风格：很潮！很酷！买它就对了！ 
2019年09月16日 23:24,颜色分类:满天星尺码:42（男）,穿起来的感觉和正版差不多，很轻，软度和正版没什么区别，正版也谈不上什么踩屎感，都一样，不足方面就是满天星颜色太白，鞋后跟也不是黄色，人家一看就能辨认出假鞋，在学校穿，大多数同学都是富二代穿正版椰子，被认出难免会尴尬。
2019年09月25日 16:46,颜色分类:满天星尺码:42（男）,穿起来还可以 毕竟价格在那边呢 感觉不错 朋友以为是真品呢
2019年10月03日 15:26,颜色分类:满天星尺码:42（男）,上脚效果很好，不过建议平常穿多大码就选多大码，不要特意选大了，大了也不好。前面空的，我是不想来回折腾不换了
2019年10月07日 16:59,颜色分类:满天星尺码:42（男）,此用户没有填写评价。
2019年09月30日 20:28,颜色分类:满天星尺码:37（女）,鞋头款式：不错，女朋友很喜欢 
2019年09月20日 22:14,颜色分类:满天星尺码:44（男）,之前还有点不放心，货到之后真的没得说，绝对性价比超高的。
2019年09月25日 15:23,颜色分类:满天星尺码:41（男）,很满意的一次购物  太好看了 有档次
2019年09月25日 20:56,颜色分类:天使尺码:42（男）,质量很好，穿着也舒服，大小正好
2019年09月26日 14:53,颜色分类:黑色满天星尺码:42（男）,挺好的宝贝   棒棒的    下次还来
2019年09月24日 17:25,颜色分类:纯白冰激凌尺码:37（女）,样子很漂亮，还是挺满意的
2019年09月26日 19:40,颜色分类:芝麻灰尺码:42（男）,挺不错的细节做的还可以
2019年09月24日 16:20,颜色分类:满天星尺码:42（男）,东西挺好的
2019年09月23日 10:14,颜色分类:灰橙欧洲限定尺码:36（女）,物流很快，同事推荐的，说你们家的鞋子好穿，果然没让我失望，上脚很时尚，舒适感特好！以后有需要会优先考虑你家的！
2019年09月26日 11:42,颜色分类:满天星尺码:43（男）,不错的，虽然a货，但做工已经挺好的，莆田牛逼
2019年09月12日 21:15,颜色分类:天使尺码:41（男）,鞋头款式：很喜欢的 鞋面材质：看着舒服摸着也舒服 鞋底材质：很柔软，也很劳 风格：很潮的一款鞋子 
2019年09月25日 13:54,颜色分类:满天星尺码:37（女）,还可以
2019年08月20日 14:12,,"评价方未及时做出评价,系统默认好评!"
2019年09月26日 21:21,颜色分类:满天星尺码:43（男）,好看舒服！感觉很 nice
2019年09月09日 17:29,颜色分类:芝麻灰尺码:39（女）,鞋头款式：很喜欢 鞋面材质：透气舒服 鞋底材质：软硬适中  风格：是我喜欢的风格  
2019年08月11日 15:20,,"评价方未及时做出评价,系统默认好评!"
2019年09月15日 22:53,颜色分类:黑色满天星尺码:41（男）,第二次买了 上次给自己买的 现在给男朋友买的 真的很舒服 强推
2019年09月19日 22:20,颜色分类:黑色满天星尺码:44（男）,鞋子看着比较肥，但上脚效果还好，跟同等价位的相比还是这个穿着舒服，鞋子整体还不错，儿子很喜欢
2019年09月24日 14:08,颜色分类:满天星尺码:42（男）,到货快质量好
2019年09月24日 22:43,颜色分类:黑色满天星尺码:42（男）,速度很快，还是挺舒服的！
2019年09月08日 19:05,颜色分类:灰橙欧洲限定尺码:40（女）,鞋子轻便透气，味道不大，颜色质量都挺满意，已经关注，会经常来的，希望店家质量一如既往，多多搞活动，全五星
2019年09月17日 20:42,颜色分类:满天星尺码:39（女）,穿着很舒服，值这个价，推荐购买！
2019年09月08日 16:13,颜色分类:兵马俑珊瑚橙尺码:40（男）,鞋子收到了  不错 很喜欢
2019年09月09日 17:07,颜色分类:纯白冰激凌尺码:43（男）,挺好的，材质和舒适感都行
2019年09月08日 15:39,颜色分类:满天星尺码:35（女）,鞋子收到了，相对于来说挺满意的，穿着很舒服特别百搭
2019年09月11日 19:06,颜色分类:满天星尺码:42（男）,非常nice  好看 上脚十分的踩屎感 总体非常好
2019年09月11日 18:13,颜色分类:满天星尺码:41（男）,还可以，物美价廉，比想象中的要好
2019年09月12日 18:47,颜色分类:满天星尺码:38（女）,真的超级超级好看！
2019年09月10日 14:21,颜色分类:满天星尺码:36（女）,风格：是我想要的，和正版没区别 鞋底材质：橡胶底，软硬适中 鞋面材质：透气面料 鞋头款式：款式百搭，裙子，鞋子搭都很潮 
2019年09月11日 11:18,颜色分类:天使尺码:36（女）,自己穿就行了，别想着过毒啥的，这价钱差不多可以了，很喜欢，物流超级快，穿起来很舒服
2019年09月18日 18:42,颜色分类:满天星尺码:41（男）,果然，老田家人 匠心产品 货很硬 很赞
2019年09月09日 15:29,颜色分类:灰橙欧洲限定尺码:43（男）,穿着舒服，好看。
2019年09月14日 16:18,颜色分类:兵马俑珊瑚橙尺码:44（男）,男士的这个颜色也很好看
2019年09月14日 19:00,颜色分类:满天星尺码:39（女）,鞋子很软，很舒服
2019年09月10日 14:32,颜色分类:满天星尺码:37（女）,很喜欢，码子很正，穿起来舒服
2019年09月15日 20:07,颜色分类:满天星尺码:42（男）,感觉大了一点但是我还是喜欢  快递很快也很负责任喜欢的人可以入手哦
2019年09月01日 16:45,颜色分类:兵马俑珊瑚橙尺码:39（女）,收到后就迫不及待的穿上去旅游了，比预期的效果要好很多，走了2天也不累脚，鞋底特别舒适、拍照也很好看，放心购买吧！
2019年09月17日 14:17,颜色分类:黑色满天星尺码:41（男）,鞋子很满意，买的第二双了
2019年09月18日 14:25,颜色分类:满天星尺码:43（男）,风格：可以吧  挺喜欢的 
2019年07月29日 14:44,颜色分类:满天星尺码:37（女）,鞋子很棒和老公一人双，我是白天使，他是黑天使，鞋子好舒服，棒棒的
2019年07月29日 14:47,颜色分类:黑色满天星尺码:43（男）,鞋子很棒和老公一人双，我是白天使，他是黑天使，鞋子好舒服，棒棒的
2019年08月31日 17:35,颜色分类:满天星尺码:44（男）,鞋头款式：好看 鞋面材质：透气 鞋底材质：软弹 风格：帅气 
2019年09月14日 16:17,颜色分类:满天星尺码:36（女）,非常不错的颜色
2019年09月08日 00:25,颜色分类:海盐亚洲限定尺码:43（男）,前段时间一直在外地忘记收货了，补发一下，鞋子真的超级赞，非常不错的材质太划算了，上脚非常舒服大赞
2019年08月28日 08:58,颜色分类:兵马俑珊瑚橙尺码:38（女）,来她家买鞋已经n次了，每次穿出去都有朋友夸，哈哈开心，做工真的很好，喜欢一直关注这家冬天的雪地棉 鞋都是在这买的。夏天的运动鞋也选这家比别家的穿着舒服多了！鞋头好看，真皮的。 
2019年08月24日 22:54,颜色分类:黑色满天星尺码:39（女）,第二次购买，入秋了买一双黑色的搭衣服。就是因为穿着巨舒服才买的第二双！
2019年09月17日 14:58,颜色分类:灰橙欧洲限定尺码:38（女）,第三双，一如既往满意！
2019年08月31日 09:13,颜色分类:纯白冰激凌尺码:36（女）,穿上很舒服，鞋底很软，喜欢的朋友可以入手了。
2019年09月05日 15:46,颜色分类:满天星尺码:41（男）,鞋头款式：可以， 鞋底材质：柔软 风格：很好 
2019年08月28日 15:28,颜色分类:兵马俑珊瑚橙尺码:40（男）,风格：爱辽爱辽，特别舒适轻巧 
2019年09月08日 10:41,颜色分类:黑色满天星尺码:41（男）,非常舒服
2019年08月22日 08:44,颜色分类:满天星尺码:36（女）,鞋子收到了 ，特别喜欢 ，穿起来好好看 买了两双跟男朋友一起穿 
2019年08月31日 11:21,颜色分类:纯白冰激凌尺码:38（女）,鞋子穿上脚很舒服，轻便，但是显脚大，鞋头穿脏了😂
2019年09月22日 00:52,颜色分类:海盐亚洲限定尺码:43（男）,说实话very垃圾，就当我买了个虚荣心吧，退货麻烦的很，也不是特别舒服，估计再穿个一两个月就该坏了，等我回复吧，不建议买说实话，
2019年09月05日 15:38,颜色分类:满天星尺码:38（女）,非常喜欢老田家的鞋子 第二次购买了 之前买过一双雪地靴 非常喜欢 虽然说是定制 但是我觉得的很对的起她的质量 我觉得跟正品质量一样了 非常对得起价格 我非常喜欢他们家的鞋子的品质了
2019年08月22日 15:59,颜色分类:满天星尺码:38（女）,鞋子收到了，是我的尺寸没有偏差，喜欢平跟鞋，跑步好穿的很
2019年08月31日 11:14,颜色分类:天使尺码:37（女）,鞋子质量不错，有传说中的踩屎感，哈哈哈，穿的很舒服
2019年08月22日 17:01,颜色分类:海盐亚洲限定尺码:41（男）,脚感舒服，很轻很轻，底有点宽，感觉不错👍
2019年08月28日 17:39,颜色分类:满天星尺码:37（女）,鞋子很好。质量很棒。主要穿的很舒服
2019年08月28日 17:38,颜色分类:天使尺码:42（男）,鞋子很好。质量很棒。 主要穿的很舒服
2019年09月02日 17:47,颜色分类:满天星尺码:41（男）,鞋子好 质量可以
2019年07月29日 14:40,颜色分类:黑色满天星尺码:40（男）,非常的真实的还原了正版椰子。有许多地方细节做的非常非常到位。最舒服的还是真爆大底，非常的舒服。建议如果需买的话，买大一码。鞋子总体非常好。非常帅气，阳光。上脚舒适度特别高。服务态度也很好。男朋友很满意☺
2019年08月24日 00:40,颜色分类:天使尺码:43（男）,物流很快，一天就到了。鞋子质量也很好。对得起这个价格。
2019年09月03日 16:02,颜色分类:满天星尺码:39（女）,买了三次了，鞋穿着真的很舒服
2019年08月30日 17:45,颜色分类:满天星尺码:37（女）,挺好看的哦，大小刚好非常喜欢
2019年08月01日 19:58,颜色分类:天使尺码:37（女）,鞋子码很正，版型超好看，上脚非常的洋气，又很舒服。鞋子非常的轻，鞋面很透气。我买的是天使，因为天使比较耐脏。而且天使会显脚小！真的是百搭了！！！无论春夏秋冬穿都很合适。感觉真的很赞，有考虑再买珊瑚红。
2019年09月18日 21:48,颜色分类:芝麻灰尺码:43（男）,鞋子不错      嗯，还不错，也挺好，，，，，，，，，
2019年08月22日 08:39,颜色分类:纯白冰激凌尺码:36（女）,鞋子不错，很漂亮
2019年08月23日 05:02,颜色分类:满天星尺码:36（女）,鞋子和图片一样穿着舒服质量很好，做工精细，直得购买
2019年08月31日 10:45,颜色分类:满天星尺码:43（男）,真的很棒了，质量没的说，准备再入手一双
2019年08月28日 18:56,颜色分类:灰橙欧洲限定尺码:43（男）,挺好 轻便 鞋型不错，无异味
2019年09月01日 15:28,颜色分类:黑色满天星尺码:37（女）,鞋子穿了一段时间，版型很好看显得腿很长，质量也很好，穿起来很舒服，推荐
2019年08月25日 17:06,颜色分类:满天星尺码:40（男）,性价比非常高 外观细节和穿着舒适度 在这个价格非常优秀了
2019年09月01日 18:52,颜色分类:黑色满天星尺码:35（女）,很好看，质量也不错，我很喜欢
2019年09月02日 11:46,颜色分类:天使尺码:41（男）,第二次购买，对象到货直接穿走，说非常舒服就当个休闲运动鞋穿就行了
2019年08月01日 10:45,颜色分类:纯白冰激凌尺码:37（女）,身边好多的朋友都有这个鞋，自己也终于忍不住下手啦，第一个想到的肯定是老田家，大概从前年开始吧，已经记不清在他家买过多少鞋子了。质量从来没有失望过，再说说这双鞋吧，特意对比了一下，比朋友买的其他家三百多的都好，值得一提的是鞋底特别软，脚感真的是无敌！暴走一天下来都无压力的啦~
2019年09月04日 09:31,颜色分类:满天星尺码:38（女）,鞋超级棒。已经种草喜欢的小伙伴感觉拍。他家的质量最好。一起拍了两家果断留下这款赞赞
2019年09月01日 15:30,颜色分类:满天星尺码:42（男）,鞋子穿着挺好的 质量也很不错 款式也很好看 价格也不贵 物流速度也是很快
2019年09月06日 12:26,颜色分类:满天星尺码:35（女）,鞋子非常好看，上脚也很舒服，老客户了，不用怀疑质量
2019年09月07日 16:17,颜色分类:满天星尺码:43（男）,亲鞋子已收到了，穿上还不错，质量杠杠的，需要的亲可以下单哦
2019年09月07日 19:27,颜色分类:满天星尺码:36（女）,好看！好评！
2019年09月06日 17:35,颜色分类:黑色满天星尺码:42（男）,可以很舒适很喜欢
2019年08月26日 17:55,颜色分类:灰橙欧洲限定尺码:38（女）,挺舒服的，拍大了一码很宽松，走路带风
2019年08月27日 00:15,颜色分类:满天星尺码:38（女）,已收到质量没得说，包装完好鞋子也很漂亮，快递速度也不错，两三天就到了，挺满意的赞一个。
2019年08月08日 15:16,颜色分类:满天星尺码:37（女）,鞋子已收到，质量很好，鞋子很轻便也很柔软，鞋底是耐磨防滑的，款式很有青春气息，很适合年轻人穿，鞋子上脚不搁脚，不会脚汗，&nbsp;感觉实物比图片上还要漂亮&nbsp;，上脚更是没得说，很棒
2019年08月03日 19:38,颜色分类:满天星尺码:37（女）,感觉不要太好 哈哈哈哈哈哈 很喜欢 买了百搭的满天星 觉得酷酷的 因为自己有双灰色的了 下次还想试试别的颜色 太舒服了我想说 幸亏我买了大一码 穿着感一级棒！什么再出活动呀 想给父母也买一双 这次给自己和男朋友买的男朋友买的鞋子还没到 期待啊！！！
2019年08月25日 11:25,颜色分类:满天星尺码:38（女）,跑步一点也不累，很不错，五颗星。
2019年08月31日 14:22,颜色分类:纯白冰激凌尺码:41（男）,好评 到货速度快
2019年08月06日 19:36,颜色分类:纯白冰激凌尺码:35（女）,"简直大爱啊,从任何角度都不输正品的。上脚超级 舒服,踩了两坨屎在走路,哈哈哈哈哈哈,只能说 这个价格买到这种鞋简直是超高性价比,是真的爆 米花大底,只能说看好的姐妹们不用犹豫了,真的 这个价位买的很值&nbsp;"
2019年08月24日 17:42,颜色分类:天使尺码:36（女）,鞋子很满意啊，物流也很快。两天就收到了，鞋盒包装各方面做的都很精细，有品质。推荐给闺蜜了。马上入秋穿。好评。
2019年08月23日 21:05,颜色分类:黑色满天星尺码:36（女）,可以 挺好的
2019年08月31日 16:36,颜色分类:海盐亚洲限定尺码:37（女）,鞋子质量很好，轻便舒适，款式洋气，喜欢
2019年08月23日 13:15,颜色分类:满天星尺码:42（男）,收到了    很喜欢
2019年08月23日 09:02,颜色分类:满天星尺码:38（女）,第二双咯嘻嘻
2019年09月03日 08:52,颜色分类:兵马俑珊瑚橙尺码:39（女）,鞋子很漂亮，舒服，需拍大一码更舒服。
2019年08月26日 17:56,颜色分类:天使尺码:39（女）,脚瘦拍正好的就行，老公大脚趾长，大一码宽松，正好的码又有点顶脚，仅供参考吧
2019年09月01日 21:42,颜色分类:满天星尺码:38（女）,鞋子很不错，脚穿上很舒服，长时间穿不累，底子很不错。
2019年07月31日 20:51,颜色分类:满天星尺码:37（女）,买了一家900多和这家还有一家400多的，400多的没有这家质感好，鞋型也没有这家的正宗，800多的和这家的材质差不多，一样轻，颜色的话还没这家的接近正版，综合性价比，最后留下这家的。穿着去天津玩，人山人海的走了一整天，这鞋一点都不累脚，舒适度非常好
2019年08月30日 12:59,颜色分类:满天星尺码:40（男）,超超超级喜欢
2019年08月22日 10:22,颜色分类:满天星尺码:42（男）,很好看，质量也很好
2019年08月29日 20:33,颜色分类:天使尺码:38（女）,因为颜值高买的，穿起来很舒服啊，太喜欢了
2019年08月31日 22:53,颜色分类:满天星尺码:38（女）,很经典的椰子鞋，很漂亮，穿上也很舒服
2019年08月29日 17:17,颜色分类:天使尺码:44（男）,挺不错的
2019年09月03日 10:32,颜色分类:天使尺码:36（女）,鞋子很好看，质量很好，很舒服逛了一天街也不累脚。带着我的新鞋子，美美的出去玩。
2019年08月27日 14:08,颜色分类:满天星尺码:38（女）,同事介绍的，材质柔软舒适
2019年09月05日 13:59,颜色分类:满天星尺码:43（男）,nice～
2019年08月31日 13:28,颜色分类:兵马俑珊瑚橙尺码:41（男）,穿的舒服，围观好看，上脚舒适
2019年07月29日 19:51,颜色分类:兵马俑珊瑚橙尺码:38（女）,发货很快的哎～这个橙色超好看啊～也很适合夏天～穿起来好软好软 脚下有点晕乎乎的感觉哈哈哈 太舒服啦 鞋子的流线感很好 我要研究研究鞋带的其他系法～配裙子和打底裤都很好看 很适合我不喜欢穿高跟鞋的女生了～超值！
2019年09月01日 15:39,颜色分类:奶油黄尺码:36（女）,鞋子非常好看，穿着特别舒服准备在一双，喜欢的赶紧下单哦
2019年08月31日 10:39,颜色分类:满天星尺码:42（男）,鞋子挺好的，在你家买了三双了，好看
2019年09月03日 14:05,颜色分类:满天星尺码:40（女）,鞋子穿上特别舒服轻便。也不磨脚。很时尚。物流也很快，下次还来全五分。
2019年09月02日 14:24,颜色分类:兵马俑珊瑚橙尺码:39（女）,很好，和图片一样。穿起来也很舒服，值得买，喜欢。
2019年08月01日 20:02,颜色分类:兵马俑珊瑚橙尺码:37（女）,兵马俑这个颜色大概是椰子鞋系列里面最纯的最干净的一个颜色了吧，太好看了这个颜色。一眼就看中的，总觉得其它这么多颜色都抵不过这双好看，个人比较喜欢纯色，简单干净利落，夏天就适合这样清新的色。
2019年08月22日 07:00,颜色分类:满天星尺码:37（女）,鞋子质量很好，穿上很好看，很舒服哦～
2019年08月25日 13:30,颜色分类:满天星尺码:36（女）,鞋子收到了超级好看而且特别舒服，真是物有所值，下次还来您家，祝老板生意兴隆
2019年08月28日 08:35,颜色分类:满天星尺码:42（男）,不错，挺满意
2019年08月06日 18:41,颜色分类:海盐亚洲限定尺码:39（女）,刚收到立马换上了，都舍不得脱下来，感觉被这双鞋给绑架了，真的特别好，跟详情页里面描述的一模一样，鞋底很软，打算帮男朋友也买一双。当情侣鞋来穿。
2019年08月05日 11:48,颜色分类:满天星尺码:37（女）,鞋子很喜欢，穿着挺舒服，也很轻便，上脚好看，特别是晚上的时候，真的有光！鞋底很软，不嘞脚，价格也不贵，总体来说挺满意的，喜欢，值得购买！
2019年08月18日 11:04,颜色分类:满天星尺码:35（女）,斟酌了好久那么多店铺最后还是挑选了这家，颜色很正，细节做的很好，试穿脚感比较舒服。卖家客服态度很好哦，快递包装也比较仔细，爆米花底做工已经算是很好啦，有局部照片大家可作为参考，个人认为在这个价位上算不错啦，总之不会失望&hellip;&hellip;感觉只有对自己喜欢的东西才会去做一个认真的反馈
2019年07月31日 19:13,颜色分类:兵马俑珊瑚橙尺码:37（女）,风格：走再多的路都不累脚，出去外面玩了一天超级棒，脚感真的很不错，鞋底有弹性，鞋子质量好，大小刚好合适，是我买到最满意的一双鞋了，下次还会再来的～ 
2019年08月19日 12:00,颜色分类:纯白冰激凌尺码:43（男）,脚感确实没的说，感觉很软，做工也很好，这是我这双感觉左脚鞋面要比右脚的稍微松弛一点，没有右脚那么贴合。感觉没必要买大一号，大半号就可以了
2019年09月05日 16:14,颜色分类:满天星尺码:38（女）,特别喜欢他家的鞋，舒服好看
2019年08月29日 21:49,颜色分类:满天星尺码:36（女）,鞋子质量很好，穿着舒服
2019年08月25日 15:46,颜色分类:灰橙欧洲限定尺码:41（男）,发货速度快 包装严实 非常漂亮
2019年08月24日 19:34,颜色分类:满天星尺码:37（女）,鞋子质量特别好，穿着舒服，很满意，喜欢，好评。
2019年09月19日 17:44,颜色分类:兵马俑珊瑚橙尺码:40（男）,太喜欢了，但是黑龙江这个季节已经穿不了了，留着来年穿吧
2019年08月20日 08:43,颜色分类:天使尺码:38（女）,这个价格买到这款鞋真的太划算了，不是第一次买，质量很好，鞋底很软，鞋带酷炫，百搭，跑步、跳绳都可以，穿上美美哒
2019年08月23日 18:00,颜色分类:灰橙欧洲限定尺码:35（女）,不错，挺喜欢的。昨天穿了一下午也不磨脚，满意
2019年08月14日 08:19,颜色分类:兵马俑珊瑚橙尺码:38（女）,鞋子真的是太好看了，感觉咋都拍不出它的美，很百搭，舒适度也超好，鞋子一到，就穿出去浪了，现在整体效果都很好，姐妹们，买吧，真的很推荐，相信我
2019年08月23日 21:41,颜色分类:兵马俑珊瑚橙尺码:37（女）,好好看的鞋，质量也不错。。挺喜欢的，好评
2019年08月26日 16:16,颜色分类:天使尺码:38（女）,第二次购买，还是一样的好！
2019年08月31日 17:24,颜色分类:黑色满天星尺码:41（男）,很喜欢，质量很好，底子也很软
2019年08月30日 12:41,颜色分类:黑色满天星尺码:41（男）,买过一双很好穿 又帮朋友买一双
2019年08月04日 10:22,颜色分类:满天星尺码:37（女）,挺经典的款，很喜欢，版型很好，还是选择了满天星，很干净利落，码数正好。防滑鞋底比较舒服。配休闲的贼好看
2019年08月25日 13:31,颜色分类:满天星尺码:39（女）,好看好看，很舒服
2019年08月27日 14:49,颜色分类:满天星尺码:37（女）,款式很漂亮，穿在脚上很舒服，值得购买！
2019年08月29日 17:17,颜色分类:满天星尺码:41（男）,男朋友说很舒服，哈哈哈哈，开心
2019年09月05日 14:01,颜色分类:满天星尺码:36（女）,鞋子质量很好 特别喜欢
2019年09月12日 15:16,颜色分类:满天星尺码:38（女）,感觉鞋码没有大太多，我脚也很瘦，选正常码估计也会很合适。穿上以后很好看，但是我老公说秒变谢大脚啊。质量一级棒，做工超级细致，和我在专柜订的鞋子看起来真的一样，鞋带稍微有点区别吧。
2019年08月30日 16:37,颜色分类:满天星尺码:37（女）,鞋子收到了挺好的&hellip;挺舒服的
2019年08月01日 14:27,颜色分类:兵马俑珊瑚橙尺码:36（女）,真的没想到这鞋子质量太好了，颜色超级正！因橙色真的超级漂亮，太喜欢了！太漂亮了，很少女心，很百搭！！！！
2019年08月22日 07:55,颜色分类:满天星尺码:37（女）,老顾客了，质量都很好
2019年09月02日 20:48,颜色分类:满天星尺码:39（女）,质量特别好，同样品质的在商场特别贵，物超所值，值得购买
2019年08月17日 19:05,颜色分类:兵马俑珊瑚橙尺码:36（女）,颜色很好看，尺码大小合适，穿着很舒服，质量非常不错，价格实惠
2019年08月05日 21:26,颜色分类:纯白冰激凌尺码:35（女）,哇.我喜欢啊.反正现在实习也买不起正儿八经的。穿个样子也不用在乎什么牌子.舒服就好.货比了好几家才决定试试这个宝贝.上脚也太舒服了.走路软软的.就是那种踩shi感的感jio哈哈.
2019年08月21日 16:32,颜色分类:满天星尺码:36（女）,鞋面材质：很舒服 
2019年07月29日 19:25,颜色分类:兵马俑珊瑚橙尺码:37（女）,在这家买过好几次鞋子了，不得不说性价比真的很高，这次是给自己买了这双鞋，穿上去特别软，很舒服，而且穿上也很好看，非常喜欢，下次还会再来买！
2019年08月26日 08:55,颜色分类:灰橙欧洲限定尺码:41（男）,满意👌
2019年09月04日 23:17,颜色分类:纯白冰激凌尺码:38（女）,给老婆买的，老婆很喜欢
2019年08月30日 16:05,颜色分类:满天星尺码:41（男）,穿着挺舒服的。
2019年08月09日 14:35,颜色分类:纯白冰激凌尺码:37（女）,鞋子收到了，包装很好，鞋子太漂亮了，穿上回头率很高，上脚很舒服，闺蜜都说好看问我要链接，质量是真的好，很满意
2019年08月11日 19:45,颜色分类:满天星尺码:36（女）,鞋子非常好 穿着舒适 做工精细 很百搭 还显腿长 穿着出去徒步旅游都可以 一点都不累 满意推荐购买
2019年09月11日 16:00,颜色分类:满天星尺码:39（女）,感觉鞋底好像有点硬，味道有点大，不过看上去还行吧
2019年08月05日 03:11,颜色分类:纯白冰激凌尺码:39（女）,鞋底材质：舒服 风格：是的 鞋面材质：挺好 鞋头款式：还行 
2019年08月09日 09:42,颜色分类:黑色满天星尺码:42（男）,第三次购买，因为鞋子穿上非常舒适，外观也很好看，就推荐给朋友了，开始41码不合适，还好有运费险，可以免邮费寄回去，快递也很快，2天就到了
2019年09月01日 20:01,颜色分类:灰橙欧洲限定尺码:44（男）,挺漂亮的，挺合适的
2019年07月31日 12:50,颜色分类:满天星尺码:36（女）,欢喜一双小一码的，穿起来很好看，很舒服，给我老公也拍了一双👍
2019年09月05日 19:13,颜色分类:黑色满天星尺码:37（女）,好，继续购买
2019年08月29日 08:02,颜色分类:满天星尺码:40（女）,送人的 很喜欢
2019年07月11日 12:34,颜色分类:黑色满天星尺码:36（女）,超级好，和朋友的对比了，一摸一样的
2019年08月27日 00:44,颜色分类:天使尺码:35（女）,物美价廉，良心卖家，支持下
2019年08月21日 14:49,颜色分类:满天星尺码:42（男）,还可以奥
2019年09月04日 18:24,颜色分类:满天星尺码:41（男）,还不错噢
2019年08月28日 12:00,颜色分类:芝麻灰尺码:43（男）,非常好穿！
2019年08月22日 00:21,,"评价方未及时做出评价,系统默认好评!"
2019年08月01日 15:13,颜色分类:芝麻灰尺码:36（女）,脚感超好啊 ，满满的踩shi感很舒服。之前买了别人家的鞋子，不怎么样就退了，这家挺舒服的，颜色超级好看，非常喜欢！
2019年08月14日 13:34,颜色分类:纯白冰激凌尺码:38（女）,鞋头款式：很棒 鞋面材质：质量好的 鞋底材质：走路跑步都很舒服 风格：超级喜欢的，颜色不耐脏不过喜欢就好啦 
2019年08月06日 18:54,颜色分类:黑色满天星尺码:36（女）,很不错的一双鞋子，上脚又轻又软。码也很正，做工精致，值得购买。
2019年08月09日 15:54,颜色分类:满天星尺码:43（男）,不分男女，老公很喜欢，还要再入一双黑色
2019年09月15日 18:14,颜色分类:芝麻灰尺码:40（男）,此用户没有填写评价。
2019年08月19日 15:48,颜色分类:兵马俑珊瑚橙尺码:37（女）,挺舒服的，特意按提醒买大了一号，个人觉得买大半号就够了，穿双厚袜子应该就合适了。
2019年08月13日 17:34,颜色分类:灰橙欧洲限定尺码:41（男）,平时41，这款脚肥的话可以选大一码。脚感舒服，挺好的
2019年08月19日 18:51,颜色分类:灰橙欧洲限定尺码:38（女）,收到鞋子的时候太惊艳了，完全是我喜欢的类型，上脚很酷但不失优雅，怎么搭配怎么爱，不过我还是特地穿了几天才来评价，爬山什么的脚不痛，很舒服，给需要的小仙女参考！
2019年08月19日 16:33,颜色分类:纯白冰激凌尺码:36（女）,我也看不出真假，没见过真的，不过鞋是特别舒服，后期有美图会补的
2019年08月20日 08:53,颜色分类:芝麻灰尺码:40（男）,很棒，无论是包装还是鞋子本身，都很不错的，计划再入一个冰淇淋🍦
2019年08月07日 21:33,颜色分类:满天星尺码:38（女）,鞋子很赞，做工精细，穿上去超级舒适，这次购物很满意
2019年08月12日 13:10,颜色分类:纯白冰激凌尺码:37（女）,网上找了好多家椰子鞋，对比的很多，最终选定了这家，看到店主对做一双鞋子那么用心，觉得这家鞋子的质量肯定不会差了。果断下单买了。买回来穿着很舒服，已经穿了好多天了。很舒服，软软的，这双鞋穿上一点也不累脚。大爱，以后还会光顾。
2019年08月01日 14:06,颜色分类:兵马俑珊瑚橙尺码:38（女）,非常洋气好看，也特别百搭，推荐购买
2019年08月20日 10:46,颜色分类:满天星尺码:38（女）,收到鞋子好几天来评论的，鞋子尺码大小合适，平时穿着公出，逛街，健身都可以，比较舒适也实用，价格也合理
2019年08月14日 18:51,颜色分类:满天星尺码:38（女）,鞋子收到了，女儿喜欢穿运动鞋，大小合适
2019年08月05日 16:23,颜色分类:满天星尺码:38（女）,收到了 很好看呢
2019年07月29日 13:10,颜色分类:满天星尺码:39（女）,鞋头款式：非常喜欢 鞋面材质：材质很好，不磨脚 鞋底材质：柔软舒适 风格：休闲好搭 
2019年08月09日 17:19,颜色分类:满天星尺码:43（男）,鞋底材质：非常柔软，像踩在云朵一样 
2019年08月05日 17:11,颜色分类:黑色满天星尺码:42（男）,黑色很酷喜欢黑色不要错过
2019年08月10日 14:24,颜色分类:满天星尺码:36（女）,鞋子还不错 挺好看的 穿着也很舒服
2019年08月03日 10:05,颜色分类:满天星尺码:38（女）,很舒服鞋底很软 嘻嘻超级喜欢
2019年08月07日 15:48,颜色分类:天使尺码:44（男）,款式新颖，质量好，价格合适，值得购买
2019年08月01日 21:56,颜色分类:天使尺码:36（女）,鞋子超级棒，穿上很合适，推荐
2019年08月07日 21:44,颜色分类:黑色满天星尺码:38（女）,满意，穿着很百搭，舒适，质量很棒
2019年08月12日 07:07,颜色分类:黑色满天星尺码:38（女）,好看，穿着也舒服，还会再来的。
2019年08月08日 16:29,颜色分类:纯白冰激凌尺码:42（男）,此用户没有填写评价。
2019年08月02日 10:44,颜色分类:满天星尺码:39（女）,好喜欢又买了黑色的
2019年08月02日 14:07,颜色分类:满天星尺码:38（女）,轻快，透气，帅气
2019年08月01日 18:31,颜色分类:满天星尺码:38（女）,鞋子很好看，舒服，软软的
2019年08月01日 11:44,颜色分类:灰橙欧洲限定尺码:39（女）,老公的也到了，好看
2019年08月19日 19:55,颜色分类:满天星尺码:37（女）,鞋子收到了实物和照片一样，上脚非常好看而且特舒服，做工精细，准备在买一个其它色换着穿，真是太喜欢这双鞋了
2019年05月24日 10:45,颜色分类:满天星尺码:38（女）,以前一直欣赏不来椰子的款式，又宽又大又笨，丑死了，专门踩shi感买的这双鞋试试，穿起来很舒服，不累脚，发现真的很耐看，可是有点嫌脚大，送上三张最真实的反光图，没有想象的理想，但也很好看
2019年08月05日 16:20,颜色分类:芝麻灰尺码:真正版鞋巴斯夫爆米花鞋底,鞋的材质穿着很舒服，透气吸汗性很好，颜色款式很百搭，很喜欢也很满意，好评
2019年08月07日 14:05,颜色分类:满天星尺码:38（女）,此用户没有填写评价。
2019年08月17日 13:17,颜色分类:满天星尺码:44（男）,上脚挺舒服的  不错的购物
2019年09月15日 19:23,颜色分类:纯白冰激凌尺码:37（女）,给老婆的礼物，她竟然说以前买过一双，穿着不习惯就压箱底了，让我退掉。结果一试发现好舒服，立马剪商标，留着自己穿了。 
2019年08月15日 14:16,颜色分类:灰橙欧洲限定尺码:35（女）,我心仪已久的椰子鞋终于到了，试穿后，好舒服呀，同事都夸漂亮，还把链接发给她，会一直关注这家店铺的新品！满意！
2019年08月19日 11:10,颜色分类:满天星尺码:42（男）,可以的，穿起来很舒服
2019年08月15日 01:49,颜色分类:奶油黄尺码:37（女）,鞋子质量非常好 还是回购的
2019年08月11日 23:00,颜色分类:满天星尺码:37（女）,鞋子很漂亮
2019年09月15日 22:58,颜色分类:满天星尺码:43（男）,挺好看的，穿着还算舒服
2019年08月14日 18:21,颜色分类:天使尺码:37（女）,简单大气，透气性好，版型不错穿着舒服质量很好
2019年08月09日 21:53,颜色分类:满天星尺码:39（女）,椰子鞋质量很好发货很快 价格实惠很满意 鞋码标准 上脚很舒服
2019年08月20日 10:25,颜色分类:黑色满天星尺码:38（女）,很不错 穿着蛮舒服的
2019年08月03日 17:56,颜色分类:黑色满天星尺码:44（男）,宝贝很好 已经买了第二次了 很棒
2019年08月05日 21:09,颜色分类:满天星尺码:38（女）,鞋子是新款，样式新颖，穿着很舒服，价格也可以，挺满意的
2019年08月19日 00:56,颜色分类:天使尺码:40（男）,是我喜欢的款式，尺码大小合适，价格实惠，会回购的
2019年08月15日 19:29,颜色分类:天使尺码:42（男）,帮朋友买的还可以不错
2019年08月15日 19:38,颜色分类:满天星尺码:40（女）,质量特别好 特别轻还特别酷
2019年08月09日 08:05,颜色分类:满天星尺码:37（女）,舒服的一塌涂地，增高5厘米，喜欢的不得了
2019年07月29日 23:07,颜色分类:满天星尺码:40（女）,鞋子款式好看，穿上也比较舒服，鞋底柔软防滑。
2019年07月29日 12:14,颜色分类:海盐亚洲限定尺码:37（女）,款式时尚潮流，质量很好，上脚舒服，尺码准
2019年08月16日 16:01,颜色分类:满天星尺码:40（女）,尺码大小正合适鞋面材质穿着非常舒服很喜欢！
2019年08月20日 16:34,颜色分类:满天星尺码:36（女）,椰子鞋网红款，终于到手了，轻巧舒适，很柔软，超级喜欢
2019年09月11日 11:16,颜色分类:灰橙欧洲限定尺码:40（男）,自己穿就可以了，但是过不了毒，这价钱值了，反正脚是自己的穿着舒服就可以了，真要在乎真假也没必要看淘宝
2019年07月31日 08:18,颜色分类:满天星尺码:37（女）,款式还不错，鞋子挺轻便的，跟老公买的情侣鞋
2019年08月12日 14:50,颜色分类:满天星尺码:37（女）,今年流行的满天星，我也买了穿穿，确实漂亮，洋气，透气性很好
2019年07月31日 12:25,颜色分类:纯白冰激凌尺码:39（女）,鞋子质量挺好的，穿上很舒服。码数也很正。特别满意，下次还会在来。
2019年07月31日 17:02,颜色分类:满天星尺码:38（女）,很好啊～码数标准不用拍大码的，之前拍了个39的还是很大卖家很快就给换了重拍的运费也全包 穿上很舒服能穿一段时间总之一句话很好！推荐购买
2019年08月18日 08:12,颜色分类:芝麻灰尺码:36（女）,很好鞋子很舒服
2019年08月11日 08:36,颜色分类:兵马俑珊瑚橙尺码:38（女）,收到货，非常的惊喜，他家的老顾客了，鞋子没有色差，性价比很高的一款鞋子，会持续关注的。
2019年08月01日 13:04,颜色分类:满天星尺码:39（女）,鞋子质量很好呢，颜色也很正。穿上特别舒服。特别喜欢，下次还会在来。
2019年08月08日 19:52,颜色分类:兵马俑珊瑚橙尺码:38（女）,鞋子很不错，刚收到试穿码数合适，就穿出去了。鞋型是真的好看，显腿细，上脚还很酷，而且也很百搭，这个性价比可以说是很高了，好评！！
2019年09月14日 17:22,颜色分类:满天星尺码:41（男）,看着还不错，挺和脚的，也舒服，不知道鞋底耐磨不。有一点色差
2019年07月29日 13:31,颜色分类:芝麻灰尺码:真正版鞋巴斯夫爆米花鞋底,鞋头款式：喜欢 鞋面材质：很好 风格：是我想要的 
2019年08月16日 17:25,颜色分类:满天星尺码:42（男）,鞋子质量不错，码号合适，上脚很舒服，满意的一次购物
2019年08月08日 14:51,颜色分类:满天星尺码:40（女）,太舒服啦给我妈也买了同款
2019年08月10日 13:53,颜色分类:纯白冰激凌尺码:38（女）,鞋头款式：好看 鞋面材质：舒服 风格：是我喜欢的风格 
2019年07月29日 08:57,颜色分类:兵马俑珊瑚橙尺码:38（女）,已经是第二次在他家买鞋了，质量好、做工细、颜色正、款式潮，很大气，朋友家人都说好看，我自己也很喜欢，网面很透气、但是摸着手感很好，我是看了评价后买的，果然没让我失望，下次还会关顾。赞👍👍👍
2019年08月16日 17:59,颜色分类:黑色满天星尺码:42（男）,鞋子质量不错，做工细致，穿着很舒服，透气性不错，老公很满意
2019年08月14日 15:20,颜色分类:满天星尺码:40（女）,质量超好 很棒 推荐买
2019年08月02日 07:37,颜色分类:满天星尺码:42（男）,质量不错物流挺快的.赞
2019年08月15日 12:12,颜色分类:天使尺码:37（女）,和图片上的一模一样，喜欢诶
2019年08月14日 15:45,颜色分类:满天星尺码:37（女）,质量挺好，大小合适，穿上挺舒服，有需要还来
2019年08月16日 17:10,颜色分类:满天星尺码:42（男）,鞋子质量不错，码号标准，透气舒服，推荐购买哦
2019年08月12日 09:45,颜色分类:满天星尺码:39（女）,质量很好，鞋底很软，透气性很好，穿上不臭脚
2019年08月04日 10:18,颜色分类:满天星尺码:38（女）,质量很好，穿着很舒服，鞋底防滑，款式好看
2019年09月06日 20:17,颜色分类:满天星尺码:40（女）,感觉不错、轻巧，就是有点宽，可能是码数大的原因
2019年08月17日 09:47,颜色分类:满天星尺码:36（女）,鞋头款式：喜欢的，刚刚合适，穿上很舒服 
2019年08月12日 15:15,颜色分类:满天星尺码:36（女）,鞋子真不错穿上挺好看的质量也可以
2019年08月04日 09:52,颜色分类:满天星尺码:37（女）,鞋非常好看，今年最流行的款式，配上老爹裤，一身搭配很亮眼
2019年08月16日 21:26,颜色分类:满天星尺码:37（女）,太好看了，轻便舒适，跑步逛街毫无压力。只是晚上不会亮。
2019年08月15日 15:24,颜色分类:满天星尺码:37（女）,款式时尚，轻盈透气，穿上舒服，不错
2019年08月12日 17:03,颜色分类:纯白冰激凌尺码:38（女）,已经穿了一段时间了，上脚很舒服，好看。
2019年08月09日 10:29,颜色分类:满天星尺码:37（女）,鞋子收到了，好好看，质量很好。好舒服，轻便。
2019年08月07日 13:39,颜色分类:满天星尺码:40（男）,还不错
2019年08月05日 17:59,颜色分类:芝麻灰尺码:更多细节实拍请联系客服,鞋子质量很不错，跟描述相符，样子满意，值得推荐！
2019年08月15日 16:46,颜色分类:黑色满天星尺码:42（男）,第二次购买了 质量非常好 穿着也舒服 下次还会再买
2019年07月28日 14:22,颜色分类:兵马俑珊瑚橙尺码:38（女）,认真写下请假，确实值得的购买，鞋穿着特此舒服，颜色很好看
2019年08月16日 11:49,颜色分类:满天星尺码:36（女）,鞋子很好！穿起来很舒服！第二次光顾小店了&hellip;&hellip;好评
2019年07月29日 08:52,颜色分类:满天星尺码:36（女）,终于买到有踩屎感的鞋子了！真真切切的超软超舒服，粉粉的颜色满足了我的少女心！这么热的天儿穿上一点也不热，说明了透气性的优秀，特满意！
2019年08月08日 19:18,颜色分类:满天星尺码:36（女）,质量真不错，穿上很潮，很喜欢的一款鞋子，很满意
2019年07月28日 09:01,颜色分类:黑色满天星尺码:43（男）,蛮好的客服态度不错
2019年08月14日 20:11,颜色分类:灰橙欧洲限定尺码:37（女）,鞋子非常好，颜色质量都不错，稀饭稀饭
2019年07月29日 17:43,颜色分类:天使尺码:36（女）,鞋子码数标准，没有色差，很喜欢，质量不错
2019年08月16日 14:55,颜色分类:满天星尺码:39（女）,鞋子很漂亮，穿着也非常舒服，感觉超级棒！
2019年08月20日 21:24,颜色分类:满天星尺码:42（男）,鞋子非常好看 走起来很舒服 踩shi感
2019年07月31日 19:36,颜色分类:兵马俑珊瑚橙尺码:38（女）,鞋子收到了，版型特别好看。穿这也很舒服 赞👍
2019年08月03日 18:25,颜色分类:芝麻灰尺码:37（女）,穿着很舒服，质量很好，这个价格买到不贵，很值
2019年08月02日 17:01,颜色分类:灰橙欧洲限定尺码:36（女）,快递收到了，鞋子质量很好，穿着很舒服，很合脚，超级喜欢好评赞赞赞
2019年08月17日 17:10,颜色分类:芝麻灰尺码:39（女）,质量很好，大小合适，穿起来很舒服，值得购买，好评
2019年08月17日 15:57,颜色分类:芝麻灰尺码:德国进口24针飞织鞋面,穿着很舒服，码数也标准，挺满意的
2019年08月19日 09:42,颜色分类:纯白冰激凌尺码:38（女）,鞋子收到了，非常好，穿起来很舒服
2019年07月17日 10:17,颜色分类:满天星尺码:36（女）,鞋子收到好久了 鞋子超级好看超级美腻啊 穿着又很舒服 版型也很好 觉得跟原版没啥区别 性价比真的高 做工也很好 细致到线头 颜色这款很不错 很耐脏 平时比较懒不喜欢刷鞋 所以不敢买白色 穿的好回头再来买其他颜色
2019年08月08日 19:41,颜色分类:黑色满天星尺码:37（女）,鞋子非常好看，穿着也舒服，还会来买的！祝老板生意兴隆财源广进！
2019年08月08日 19:41,颜色分类:黑色满天星尺码:42（男）,鞋子非常好看，穿着也舒服，还会来买的！祝老板生意兴隆财源广进！
2019年08月02日 21:44,颜色分类:满天星尺码:37（女）,鞋子很舒服，也很漂亮，不显脚大，马苏也超正，很喜欢这种休闲鞋，服务态度也超好，很有心的店家，以后常光顾
2019年08月15日 13:57,颜色分类:纯白冰激凌尺码:36（女）,显脚大，但是很舒服
2019年08月06日 10:51,颜色分类:灰橙欧洲限定尺码:37（女）,鞋子非常漂亮，穿着舒服客服态度非常好
2019年08月17日 15:47,颜色分类:纯白冰激凌尺码:35（女）,收到了，不错，是我喜欢的款式，我也是老客户了，一直信赖他家的产品，还会再来
2019年08月13日 23:33,颜色分类:灰橙欧洲限定尺码:35（女）,鞋子收到了，质量不错，透气性好
2019年08月12日 10:21,颜色分类:满天星尺码:37（女）,鞋子质量不错，透气性好
2019年07月29日 07:44,颜色分类:满天星尺码:41（男）,颜值很高，穿着很舒服
2019年08月06日 16:39,颜色分类:兵马俑珊瑚橙尺码:38（女）,粉粉的穿上去很少女，很舒服
2019年08月15日 11:09,颜色分类:兵马俑珊瑚橙尺码:38（女）,质量不错，穿上合适舒服。
2019年08月01日 21:08,颜色分类:天使尺码:35（女）,鞋子很舒服，质量不错我很满意
2019年08月07日 09:59,颜色分类:满天星尺码:36（女）,款式好看，穿着舒服，价格合理，物美价廉！
2019年08月03日 19:27,颜色分类:满天星尺码:43（男）,版型很正，穿上效果好，质量很好！很满意！
2019年07月29日 12:53,颜色分类:纯白冰激凌尺码:37（女）,大爱的鞋子，质量好，，做工精细，尺码标准
2019年09月14日 13:23,颜色分类:满天星尺码:39（女）,不太合脚
2019年06月28日 20:27,颜色分类:满天星尺码:37（女）,这个鞋子真心不错，旅游穿过最舒服的一双了，满天星这个颜色真的好洋气啊，本来心想可能会累脚，完全是多余的想了。每次穿这种鞋都会磨脚，但是这个鞋子不磨脚，脚最满意的一次旅行，get了最流行的ikaws系法特别的时尚，满满的高级感，非常完美啊啊！！
2019年08月08日 06:55,颜色分类:灰橙欧洲限定尺码:41（男）,鞋子穿着很舒服
2019年08月03日 14:31,颜色分类:纯白冰激凌尺码:39（女）,鞋子质量很不错，我很喜欢，建议购买
2019年08月11日 16:21,颜色分类:兵马俑珊瑚橙尺码:37（女）,好鞋就是舒服透气很喜欢
2019年08月14日 22:25,颜色分类:兵马俑珊瑚橙尺码:35（女）,质量不错，穿着舒服，很轻便。
2019年07月19日 13:43,颜色分类:满天星尺码:41（男）,鞋头款式：h很好看。 鞋面材质：c穿着很舒服。 鞋底材质：h很软，跳跳的感觉。 风格：x喜欢，这个价格，很实惠了。外观跟真的差不多。建议入手。 
2019年07月08日 20:11,颜色分类:满天星尺码:39（女）,物流很快。包装也很好。鞋子一回来就着急穿。很舒服。就是喜欢白色但是白色不耐脏。左脚刚好。右脚稍微大一点点。不影响美。除了鞋底的牌子其余的都没差  
2019年09月07日 09:54,颜色分类:满天星尺码:37（女）,不错，习惯好评
2019年06月29日 14:34,颜色分类:满天星尺码:真正版鞋巴斯夫爆米花鞋底,发货很快哦，老顾客了，家里鞋子基本上都是老田家的哦，上脚舒服，实物颜色更美，每个颜色都很好看，纠结好久选择满天星，一点都失望哦！
2019年07月29日 18:44,颜色分类:天使尺码:42（男）,儿孑喜欢，好评
2019年07月06日 11:16,颜色分类:满天星尺码:38（女）,上脚太舒服了 鞋子回弹力超级好的 猜屎感非常强烈 软软的 脚背脚踝包的海绵这些也特别软 半点磨脚的可能都没有 五星好评！
2019年07月27日 16:38,颜色分类:纯白冰激凌尺码:37（女）,冰激凌很酷很炫，版型是我买过的高版本椰子鞋最好的了，版型非常正，不认真看还真看不出是高版本的，根本就是真的，上脚走路脚感软软的，爆米花大底做的非常好。很满意希望老板多出点椰子，以后椰子都在你们家购买了
2019年08月11日 11:41,颜色分类:满天星尺码:35（女）,质量不错
2019年07月03日 17:22,颜色分类:天使尺码:36（女）,一直想买的一款适合夏天的鞋子。这款很透气 鞋子很轻便 没有什么异味 透气性很好，买了了一双感觉太对了，给自己和妹妹买了一双，价格也还可以，总之，满意满意。
2019年07月24日 13:50,,"评价方未及时做出评价,系统默认好评!"
2019年07月15日 15:02,颜色分类:满天星尺码:38（女）, 鞋子非常不错穿着舒服 样式和图片一样好 非常不错 透气非常好 有弹性 很喜欢 果然没有让失望 确认挺赞的
2019年07月07日 06:26,颜色分类:兵马俑珊瑚橙尺码:42（男）,收到宝贝很不错，儿子很满意，鞋子很软，走路很舒服，而且真的是超好看，跑步旅行都是非常不错的选择，价格也是比较合适。很适合夏天穿，不用担心捂脚，一直都在老田家买鞋，次次都很满意。鞋子是真的很不错，可以放心买的，你值得拥有。
2019年07月27日 13:34,颜色分类:纯白冰激凌尺码:37（女）,好看 质量也挺好的 鞋底软 本人很喜欢 已推荐给朋友
2019年07月07日 08:19,颜色分类:兵马俑珊瑚橙尺码:官方尺码，买大一码更舒服,超级满意！老田的鞋子不需要担心，买就对了！超级的轻，绝对的暴走鞋！质量超级好，买了三年的粉，非常满意，主要看中他家的版型和细节真的是没话说 这些才是鞋子好不好的关键
2019年07月25日 21:36,颜色分类:黑色满天星尺码:43（男）,自己先买了双珊瑚橙，穿的很舒服，男朋友看见了说给他整双黑色，发货也特别快，他说穿起来太舒服了！
2019年06月11日 15:52,,"评价方未及时做出评价,系统默认好评!"
2019年07月18日 20:08,颜色分类:满天星尺码:36（女）,鞋子收到后试了下 穿上很舒服 很喜欢 穿了一天舍不得脱掉了 衣服也很好搭 夏天配热裤妥妥的  其他鞋子也加购了 等我发工资了 给你通通抱回家 嘿嘿😁
2019年07月01日 22:00,颜色分类:天使尺码:44（男）,鞋头款式：很喜欢这个款式、 鞋面材质：材质也很好 鞋底材质：特别柔软、 风格：很喜欢！ 
2019年07月01日 21:59,颜色分类:天使尺码:37（女）,鞋头款式：很喜欢 鞋面材质：很舒服！ 鞋底材质：特别柔软 风格：一致 
2019年07月22日 21:50,颜色分类:满天星尺码:36（女）,刚拿到鞋觉得有点大，穿上正好，而且鞋底很软，增高5CM很棒
2019年07月21日 16:37,颜色分类:满天星尺码:44（男）,风格：到货穿了两天才来评价的，穿上很舒服，走起路来特别的轻，和正版没有什么区别。 
2019年07月19日 18:00,颜色分类:满天星尺码:38（女）,鞋面材质：宝贝收到了，刚试穿了，太好看了😊 鞋底材质：穿上太舒服了，完美。 风格：鞋子和我穿衣风格太搭了，太喜欢了。一双鞋可以搭我的好多衣服😊 鞋头款式：很喜欢。 
2019年07月04日 13:12,颜色分类:黑色满天星尺码:42（男）,鞋头款式：喜欢  穿着很舒服 不要管它多少钱 舒服合适才是正道 
2019年07月23日 22:52,颜色分类:黑色满天星尺码:44（男）,鞋头款式：帅的一塌糊涂！强烈推荐！太猛了  走路打着手电筒有奇效！椰子中的战斗机！杠杠的！ 
2019年07月18日 11:48,颜色分类:满天星尺码:41（男）,鞋面材质：面料透气不捂脚 鞋底材质：踩着很舒服 风格：很好搭衣服 总的来说很喜欢 
2019年07月07日 10:08,颜色分类:满天星尺码:38（女）,质量很好，鞋底软，做工好，鞋带柔软一些就更好了。等穿了再追评
2019年08月22日 21:54,颜色分类:满天星尺码:43（男）,挺好的，踩屎感十足，就是泡沫底没有全封闭，所以走路小心翼翼的，还有就是满天星的反光效果不是很好，只有鞋带非常亮，总体都好，阔以买一下，（不是水军）
2019年06月29日 15:32,颜色分类:满天星尺码:39（女）,鞋子非常漂亮，穿上轻便舒服，好评！
2019年07月05日 17:19,颜色分类:满天星尺码:37（女）,此用户没有填写评价。
2019年06月28日 15:26,颜色分类:满天星尺码:36（女）,鞋子质量非常好，喜欢这种风格的鞋子，对比了好多家还是选择了老田家，已经第二次在他们家买鞋子了，很满意
2019年07月07日 14:29,颜色分类:满天星尺码:40（女）,喜欢，老公是黑色也好看，关键很舒服，还在考虑要不要再给我自己也入一双黑色
2019年07月14日 15:02,颜色分类:满天星尺码:41（男）,鞋子太帅了，同时拍了3家店铺，最后就留了这家店里的，真的太好看了，喜欢，打算活动时在拍其他颜色的。
2019年07月03日 17:21,颜色分类:黑色满天星尺码:43（男）,鞋子收到了  期待已久的350椰子  果然没让我失望   宝贝很奈斯   穿着特舒服  显得特大气 
2019年07月08日 12:49,颜色分类:海盐亚洲限定尺码:37（女）,鞋底材质：非常舒服，合脚，可以比平时大一码，小一码可能会挤脚！ 
2019年05月14日 14:36,颜色分类:满天星尺码:39（女）,满天星～～白白哒～～～底子超软～舒服～看详情买的大一号～舒服～～～
2019年06月29日 23:19,颜色分类:纯白冰激凌尺码:43（男）,鞋子穿着很美，很舒服，白色干干净净的，夏天很好搭配衣服，喜欢，准备再下手买别的色，喜欢，质量也好，儿子说好看
2019年07月24日 14:30,颜色分类:满天星尺码:39（女）,超棒的一款鞋 非常喜欢 满意 朋友推荐的 喜欢的可以放心购买 而且物流非常快 鞋面材质：不错 舒服  
2019年07月11日 01:17,颜色分类:满天星尺码:44（男）,除了有点会掉粉外都还不错踩屎感很强
2019年07月13日 22:49,颜色分类:满天星尺码:42（男）,反正穿起来真的很舒服，鞋子很轻，不知道能不能下雨天穿，整体还可以
2019年07月07日 13:51,颜色分类:满天星尺码:40（男）,鞋子可以，走起路来的感觉不错，鞋码也正合适，蛮好的。
2019年07月20日 16:03,颜色分类:天使尺码:36（女）,做工真的很不错，穿着也舒服，天使大概就是浅灰色的，希望能耐脏些
2019年07月17日 19:55,颜色分类:黑色满天星尺码:42（男）,此用户没有填写评价。
2019年08月22日 08:47,颜色分类:满天星尺码:42（男）,给男朋友买的之前一双有点大了 ，又换的小一码的 ，客服小姐姐人特别好 。
2019年07月10日 14:57,颜色分类:兵马俑珊瑚橙尺码:38（女）,质量挺好的，除了显脚大没别的毛病。啊哈哈哈
2019年07月06日 12:06,颜色分类:满天星尺码:39（女）,很好，与图片一致 鞋面看起来舒服 鞋底不用说了
2019年07月14日 08:53,颜色分类:纯白冰激凌尺码:德国进口24针飞织鞋面,鞋子非常满意，和图片上的一样是自己喜欢的，号码足穿着舒适，款式漂亮透气，大爱
2019年07月01日 17:07,颜色分类:满天星尺码:41（男）,收到确实惊艳，非常漂亮，老板也很热情，五星好评，还会再来光顾。
2019年07月25日 17:11,颜色分类:满天星尺码:40（男）,鞋子确实还可以 穿着还行
2019年07月05日 17:53,颜色分类:黑色满天星尺码:43（男）,五星好评，穿着很舒服，质量也挺好，细节仿的再好些保证销量会翻几十倍
2019年07月24日 10:44,颜色分类:黑色满天星尺码:35（女）,鞋子 质量不错、鞋码也标准！值得购买！
2019年07月14日 20:34,颜色分类:黑色满天星尺码:40（男）,鞋子挺好的，反光效果也不错
2019年07月20日 08:56,颜色分类:纯白冰激凌尺码:44（男）,鞋子已经收了，确实很不错，和Adidas的差不多，更好
2019年07月05日 22:05,颜色分类:满天星尺码:43（男）,鞋子收到了，感觉还不错，下次还会再来光顾的，
2019年06月30日 21:34,颜色分类:满天星尺码:41（男）,鞋子非常好，孩子非常喜欢，还会回购的!
2019年07月11日 11:56,颜色分类:兵马俑珊瑚橙尺码:39（女）,完美！👍👍👍赞赞！再入手一双灰橙的来换着穿。
2019年07月17日 21:17,颜色分类:满天星尺码:42（男）,鞋子不错客服小姐姐也很周到，鞋码略微小一点不过还可以 
2019年07月08日 13:12,颜色分类:满天星尺码:37（女）,特别好看 试穿了一下 上脚很轻 
2019年07月25日 21:41,颜色分类:芝麻灰尺码:41（男）,鞋子不错 穿着挺舒服的
2019年07月05日 18:17,颜色分类:满天星尺码:39（女）,不错 鞋子孩子很喜欢 好评
2019年07月16日 09:41,颜色分类:满天星尺码:39（女）,第一次穿这种鞋，特别舒服，显腿长但显脚大🙄，正品，总体特别喜欢
2019年07月03日 20:22,颜色分类:黑色满天星尺码:42（男）,鞋子超级好，儿子很喜欢
2019年07月15日 22:27,颜色分类:满天星尺码:真正版鞋巴斯夫爆米花鞋底,鞋子试穿了，大爱啊！款式好看，特别的洋气，穿脚上大小正好，特别的舒服，不错，需要了再回购。
2019年07月21日 10:35,颜色分类:满天星尺码:40（女）,鞋子挺舒服的，鞋面软软的，不挤脚，时尚好搭配衣服
2019年07月13日 08:45,颜色分类:天使尺码:39（女）,真的很好很舒服，店家建议的大一码也很有必要。
2019年06月30日 14:27,颜色分类:纯白冰激凌尺码:38（女）,版型很正啦， 超级喜欢 ，我个人觉得适合我的脚型 第一次穿这样的 以为会不好看 没想到出奇的好看 也是非常喜欢 主要还是很百搭， 真的很好 上脚很柔软 鞋底真的很舒服 物有所值很值得，上几张图给大家看看 推荐！
2019年07月18日 22:33,颜色分类:天使尺码:43（男）,很不错，很舒适，包装很好，直接信赖，很好看直接购买，不要错过哦
2019年07月18日 22:17,颜色分类:满天星尺码:36（女）,鞋子收到了，穿了两天，很好穿，穿着舒服，很火的椰子鞋就是不一样，而且质量真的很好，一点不比上千块钱的差，真的，准备再入手一双换着穿
2019年06月29日 20:01,颜色分类:满天星尺码:41（男）,非常好穿起来很舒服
2019年07月04日 15:44,颜色分类:天使尺码:43（男）,好看，舒服的一匹
2019年07月08日 23:00,颜色分类:满天星尺码:35（女）,穿着蛮舒服，但是显脚大
2019年06月29日 15:23,颜色分类:天使尺码:44（男）,鞋子收到了，很帅，商家服务态度很好，虽然还没穿，但是光这颜值就不错，后续会继续跟进
2019年07月03日 12:48,颜色分类:纯白冰激凌尺码:36（女）,鞋子质量不错，做工挺好的，穿着很轻便，很百搭款式时尚
2019年06月28日 10:54,颜色分类:满天星尺码:真正版鞋巴斯夫爆米花鞋底,鞋子不错  在他家买了几次了  性价比高 比实体店的便宜 总体挺好
2019年07月15日 08:34,颜色分类:纯白冰激凌尺码:37（女）,非常满意&hellip;&hellip;款式跟材质值得信赖，好评
2019年07月03日 20:01,颜色分类:黑色满天星尺码:40（男）,鞋子好看，想了很久了，对比了很多家。最后还是买的老田家的。质量没得说，真的很好，款式也很洋气
2019年07月15日 15:32,颜色分类:满天星尺码:37（女）,好看，舒服
2019年07月25日 13:57,颜色分类:满天星尺码:39（女）,质量很好穿上很舒适！
2019年07月18日 20:46,颜色分类:满天星尺码:40（女）,此用户没有填写评价。
2019年07月02日 21:41,颜色分类:满天星尺码:42（男）,挺好的，效果也不错，比较喜欢了
2019年07月04日 13:21,颜色分类:芝麻灰尺码:44（男）,质量绝对好，比我在别家买的450的还要好！大小合适，穿着舒服！下次还会来买的！
2019年07月05日 16:38,颜色分类:灰橙欧洲限定尺码:40（女）,补了顺丰的差价瞬间就收到了，穿着很舒服😊值得期待
2019年07月21日 18:26,颜色分类:满天星尺码:41（男）,肥肠满意(๑&bull;̀ㅂ&bull;́)&radic;
2019年07月13日 21:34,颜色分类:天使尺码:42（男）,上脚很舒服跟图片无差，优秀👏👏👏
2019年07月08日 22:01,颜色分类:满天星尺码:36（女）,姑妈让帮妹妹买的  一分钱一分货  我试了一下   这个鞋 真的好穿  舒适    
2019年06月30日 04:55,颜色分类:满天星尺码:44（男）,什么都不想说了，多次购买他家鞋子，对比各种各样，结果还是选择他家鞋子，性价比很高，媲美专柜
2019年07月20日 23:46,颜色分类:满天星尺码:41（男）,还行
2019年06月30日 21:23,颜色分类:纯白冰激凌尺码:37（女）,鞋子很舒服很好看，非常喜欢
2019年07月10日 08:40,颜色分类:满天星尺码:37（女）,鞋子特别舒服，特意穿过一段之间才来评价的，颜色和图片一样，还会再来的
2019年08月28日 19:31,颜色分类:满天星尺码:39（女）,挺好的，穿着舒服。
2019年07月18日 11:26,颜色分类:满天星尺码:38（女）,穿着舒适，很透气，鞋底柔软，真是太喜欢了
2019年07月04日 10:30,颜色分类:兵马俑珊瑚橙尺码:38（女）,此用户没有填写评价。
2019年07月09日 08:12,颜色分类:满天星尺码:真正版鞋巴斯夫爆米花鞋底,鞋子尺码标准穿着舒服材质不错
2019年07月30日 19:00,颜色分类:黑色满天星尺码:36（女）,超级舒服软软的，就是热呀，烧脚。
2019年07月26日 21:37,颜色分类:满天星尺码:38（女）,对比了几家店的鞋子，最后选择这家，鞋子前面很有型，不会压脚，穿着舒适。很棒！！
2019年07月07日 20:16,颜色分类:满天星尺码:44（男）,太棒了 很喜欢
2019年07月04日 19:28,颜色分类:兵马俑珊瑚橙尺码:37（女）,很合脚，透气性也不错，款式也喜欢，已经在穿了，穿一天也不闷
2019年07月21日 10:22,颜色分类:纯白冰激凌尺码:37（女）,很有型 喜欢哦 ！
2019年07月24日 09:17,颜色分类:满天星尺码:真正版鞋巴斯夫爆米花鞋底,包装挺精致的，鞋子穿的也舒服透气
2019年07月06日 15:35,颜色分类:满天星尺码:真正版鞋巴斯夫爆米花鞋底,鞋子收到了，穿一段时间，质量不错，穿起来也舒服，还是不错的，值得购买
2019年07月02日 17:58,颜色分类:满天星尺码:42（男）,非常完美，大小合适，质量棒棒哒，儿子满意
2019年07月19日 17:09,颜色分类:满天星尺码:40（女）,收到就一直穿着，不论舒适度还是外观都非常棒
2019年07月23日 17:37,颜色分类:满天星尺码:35（女）,鞋子走路很舒服，鞋底不磨脚。走路轻便的
2019年07月07日 14:02,颜色分类:纯白冰激凌尺码:38（女）,风格：忘记请假了，鞋子非常棒👍！喜欢的可以下手啦！😊 
2019年07月06日 21:28,颜色分类:满天星尺码:37（女）,感觉不错哦
2019年07月21日 22:15,颜色分类:黑色满天星尺码:40（男）,很不错哦
2019年07月11日 20:47,颜色分类:黑色满天星尺码:42（男）,行，挺好的
2019年07月21日 11:52,颜色分类:海盐亚洲限定尺码:40（男）,鞋头款式：款式与正版的一致 鞋面材质：做工精细 风格：欧美风格，喜欢 
2019年07月02日 11:09,颜色分类:满天星尺码:更多细节实拍请联系客服,宝贝很不错 很稀饭 一直在这里购买鞋子
2019年07月11日 10:18,颜色分类:兵马俑珊瑚橙尺码:44（男）,做工不错，底软且透气
2019年07月09日 19:11,颜色分类:灰橙欧洲限定尺码:36（女）,鞋子很舒服哦，做工也很棒，特意穿过之后才来评价，很赞，值得购买哦
2019年08月30日 09:37,颜色分类:满天星尺码:38（女）,质量很好哦～讲真，如果要给建议的话，那就是。买！
2019年07月04日 23:09,颜色分类:满天星尺码:37（女）,鞋子穿着很合脚，鞋底柔软舒适，很喜欢。
2019年07月13日 18:35,颜色分类:满天星尺码:35（女）,质量不错，款式好看，穿着大气舒适，满意
2019年07月16日 16:30,颜色分类:海盐亚洲限定尺码:42（男）,很好，不错，穿的很舒服。
2019年07月26日 13:42,颜色分类:芝麻灰尺码:36（女）,质量好，穿着舒服，网购比较满易的一双鞋可惜是秋天穿的，这个天穿太热
2019年07月12日 12:15,颜色分类:满天星尺码:37（女）,刚合适 穿起来很舒服 质量也很好
2019年07月09日 09:05,颜色分类:满天星尺码:42（男）,看着还不错。很舒适的。透气性也很好。
2019年07月19日 10:32,颜色分类:满天星尺码:38（女）,非常喜欢的，真的非常不错。也很好看，自己穿着也挺舒服的。
2019年07月22日 21:01,颜色分类:黑色满天星尺码:39（女）,很合脚 穿着也舒服 很软
2019年07月22日 21:01,颜色分类:黑色满天星尺码:42（男）,很合脚 穿着也舒服 很软
2019年07月20日 19:14,颜色分类:满天星尺码:37（女）,鞋子真的爆好看，喜欢这种类型，好评!
2019年07月24日 12:19,颜色分类:灰橙欧洲限定尺码:39（女）,颜值高，上脚舒服
2019年07月07日 15:19,颜色分类:满天星尺码:44（男）,发货快，鞋子不错版型用料都很好还会再来的
2019年05月30日 16:23,颜色分类:天使尺码:38（女）,打开的那一刻真的惊喜到了我，一下子就让我喜欢得不得了，鞋子舒适鞋底柔软，穿起来也特别舒服，不挤脚还特别轻巧，关键是很透气，不闷脚，穿上之后美得不要不要的，灯光照下鞋带还能发亮，特别喜欢，物有所值，开心。
2019年07月24日 10:09,颜色分类:芝麻灰尺码:德国进口24针飞织鞋面,鞋子质量很好！穿上很舒服
2019年07月01日 08:41,颜色分类:满天星尺码:38（女）,天气那么热，穿上也不觉得闷脚，很舒服，穿了好几天了，我又表白我的感受啦，超好超舒服。超级不错
2019年07月17日 11:10,颜色分类:纯白冰激凌尺码:37（女）,鞋子做工精细，穿着舒服
2019年07月13日 11:59,颜色分类:满天星尺码:38（女）,质量很好，穿着舒服，透气效果好，很喜欢
2019年06月30日 09:55,颜色分类:海盐亚洲限定尺码:36（女）,超级好看，穿上舒服，做工精细，赞赞赞赞
2019年07月14日 09:01,颜色分类:满天星尺码:41（男）,穿着挺舒服的一款鞋子
2019年07月14日 16:33,颜色分类:兵马俑珊瑚橙尺码:德国进口24针飞织鞋面,鞋子质量超级好，码数标准，很透气，物流很快，好评
2019年07月15日 22:32,颜色分类:满天星尺码:真正版鞋巴斯夫爆米花鞋底,鞋子脚感好，透气性也好，满意的购物
2019年06月29日 17:47,颜色分类:黑色满天星尺码:40（女）,非常好 好看 很喜欢 好评
2019年07月26日 20:22,颜色分类:满天星尺码:35（女）,穿着舒服，走路不累。。透气性好
2019年07月12日 20:46,颜色分类:满天星尺码:42（男）,鞋子很好看，样子很正
2019年06月02日 21:53,颜色分类:天使尺码:35（女）,宝贝很好，比之前在其它家买了双360多元的鞋子，脚感好了一倍。首先鞋带孔做工优秀，它款明显鞋带口过大。透明网带处与正品一致，它款网带比正品长。其次鞋垫明显好于它款。再次鞋内缝线更密实。最后也是最重要的，爆米花中低更厚实更柔软，脚感更舒服。
2019年07月06日 13:13,颜色分类:天使尺码:44（男）,鞋子质量很好
2019年07月07日 14:14,颜色分类:满天星尺码:39（女）,非常好，贼棒！做工细致，价格适宜。
2019年06月30日 21:27,颜色分类:满天星尺码:36（女）,收到了，不错，样式好看，尺码也标准，喜欢
2019年07月15日 09:53,颜色分类:兵马俑珊瑚橙尺码:39（女）,很好耶，鞋子穿着挺舒服，满意
2019年07月20日 12:53,颜色分类:满天星尺码:35（女）,是正品，穿着非常舒服。
2019年06月19日 20:08,颜色分类:满天星尺码:38（女）,鞋头款式：很好 鞋面材质：柔软舒适，很惊喜的做工。你们其实可以出自己的品牌的。反感大牌溢价，这双鞋可以说是物美价廉了。粉你们家店了，什么时候出自己的品牌，我也回来买。 
2019年06月28日 22:49,颜色分类:兵马俑珊瑚橙尺码:真正版鞋巴斯夫爆米花鞋底,款式好看，穿着特别舒服
2019年07月09日 18:42,颜色分类:纯白冰激凌尺码:36（女）,鞋子质量不错 款式新潮 鞋底挺软耐磨 和描述的一样，没有色差 试穿了挺舒服的 尺码刚好合脚 价格实惠 物美价廉，值得推荐。
2019年07月26日 22:34,颜色分类:兵马俑珊瑚橙尺码:44（男）,好看到飞起。
2019年07月15日 19:42,颜色分类:海盐亚洲限定尺码:39（女）,漂亮，舒服，爱
2019年07月26日 22:33,颜色分类:黑色满天星尺码:39（女）,好看到飞起。
2019年07月09日 16:53,颜色分类:满天星尺码:德国进口24针飞织鞋面,酷酷的，上脚效果非常棒
2019年07月24日 21:34,颜色分类:灰橙欧洲限定尺码:38（女）,上脚试了试，很舒服，喜欢的赶紧下手
2019年07月20日 08:21,颜色分类:满天星尺码:40（女）,穿着很舒服，点赞
2019年07月15日 12:53,颜色分类:满天星尺码:37（女）,鞋子超级棒  太好看了。
2019年07月06日 21:29,颜色分类:满天星尺码:38（女）,很满意的鞋子，早就想拥有1双了，好评
2019年07月13日 14:40,颜色分类:满天星尺码:37（女）,挺好的宝贝  棒棒的   下次还来哦
2019年07月15日 15:14,颜色分类:满天星尺码:39（女）,穿着挺舒服的
2019年06月29日 23:09,颜色分类:纯白冰激凌尺码:35（女）,很好
2019年07月22日 22:53,颜色分类:纯白冰激凌尺码:38（女）,不错
2019年07月13日 10:18,颜色分类:天使尺码:40（女）,不错，舒服，好看
2019年06月29日 12:47,颜色分类:满天星尺码:真正版鞋巴斯夫爆米花鞋底,质量可以的
2019年07月21日 18:19,颜色分类:纯白冰激凌尺码:37（女）,鞋子非常棒
2019年07月25日 10:23,颜色分类:纯白冰激凌尺码:37（女）,孩子喜欢的
2019年08月21日 09:12,颜色分类:满天星尺码:37（女）,此处省略100字&hellip;&hellip; 给你10个🌟
2019年08月30日 18:49,颜色分类:满天星尺码:42（男）,还是很不错的，就是有点臭脚
2019年05月26日 10:05,颜色分类:兵马俑珊瑚橙尺码:36（女）,质量很好，穿着很舒服，我很少买橙色鞋子，因为很喜欢这个款式，果断下手，越来越热了，又不喜欢穿凉鞋，只能选这样网面鞋子啦，闺蜜也很喜欢，叫我发链接给她，上脚舒适透气柔软，走了一整天的路都不累脚，好舒服，另外颜值也很高哦！
2019年07月24日 00:52,颜色分类:满天星尺码:40（男）,好评，穿着很舒服，
2019年07月03日 00:12,颜色分类:满天星尺码:36（女）,质量棒棒，特别好，满意
2019年07月07日 17:59,颜色分类:满天星尺码:36（女）,质量好，穿着舒服，值得购买
2019年05月27日 21:09,颜色分类:满天星尺码:38（女）,看多了满天星鞋子，觉得限定的更耐看，感觉这个颜色很特别，我喜欢，觉得非常好看，近看远看都是没有毛病，买家包装什么的也是很细心，质量超级好，穿上特别舒服轻盈，穿着走路跑步都没问题，还想再来一双冰激凌，夏天穿，哈哈哈哈~~
2019年05月31日 19:49,颜色分类:满天星尺码:35（女）,发货速度很快。到了马上穿上去健身了 穿起来很舒服 毫无压力感 跑步什么的很适合 主要底子软 又轻巧 质量也不错 百搭款 闺蜜看到也说质量不错 问我哪里买的 喜欢 运动也可以穿 平时也可以穿&nbsp;。
2019年07月11日 10:28,颜色分类:满天星尺码:36（女）,非常好，质量很好。
2019年07月13日 13:06,颜色分类:黑色满天星尺码:41（男）,鞋子非常舒服，发货快
2019年08月31日 13:44,颜色分类:黑色满天星尺码:41（男）,不错，不过我好像买大了一码。😑
2019年07月13日 08:41,颜色分类:满天星尺码:40（女）,超级喜欢
2019年07月12日 12:41,颜色分类:满天星尺码:42（男）,可以很满意
2019年07月22日 11:36,颜色分类:黑色满天星尺码:41（男）,踩屎的感觉真好！
2019年06月27日 12:08,颜色分类:满天星尺码:37（女）,收到宝贝啦，很不错呢，鞋子很软，走路很舒服，而且真的是超好看，跑步旅行都是非常不错的选择，价格也是比较合适。很适合夏天穿，不用担心捂脚，一直都在老田家买鞋，次次都很满意。鞋子是真的很不错，可以放心买的，你值得拥有。
2019年07月17日 09:26,颜色分类:满天星尺码:40（男）,刚收到货，完美
2019年07月12日 15:15,颜色分类:满天星尺码:38（女）,鞋子很漂亮，发货快
2019年06月28日 22:47,颜色分类:天使尺码:更多细节实拍请联系客服,质量不错，很合脚
2019年06月28日 17:09,颜色分类:满天星尺码:37（女）,挺好哒，客服小姐姐人也超好。
2019年05月28日 08:50,颜色分类:满天星尺码:40（女）,之前一直觉得椰子贵还显得jio大，还曾说过买这个鞋的是不是脑瓜壳有问题，没想到打脸来的太快。前一阵子不知道怎了突然被种草满天星，眼看着那昂贵的价格一路不止的往上涨只能绝望的在淘宝上开始寻觅，看到这个介绍感觉还不赖的样子就迫不及待的入了，现在感觉心里美滋滋嘻嘻。说一下穿着的感受吧，都挺好的穿着很舒服应该就是所谓的踩屎感了，日常穿搭也很容易配。满分。
2019年05月31日 16:22,颜色分类:满天星尺码:36（女）,鞋子超级舒服，网面透气特别适合夏天，休闲风运动风都很百搭，鞋底很软走路舒服不会累，日常和运动都合适。
2019年07月03日 13:33,颜色分类:满天星尺码:36（女）,很好，质量不错。
2019年06月26日 20:30,颜色分类:满天星尺码:38（女）,踩屎感 绝对踩屎感无疑，被满天星迷倒了，太美了，我就是这条街上最亮的崽，今晚去炸街 好看好看 &nbsp;鞋型真的不显脚大，脚小妹子的福利
2019年06月30日 09:49,颜色分类:纯白冰激凌尺码:44（男）,物流快，穿着舒服。很喜欢
2019年06月22日 20:51,颜色分类:满天星尺码:35（女）,第二次买啦，这次帮朋友买的，她看我买了一双觉得好看就要我帮忙下单，她穿着很合适，好鞋子穿着感觉都不一样，舒舒服服的不会脚臭，而且透气性能很好，款式大方也好搭衣服，她很喜欢噢，以后还会回购的！
2019年05月29日 21:23,颜色分类:满天星尺码:36（女）,巨美好吗！答应我一定要买好吗！太良心了！这个鞋想买很久了，但是让学生党非常肉疼，老田家的版本性价比真的超高了，准备再买美洲限定了哈哈哈哈哈太好看了！逛街穿着它你就是最靓的了！！！
2019年05月29日 16:18,颜色分类:满天星尺码:37（女）,前天的单，今天就到了，快递给力！椰子我也不太懂，看上去好看穿着舒服，真的又太贵，就买了这家店的。我感觉很真的很像，反正比我同学买的更像真的。鞋子很软，也很合脚，舒服也很好搭，客服小姐姐也很热情。东西确实可以。
2019年08月12日 18:19,颜色分类:满天星尺码:40（女）,好看，价格也挺实惠。 可是有一点瑕疵，踩shi感还可以，晚上开闪光灯不会亮。总之还是可以的。建议不那么注重细节的淘友去买哈。
2019年06月19日 12:09,颜色分类:海盐亚洲限定尺码:44（男）,我说句实话，单论鞋的材料和质量来说值这个价，但是要说和正品椰子鞋比的话，差别还是很大的，最突出的差别就在脚感，正品椰子鞋给人一种很有架子的紧凑感，这个鞋没有，感觉松松垮垮的，总的来说还不错吧
2019年05月24日 12:31,颜色分类:纯白冰激凌尺码:38（女）,买过500多的，底没有这家软，多等了几天还是值得的，真的是一分价钱一分货，一些细节鞋跟呀鞋型呀什么的都做的非常非常的到位，最重要的是脚感真的非常非常棒
2019年07月25日 19:36,颜色分类:兵马俑珊瑚橙尺码:38（女）,质量很好
2019年06月27日 08:33,颜色分类:满天星尺码:真正版鞋巴斯夫爆米花鞋底,鞋子穿着真的很舒服的，其他鞋子不想穿了，轻快跟脚，面料柔软细腻，做工很精细，款式好看，百搭款很实用，喜欢的很，想要再买一双，强烈推荐，好评
2019年06月27日 15:35,颜色分类:灰橙欧洲限定尺码:更多细节实拍请联系客服,给我自己买的，还害怕鞋子不适合我，没想到试穿了一次，款式好看，穿上很舒服，鞋子也很透气，实物和图片上一样，还会在给我老弟买一双的。
2019年06月24日 20:12,颜色分类:满天星尺码:39（女）,鞋子码标准，穿上大小合适，满天星的样子，在手机的拍照下，像荧光鞋，非常好看，很有创意！！！
2019年06月18日 14:30,颜色分类:满天星尺码:43（男）,这个料子是真爆  码数和凭时穿的运动鞋一样就行 如果穿43.5的话那就选44 大半码没事因为还会赠送一个半码垫 
2019年07月08日 14:44,颜色分类:满天星尺码:42（男）,很不错的一双鞋
2019年06月10日 19:09,颜色分类:满天星尺码:37（女）,真的爱了 穿了两天我真的后悔死没一起买双黑色满天星了 真的太好看了 有舒服又好看 老田家的鞋子买了好几次 真的款款质量 没得说 发货还贼快 嘻嘻 我要再买黑色满天星。
2019年06月23日 19:11,颜色分类:兵马俑珊瑚橙尺码:38（女）,是她家的老客户了.不仅样子好看质量也好.最主要的是穿着特别舒服.我和妹妹的鞋都在她家选的.
2019年06月24日 09:20,颜色分类:满天星尺码:40（男）,尺码很合适，老公说穿的很舒服，轻便脚底比较软，收到去海边散步不磕脚，非常适合夏天穿，这个价钱很值得，比普通品牌的运动鞋好，满意！
2019年08月15日 19:06,颜色分类:满天星尺码:41（男）,鞋子不错，穿着挺舒服，鞋码也不差，色差也不大，好评！
2019年06月27日 20:12,颜色分类:纯白冰激凌尺码:36（女）,这鞋子好看又好穿，舒服，值得购买。和原版的没有什么区别，一个字好，两个字很好，三个字非常好，总之就是好好好好好😁😁
2019年06月24日 11:04,颜色分类:天使尺码:38（女）,鞋子已经穿了一段时间了，超舒服的，想不到这价格能买到这么好的鞋子，现在每天都差不多穿着去上班，轻松。
2019年05月24日 13:37,颜色分类:满天星尺码:43（男）,鞋子不错，穿起来舒服，建议能在大个半号就好了，可以入手一双
2019年06月27日 14:27,颜色分类:纯白冰激凌尺码:35（女）,从颜色上，这个颜色真的是十分显脚白呢，舒适度上，像踩在弹簧上，走几步感觉都能飞起来，哈哈哈哈，从此爱上走路，动起来。
2019年05月24日 00:30,颜色分类:天使尺码:37（女）,鞋子很好，没怎么在淘宝买过东西，都说淘宝拼多多的质量不好，买了才知道不比实体店差而且便宜不少，物流也快，穿着合适很舒服，透气，真是太满意了
2019年06月10日 14:19,颜色分类:满天星尺码:真正版鞋巴斯夫爆米花鞋底,盼望着盼望着，也终于体会到了什么叫踩屎的感觉，简直不要太好，嘻嘻，颜色也不错，应该比较耐脏吧，会持续关注哦 
2019年05月28日 23:17,颜色分类:兵马俑珊瑚橙尺码:37（女）,当时一眼就看上这个颜色了，和夏天很搭，配牛仔裤或者裙子都不错，很合脚，走一天也不觉得脚累，底子也舒服，上班逛街穿都是不错的选择呢
2019年06月09日 16:36,颜色分类:满天星尺码:38（女）,打开盒子的一瞬间被惊艳，迫不及待的试穿，踩屎感杠杠的，路转粉了，真的超级棒
2019年06月13日 20:33,颜色分类:黑色满天星尺码:36（女）,鞋子有点瑕疵，但是客服态度很好，也有补偿。鞋底很软，穿着很舒服。
2019年06月27日 08:43,颜色分类:满天星尺码:真正版鞋巴斯夫爆米花鞋底,质量不错。脚感也不错。走出去也很拉风。朋友看见我穿也很喜欢叫我帮她买一双。店家服务态度很暖心。喜欢在这家店买。祝店家生意越来越好哦&hellip;&hellip;
2019年06月22日 09:54,颜色分类:满天星尺码:43（男）,试穿了一下鞋子，确实舒服，先试穿一段时间，如果确实不错跟朋友推荐！
2019年06月24日 08:38,颜色分类:满天星尺码:41（男）,超级棒，踩💩感的舒服谁懂，哈哈，满天星太酷了，呀呀呀&hellip;近期的宠儿，一直在穿，已经安利链接给闺蜜团了。
2019年06月19日 18:43,颜色分类:灰橙欧洲限定尺码:40（女）,试穿了一下觉得非常满意  网面透气凉快适合夏天  鞋底很软  走路不累脚  而且比较百搭  休闲运动都可以
2019年06月26日 08:43,颜色分类:兵马俑珊瑚橙尺码:36（女）,鞋子收到了，试穿完美，舒适漂亮。
2019年06月19日 19:44,颜色分类:海盐亚洲限定尺码:36（女）,真的很舒服，鞋底很软，决定再买一双白色
2019年06月19日 20:33,颜色分类:满天星尺码:38（女）,非常nice 细节做的很到位 屁股很翘 和我这双正品一毛一样。
2019年06月25日 20:39,颜色分类:兵马俑珊瑚橙尺码:37（女）,鞋子轻便又舒适透气性好以后就选这家了
2019年06月17日 20:31,颜色分类:满天星尺码:37（女）,熟客，东西一如既往的好，性价比高，鞋子很好看，上脚舒适。
2019年06月09日 21:01,颜色分类:满天星尺码:40（男）,鞋子合脚，很舒服，鞋底很软，感觉都可以，对得起这个价格。穿上还是挺好看的。
2019年05月26日 13:18,颜色分类:纯白冰激凌尺码:真正版鞋巴斯夫爆米花鞋底,鞋子收到了，穿着太舒服了，鞋底特别软，走路一点也不累，透气效果很好，不臭脚，款式好看，特别流行，太满意了，以后还会回购
2019年05月30日 21:03,颜色分类:满天星尺码:37（女）,鞋子很满意，穿起来很养脚，试了下满天星的效果
2019年06月25日 12:21,颜色分类:纯白冰激凌尺码:43（男）,鞋子收到了，灰常喜欢，穿上试了试灰常的舒服
2019年06月20日 21:36,颜色分类:天使尺码:44（男）,真的特别软 很舒服，别在意那些有的没的，舒服就对了
2019年06月26日 09:02,颜色分类:满天星尺码:36（女）,"&nbsp;版型非常满意，质量也很好。满天星的透气条纹让鞋子透气性非常好，穿起来更舒服更透气，而且鞋带居然也能玩出花样。鞋子的质量超赞,特意穿了一段时间过来评价的!穿上很舒服 很透气 性价比很高 朋友都说漂亮，还会继续回购的 椰子鞋就你家啦！"
2019年08月11日 22:21,颜色分类:灰橙欧洲限定尺码:39（女）,跟我买的真的差不多，价格相差十倍不止，我是真的分辨不出来！
2019年06月23日 14:30,颜色分类:海盐亚洲限定尺码:37（女）,超喜欢，太美了，以后就认定你家的鞋子了
2019年08月03日 08:24,颜色分类:芝麻灰尺码:41（男）,好看吧要遭遇到了我发错了？有时间吗接的时候的菜四五点了点头之交回我了，的哼！的时候来的吗的快了吗？的菜三，我喜欢
2019年06月15日 16:17,颜色分类:满天星尺码:35（女）,这个价位超值呀，版型很nice，用手按鞋垫有Q弹感，是真爆的，做工也比较到位，很阔以啦，上脚透气舒适，果然有一种踩翔感穿了几天了 也太舒服了 走路软软的特别适合散步跑步 我同学都问我是在哪里买的已经把链接发过去了 嘻嘻嘻 美滋滋
2019年06月18日 23:27,颜色分类:满天星尺码:36（女）,鞋子收到了，物流非常给力！款式很好看上脚特别漂亮！质量也非常好，脚感舒适！就喜欢这个feel
2019年06月06日 10:41,颜色分类:满天星尺码:35（女）,收到这试穿了一下，真的很好穿呢，鞋底很软，我弹性，太安脚了，同事试了一下，也说舒服
2019年05月25日 16:18,颜色分类:满天星尺码:真正版鞋巴斯夫爆米花鞋底,收到货挺满意的，尺码标准，穿着新买的鞋子走了半天的路不磨脚也不累脚，脱下来还没脚气哦，质量大大的好
2019年06月14日 10:42,颜色分类:兵马俑珊瑚橙尺码:37（女）,鞋子收到了，包装很严密，鞋子的质量很好，做工不错，上脚很舒服！
2019年06月11日 23:03,颜色分类:满天星尺码:37（女）,漂亮 穿着很舒服！
2019年06月05日 13:41,颜色分类:满天星尺码:37（女）,鞋的质量很好
2019年08月14日 11:02,颜色分类:满天星尺码:41（男）,好看。
2019年06月22日 22:53,颜色分类:满天星尺码:43（男）,质量很好，宝贝特别喜欢。
2019年05月28日 15:05,颜色分类:满天星尺码:36（女）,质量不错，好看
2019年06月06日 10:08,颜色分类:满天星尺码:38（女）,买过雪地棉，质量很好，这个也一样，物有所值，版型好看，很舒适，喜欢！
2019年06月17日 12:30,颜色分类:满天星尺码:36（女）,鞋子款式不错我很喜欢 穿着底很软很舒服
2019年06月14日 13:28,颜色分类:满天星尺码:37（女）,超级无敌棒，以后回来来这家买鞋 ，希望卖家不忘初心
2019年06月05日 01:11,颜色分类:满天星尺码:38（女）,质量很好，穿着舒服
2019年06月23日 22:57,颜色分类:海盐亚洲限定尺码:42（男）,宝贝很好，客服服务态度也很好。穿在脚上的踩shi感也很棒。
2019年08月11日 12:13,颜色分类:灰橙欧洲限定尺码:37（女）,他家买了两双了，很不错的鞋子。建议买大一码
2019年06月06日 10:45,颜色分类:满天星尺码:真正版鞋巴斯夫爆米花鞋底,鞋子收到了    试穿很合适  样子很好看满意好评
2019年05月29日 09:44,颜色分类:满天星尺码:40（女）,鞋子质量很好，上脚很舒服，比较透气！非常喜欢！
2019年06月01日 07:01,颜色分类:天使尺码:真正版鞋巴斯夫爆米花鞋底,很好 版型是想要的 穿着也炒鸡舒服 大爱的 已经推荐给同事了 还会来 客服服务满分呦
2019年06月07日 16:18,颜色分类:满天星尺码:42（男）,阔以 非常好
2019年06月22日 16:11,颜色分类:满天星尺码:37（女）,质量很好，码数标准，穿着很舒服，透气
2019年06月21日 19:34,颜色分类:纯白冰激凌尺码:40（男）,我要再来买买买
2019年06月01日 23:58,颜色分类:满天星尺码:真正版鞋巴斯夫爆米花鞋底,鞋子质量不错，穿着蛮舒服的，款式好看，我非常的喜欢。
2019年05月25日 18:11,颜色分类:芝麻灰尺码:35（女）,相比价格性价比很高，日常搭配够了毕竟原版炒的太高
2019年06月25日 18:06,颜色分类:满天星尺码:42（男）,还可以
2019年06月21日 22:36,颜色分类:满天星尺码:37（女）,今天今天星闪闪🌟 爱了❤️
2019年05月26日 08:20,颜色分类:满天星尺码:36（女）,大火的椰子鞋，很好看！穿去徒步完全没问题，很轻便很软！
2019年05月28日 08:57,颜色分类:满天星尺码:37（女）,鞋子上脚挺舒服的，透气性也不错，喜欢😘！你
2019年06月03日 22:07,颜色分类:灰橙欧洲限定尺码:35（女）,此用户没有填写评价。
2019年05月23日 13:00,颜色分类:满天星尺码:37（女）,老田家老客户啦，鞋子很舒服，穿鞋合脚，值得推荐
2019年06月13日 18:58,颜色分类:满天星尺码:38（女）,鞋子穿穿着舒服，透气性好，款式好看，质量很好！
2019年08月15日 09:24,颜色分类:兵马俑珊瑚橙尺码:39（女）,还好，挺好看的，去草原穿的，买大一号吧
2019年06月22日 20:08,颜色分类:满天星尺码:真正版鞋巴斯夫爆米花鞋底,很独特的一款鞋，价格也很合理穿着透风舒服
2019年05月29日 09:43,颜色分类:芝麻灰尺码:42（男）,鞋子穿着很舒服，老公很喜欢
2019年06月12日 21:17,颜色分类:满天星尺码:38（女）,好评返现
2019年06月22日 20:22,颜色分类:满天星尺码:37（女）,是正品 穿着很舒服 不会硌脚
2019年05月26日 16:23,颜色分类:兵马俑珊瑚橙尺码:36（女）,收到货啦！物流特别的快，貌似鞋子很不错，质量也挺好，鞋子是帮同事买的，她很喜欢哟！等她穿了再来反馈的，给客服态度点赞👍👍👍👍
2019年06月10日 16:06,颜色分类:满天星尺码:35（女）,鞋子已收到，质量不错，穿上很舒服，很喜欢他家的
2019年06月18日 09:51,颜色分类:天使尺码:37（女）,鞋子和图片描述一样 很好穿 美爆了
2019年05月23日 16:40,颜色分类:天使尺码:43（男）,非常的ok，上脚特舒服，非常的满意，给个五星好评！
2019年06月16日 18:43,颜色分类:灰橙欧洲限定尺码:39（女）,非常满意 发货超级快 做工很精致对得起这个价钱还会再买的
2019年06月16日 20:42,颜色分类:海盐亚洲限定尺码:41（男）,很喜欢  脚感很好  很适合走路  材质也不错  发货速度快 
2019年06月16日 20:42,颜色分类:海盐亚洲限定尺码:38（女）,很喜欢  脚感很好  很适合走路  材质也不错  发货速度快 
2019年06月05日 21:39,颜色分类:灰橙欧洲限定尺码:39（女）,鞋子好漂亮穿起来特别舒服
2019年05月26日 11:40,颜色分类:满天星尺码:35（女）,好看好看好看～～～穿着也舒适～
2019年05月26日 19:47,颜色分类:黑色满天星尺码:39（女）,非常好哦，质量很好、型好看！
2019年06月12日 14:03,颜色分类:满天星尺码:37（女）,鞋子收到了，码数合适，质量不错。
2019年06月26日 14:38,颜色分类:满天星尺码:36（女）,店里的老顾客了，鞋子很好看
2019年05月27日 09:44,颜色分类:满天星尺码:38（女）,鞋子很好看，穿着很舒服
2019年06月16日 16:39,颜色分类:灰橙欧洲限定尺码:35（女）,可是蛮好的，我一直在这里买的
2019年05月31日 10:03,颜色分类:天使尺码:40（男）,鞋子很好，儿子十分喜欢！
2019年06月22日 15:22,颜色分类:满天星尺码:35（女）,特别好，特别舒服和透气买了两双
2019年05月25日 18:17,颜色分类:满天星尺码:39（女）,鞋底很软
2019年06月19日 23:31,颜色分类:满天星尺码:38（女）,鞋子很舒服，和照片一样，喜欢
2019年06月02日 18:59,颜色分类:满天星尺码:38（女）,好看，穿的舒服
2019年05月26日 10:14,颜色分类:天使尺码:42（男）,挺漂亮，帅气
2019年08月17日 10:11,颜色分类:芝麻灰尺码:官方尺码，买大一码更舒服,正牌椰子
2019年06月10日 09:15,颜色分类:满天星尺码:37（女）,舒服，合脚，下次再来
2019年06月17日 14:45,颜色分类:灰橙欧洲限定尺码:真正版鞋巴斯夫爆米花鞋底,鞋子很舒服！棒棒哒
2019年05月27日 20:19,颜色分类:天使尺码:39（女）,鞋子质量好
2019年06月18日 13:54,颜色分类:满天星尺码:真正版鞋巴斯夫爆米花鞋底,很好的一款呢。特别舒服，不错哦
2019年05月26日 15:08,颜色分类:满天星尺码:35（女）,不错，尺码很合适！
2019年06月21日 14:45,颜色分类:兵马俑珊瑚橙尺码:35（女）,帮朋友买的，质量不错👍
2019年08月05日 06:53,颜色分类:兵马俑珊瑚橙尺码:37（女）,鞋子不错！
2019年06月07日 12:14,颜色分类:海盐亚洲限定尺码:40（男）,宝贝很不错
2019年06月12日 23:20,颜色分类:满天星尺码:真正版鞋巴斯夫爆米花鞋底,质量好 透气轻便。卖家服务态度好。
2019年06月11日 15:45,颜色分类:满天星尺码:39（女）,鞋子收到了，很喜欢，很轻巧，店家服务态度也好，赞一个
2019年06月13日 00:38,颜色分类:满天星尺码:39（女）,特别舒服很喜欢
2019年05月25日 19:42,颜色分类:天使尺码:42（男）,不错特别舒服 
2019年05月24日 17:12,颜色分类:满天星尺码:38（女）,很好 非常喜欢
2019年06月07日 19:17,颜色分类:满天星尺码:真正版鞋巴斯夫爆米花鞋底,鞋子很舒服，很喜欢哦
2019年06月23日 16:58,颜色分类:满天星尺码:42（男）,特别特别的好
2019年06月20日 15:34,颜色分类:满天星尺码:37（女）,穿上很舒服，发货也快，很喜欢
2019年06月22日 13:28,颜色分类:黑色满天星尺码:44（男）,质量很好，性价比高
2019年07月24日 18:35,颜色分类:黑色满天星尺码:42（男）,鞋头款式：没有穿过类似的鞋，鞋头挺好的 鞋面材质：鞋面透气，没毛病老铁 鞋底材质：踩屎感还是有的，包裹性挺好 风格：椰子350嘛，大家都懂，真的是物美价廉 
2019年05月22日 16:03,颜色分类:纯白冰激凌尺码:36（女）,终于还是下决心买了双椰子鞋，收到货后，真心的觉得质量棒棒哒，而且鞋子穿起来很舒服，也很百搭，回头给我家先生也买一双，配个情侣鞋穿穿
2019年05月11日 18:22,颜色分类:满天星尺码:38（女）,超级满意，本来纠结于白色与满天星，最后还是选了酷炫的满天星~果然没有失望!超级舒服!尺码也刚刚好!总之就是非常满意!
2019年05月13日 21:30,颜色分类:天使尺码:真正版鞋巴斯夫爆米花鞋底,鞋子质量很好，穿着有种踩屎般的感觉，好搭衣服，从包装盒的质量就知道是大厂家生产的，弹力十足，物流超快，第二天就到了，客服美女也很好，
2019年05月20日 19:57,颜色分类:满天星尺码:37（女）,鞋子非常好看了，这个价钱也非常值得，穿在脚上特别舒服，鞋底很软感觉挺高档的，质量没问题总之是特别满意，想买的小伙伴赶紧下单购买吧给5星好评
2019年05月20日 18:17,颜色分类:满天星尺码:37（女）,买给老妈的，他说鞋子穿起来很舒服，很软，看起来也不错，
2019年05月02日 21:10,颜色分类:纯白冰激凌尺码:36（女）,第一次买椰子！买了这双椰子冰激凌外观真的很好看，爆米花真的超级超级软，穿在脚底真的感觉舒服。
2019年05月02日 21:13,颜色分类:满天星尺码:37（女）,这双椰子跟正品一模一样，鞋型超帅，而且鞋底很软，很弹，穿上超级舒服，一点都不磨脚，穿上就不想脱掉，老田家真是良心店！
2019年05月22日 12:45,颜色分类:天使尺码:40（男）,给弟弟买的生日礼物，给他个惊喜。鞋子很漂亮，一定会喜欢😍
2019年05月22日 13:49,颜色分类:满天星尺码:37（女）,之前买过一双，穿得不错，很舒服透气性非常好。很喜欢。向朋友推荐，替她也买一双。
2019年07月18日 18:29,颜色分类:纯白冰激凌尺码:36（女）,挺好的，就是发光效果不理想
2019年05月05日 11:14,颜色分类:满天星尺码:42（男）,很满意，鞋很轻很透气，样子和质量都很好！
2019年05月13日 15:18,颜色分类:满天星尺码:真正版鞋巴斯夫爆米花鞋底,鞋子很好很满意，穿出去同学们都很羡慕，款式做工嗯非常好，今年很流行，价格便宜，鞋码标准，购物愉快！
2019年05月19日 14:30,颜色分类:满天星尺码:100天无理由退换 终身质保,非常喜欢！这个价格对比大几千的来说，真是白菜价了，收到货第一时间看了一下，感觉很扎实，做工也很好，喜欢的朋友可以考虑考虑！
2019年05月16日 21:45,颜色分类:黑色满天星尺码:36（女）,买大一码更合适，很舒服
2019年05月14日 14:38,颜色分类:满天星尺码:44（男）,情侣款～男朋友比较挑剔，他说穿着不磨脚后跟，底不硬才行(●&deg;u&deg;●)​&nbsp;」那他说喜欢就一起穿喽～～
2019年05月19日 16:43,颜色分类:满天星尺码:36（女）,鞋底软软的走路应该不累
2019年07月31日 16:48,颜色分类:满天星尺码:37（女）,质量极差！
2019年05月14日 14:33,颜色分类:兵马俑珊瑚橙尺码:39（女）,买了大一号～略大～好穿～～～底很软～去年冬天买了雪地靴夏天又来买鞋子～
2019年05月20日 11:04,颜色分类:满天星尺码:36（女）,鞋子收到了 质量很好 做工不错 穿着很舒服 大小很合适 喜欢
2019年07月25日 12:35,颜色分类:兵马俑珊瑚橙尺码:37（女）,鞋子挺好的 就是来来回回有点小问题 但客服都给解决了非常好
2019年05月11日 13:15,颜色分类:天使尺码:39（女）,大小刚合适，挺舒服的，质量超好。不捂脚。颜色也跟图片一样，很好看。同事看见了，说也想买一双。
2019年05月13日 22:02,颜色分类:天使尺码:37（女）,鞋子很nice，细节上也做得特别棒，喜欢
2019年05月16日 13:52,颜色分类:满天星尺码:真正版鞋巴斯夫爆米花鞋底,收到鞋子了，上脚很好看，穿着也非常舒服对比了好几家最后决定在这家买，果真没有让我失望，非常的满意棒棒哒
2019年08月01日 21:14,颜色分类:满天星尺码:39（女）,还可以，平时运动可以穿，平时穿比较舒适，爬山的话不是太行，穿着爬了个雁荡山，脚趾头受苦了。
2019年05月11日 18:38,颜色分类:满天星尺码:40（女）,真的很酷
2019年07月20日 10:42,颜色分类:满天星尺码:39（女）,两天就到了，物流给个赞，鞋子很满意，
2019年05月18日 18:55,颜色分类:满天星尺码:44（男）,不错，上脚很舒服，效果很好
2019年05月10日 23:45,颜色分类:满天星尺码:41（男）,很棒的椰子鞋，码数标准，保证质量，与描述一致，穿起来很舒服
2019年05月15日 06:38,颜色分类:满天星尺码:36（女）,鞋子很好看，穿的舒服，尺码也正好，会推荐给朋友来买的
2019年05月05日 11:16,颜色分类:满天星尺码:43（男）,很好！之前码数不合适又重新拍的！客服也很好！
2019年05月16日 15:09,颜色分类:满天星尺码:35（女）,很不错的鞋子，上脚舒服好看，值得买
2019年05月13日 00:42,颜色分类:天使尺码:37（女）,收到货啦 鞋子质量非常好 是老田家回头客了 从冬天买雪地靴 就开始关注你家 质量没的说
2019年05月10日 16:35,颜色分类:海盐亚洲限定尺码:真正版鞋巴斯夫爆米花鞋底,颜色真的挺好看的 很喜欢 上脚舒服 运动鞋只认老田家
2019年05月09日 19:58,颜色分类:满天星尺码:36（女）,很满意，上脚很好看
2019年05月20日 16:33,颜色分类:满天星尺码:37（女）,好，好，怎一个好字了得啊
2019年05月07日 11:16,颜色分类:兵马俑珊瑚橙尺码:37（女）,鞋子质量挺好的，也特别高大上，同事都说挺好看的呢
2019年05月14日 11:40,颜色分类:纯白冰激凌尺码:真正版鞋巴斯夫爆米花鞋底,鞋子不错啊，挺好看，虽然有点小贵但是质量很好额，绝对物有所值额，呵呵，物流也快额，有需要下次还来。
2019年07月22日 15:25,颜色分类:黑色满天星尺码:40（男）,是我想要的！
2019年05月12日 12:04,颜色分类:纯白冰激凌尺码:38（女）,鞋子不错，穿鞋舒服，透气不磨脚，喜欢
2019年05月15日 21:53,颜色分类:满天星尺码:43（男）,棒棒哒
2019年05月14日 07:12,颜色分类:兵马俑珊瑚橙尺码:39（女）,鞋子很好看，鞋底软软的，穿着也很舒服
2019年05月05日 00:28,颜色分类:满天星尺码:38（女）,总体很满意，发货也很快，包装没的说，老田家的质量相当棒！喜欢的妹子可以放心买。
2019年05月21日 16:00,颜色分类:纯白冰激凌尺码:38（女）,好看尺码标注会继续关注
2019年05月10日 09:25,颜色分类:海盐亚洲限定尺码:35（女）,满意，穿上很帅很舒适，闪闪的，非常喜欢，老田家质量很好，老顾客啦
2019年05月05日 11:05,颜色分类:灰橙欧洲限定尺码:37（女）,发货很快，然后鞋子滴尺码标准，这个很喜欢哟，穿出去撒路，哈哈哈哈哈
2019年05月02日 13:47,颜色分类:兵马俑珊瑚橙尺码:37（女）,一眼就看中了这个款式，很满意。跟图片不色差
2019年05月18日 13:36,颜色分类:黑色满天星尺码:36（女）,鞋子质量很好，很透气，穿起很舒服，很满意。
2019年07月24日 08:01,颜色分类:天使尺码:42（男）,有点紧诶，色差也有点大鸭
2019年05月11日 21:19,颜色分类:兵马俑珊瑚橙尺码:36（女）,舒服，穿起来比较有型哦
2019年07月24日 10:12,颜色分类:纯白冰激凌尺码:41（男）,这个鞋子地上有水就穿不了，一有水就很滑
2019年07月24日 10:12,颜色分类:黑色满天星尺码:36（女）,这个鞋子地上有水就穿不了，一有水就很滑
2019年07月24日 10:12,颜色分类:芝麻灰尺码:38（女）,这个鞋子地上有水就穿不了，一有水就很滑
2019年05月22日 08:38,颜色分类:天使尺码:37（女）,非常时尚，穿上很亮丽，满意！
2019年05月21日 10:23,颜色分类:满天星尺码:36（女）,发货很快，是我喜欢的款，适合这个季节，晚上穿 着运动也很舒服
2019年05月17日 09:56,颜色分类:满天星尺码:39（女）,质量真的很好呀！喜欢😘bling bling的～
2019年05月21日 11:10,颜色分类:天使尺码:38（女）,穿着还是不错的，挺喜欢的
2019年07月29日 09:18,颜色分类:满天星尺码:43（男）,鞋子一般。
2019年07月29日 16:11,颜色分类:黑色满天星尺码:40（女）,有点大  给老公穿了
2019年07月01日 12:23,颜色分类:纯白冰激凌尺码:44（男）,物流速度挺快的，做工也不错，穿在脚上也挺舒服的。很好。
2019年07月08日 16:11,颜色分类:黑色满天星尺码:37（女）,脚面稍稍有些紧 其他还好吧
2019年07月02日 11:38,颜色分类:黑色满天星尺码:43（男）,真的等了很久才发货，还好质量还可以
2019年07月01日 20:05,颜色分类:满天星尺码:44（男）,一般般吧，没踩屎感
2019年07月03日 08:16,颜色分类:黑色满天星尺码:40（男）,做工很一般
2019年07月14日 16:21,颜色分类:黑色满天星尺码:43（男）,买第二双了，一白一黑 
2019年06月23日 16:11,颜色分类:灰橙欧洲限定尺码:35（女）,鞋子又轻又好穿，买了好几双还没发的，不知不觉就掉进老田家坑里😄灰橙老公看了喜欢，让我也给他买了一双，有情侣鞋了。
2019年06月25日 15:04,颜色分类:满天星尺码:39（女）,单纯从质量来说一般 三百块钱是不值 而且高仿都算不上很假 不建议购买 三百块可以买更好的鞋  鞋底材质：鞋底很软 很舒服 
2019年06月20日 18:48,颜色分类:满天星尺码:36（女）,看评论好才买的，上脚感觉没有我以前在别家买的椰子好，没那么软乎。。
2019年06月25日 10:11,颜色分类:满天星尺码:37（女）,穿上这双鞋我就是全街最靓的女
2019年06月10日 19:06,颜色分类:满天星尺码:37（女）,鞋子挺舒服的，就是我脚背高，鞋中线有点压脚背，还有就是不防滑，下雨天差点没摔着
2019年06月20日 07:56,颜色分类:兵马俑珊瑚橙尺码:42（男）,买第二双了 地道死了 自己亲自穿了才知道什么叫做踩屎感 还会再来买的
2019年06月16日 15:41,颜色分类:兵马俑珊瑚橙尺码:38（女）,非常舒适！老粉了！买了就知道了！
2019年06月02日 14:58,颜色分类:满天星尺码:39（女）,还可以，底比较软，就是没有24码～
2019年05月26日 09:02,颜色分类:满天星尺码:37（女）,底很软，穿着舒服，不知道是不是天气太热，竟然有点紧
2019年05月31日 20:39,颜色分类:满天星尺码:35（女）,夜跑中最闪的星
2019年06月02日 15:05,颜色分类:满天星尺码:42（男）,还可以～
2019年05月08日 13:18,颜色分类:满天星尺码:真正版鞋巴斯夫爆米花鞋底,不错 下面废话那么多东西都是假的我现在也没钱买东西吃的了？你怎么知道的太多的东西我给你发红包的钱都没有看到你的照片给我看看嘛你不喜欢吃这个药吃了饭再说你不是也没了？我现在也没啥关系？我现在也没钱吃饭啦吗丁啉嘎嘎嘎嘎嘎的是真的没有时间限制吧唧一口一个肉啊啊啊啊啊啊啊啊啊啊啊啊啊啊啊啊啊啊啊啊啊啊我的手机壳啊你是真的没有办法去吧去吧晚安！我现在去吃饭吗丁啉
2019年05月15日 19:04,颜色分类:满天星尺码:37（女）,鞋码合适
2019年05月16日 23:30,颜色分类:海盐亚洲限定尺码:38（女）,穿上很舒服 特别轻 唯一的缺点就是显脚有点大
2019年08月07日 10:18,颜色分类:天使尺码:38（女）,风格：非常不错的一次购物体验，不到300能买到这样品质的鞋真的已经很不错了，脚感特别好，不仔细看真的可以以假乱真，鞋是用来穿的，作为一个学生党 花四五千买一双鞋子 有点不太现实哟，这个价位已经很物美价廉了 给店家比一个大大的心心！ 
2019年07月29日 11:29,颜色分类:满天星尺码:38（女）,好漂亮的鞋鞋，回头率超高，今天还有两个学妹问我在哪买的哈哈，就不告诉你们！！好啦给店家献上一个走心&hearts;的买家秀，希望大家不喜勿喷~~mua~~😊😊
2019年04月30日 09:25,颜色分类:满天星尺码:37（女）,质量非常好，穿着舒服，非常炫酷
2019年10月09日 00:56,颜色分类:满天星尺码:40（男）,收到货了，看着还蛮好看的，穿一段时间再追评
2019年10月09日 09:07,颜色分类:天使尺码:37（女）,舒适型，脚底软
2019年06月06日 20:25,颜色分类:纯白冰激凌尺码:40（男）,鞋子质量很好 穿着也很舒服 超级耐看款特别百搭 不管是搭配半袜还是短袜都特别好看 很喜欢～丝毫看不出来是300多的鞋子，完全可以媲美我之前买的1000多一双的椰子~
2019年05月03日 14:50,颜色分类:满天星尺码:39（女）,鞋子质量挺好的，跟正版一模一样，我也对比了好多家，最后还是选择这里，真的没有辜负我的期望，非常喜欢，nice
2019年05月29日 09:05,颜色分类:满天星尺码:37（女）,特意等穿了几天再过来评价的。鞋子真的超级白搭，而且穿着特别舒服，又很透气，鞋子的细节做的非常好，质量也非常不错，果然一分钱一分货，以后还会再来的。
2019年07月08日 20:20,,"评价方未及时做出评价,系统默认好评!"
2019年07月31日 20:06,颜色分类:满天星尺码:37（女）,穿着走路跑步一点都不累，朋友都说好看，鞋子与卖家描述的完全一致，收到很惊喜，细节也很到位，包装大气，三百的鞋子真是物超所值，穿几天了在看下质量，好的话在买双别的颜色换着穿，随便拍几张给大家看下实物
2019年05月05日 21:22,颜色分类:满天星尺码:38（女）,网上同款很多，看了很多家，总算没选错，鞋子无异味，晚上穿出去逛了一下超市，很舒服，蛮合脚的。
2019年08月02日 19:53,颜色分类:满天星尺码:36（女）,鞋很不错，经常来莫拉塔家买，第二次购买了，准备来换着穿，质量非常好，底非常软。发货一如既往，快给老板点个赞，特别好特别好，大家快来购买吧！
2019年08月05日 10:12,颜色分类:纯白冰激凌尺码:39（女）,开心极了，没想到鞋子这么漂亮😍，穿在脚上很显脚秀气呀，特舒服，收藏起来了，以后买鞋子还来
2019年06月05日 20:05,颜色分类:满天星尺码:35（女）,一直买这家的鞋子，是这家店超级粉，买了好几双鞋了，这款鞋子真是如店家说的像踩在棉花上的感觉，超级舒服，很合脚！逛街一天也不累！
2019年07月29日 09:33,颜色分类:满天星尺码:38（女）,收到货的第一眼我就好喜欢它，真的是超级好看呐，我终于有一双自己的椰子了，激动，开心，主要是用这么便宜的价钱买了双那么好看的，质量也好，今天穿上它之后莫名自信感爆棚，穿上它我就是这条gai最靓的妞
2019年07月30日 10:28,颜色分类:天使尺码:35（女）,鞋头款式：喜欢 鞋面材质：透气，舒适 鞋底材质：柔，大小刚好 风格：时尚，自己喜欢 
2019年07月27日 08:51,颜色分类:灰橙欧洲限定尺码:36（女）,看中这款鞋子很久，对比了好几家，最后还是决定在这家买了，因为之前买过几次都很满意，所以比较信赖这家，收到果然没失望，颜色鞋型都很满意，穿出来去朋友都说很值
2019年08月04日 16:12,颜色分类:满天星尺码:37（女）,鞋子的款式和材质真的很好！穿着特别舒服！我还买了双真的，对比真的没什么差别，都很舒服，真的是高仿中最良心的商家，跟真的真的没什么差别，我还更喜欢穿这双多一点，很多朋友在这家店买过推荐过来的，真的蛮好，没失望，大家真的可以下手了，妥妥的！
2019年06月19日 14:35,颜色分类:纯白冰激凌尺码:39（女）,对比3家。这家质量最好最ok的，鞋底软比其他三家都软，其他的硬的要死。而且这家穿起来特别的舒服。性价比特别高。值得推荐，。。。。。。给老板扣个6
2019年07月16日 20:33,颜色分类:兵马俑珊瑚橙尺码:36（女）,本来期望不高的，本来就三百块，但看到鞋子我惊艳到了，做工精细，质量也没得说，穿着舒服！非常愉快的一次购物下来还会再来！
2019年08月11日 09:25,颜色分类:满天星尺码:38（女）,鞋子收到很久了，卖家人很好提前给我发货了，虽然还是等了很久但是真的很值得收到鞋子后觉得版型真的超级好质量没话说！穿上也很舒服，我爱了。种草这家店了锁死！
2019年08月29日 08:58,颜色分类:兵马俑珊瑚橙尺码:37（女）,看上好久了，一直不舍的买，这次出去玩就买下了，鞋子不重，上脚很舒服，出门走了一天也不累脚，很满意
2019年06月28日 21:08,颜色分类:兵马俑珊瑚橙尺码:37（女）,种草了很久的椰子鞋，拿到手就知道没有失望，比我预想的还要好很多，这么便宜的价格买了这么一双高格调的鞋子很值，打算再入一双男码的，凑成情侣鞋
2019年05月14日 11:18,颜色分类:满天星尺码:真正版鞋巴斯夫爆米花鞋底,宝贝 收到了。跟图片一模一样。有喜欢的可以入手。值得推荐，另外这家店还好吧。来买过几次了，服务老客户非常周到，以后还常来！
2019年07月26日 20:26,颜色分类:天使尺码:36（女）,鞋底材质：鞋很滑，摔了一跤。遇到下雨天就别穿了，能摔死。 
2019年05月05日 21:18,颜色分类:满天星尺码:37（女）,真的好好看哦，脚感也特别好，质量算是一流了，手感细节材质都做的好好哦，真的是逼格非常到位，服务和鞋子一样，都是很好的，会介绍朋友过来的。
2019年08月12日 15:04,颜色分类:纯白冰激凌尺码:36（女）,收到了，带着忐忑的心情收货，结果对鞋子的质量非常的满意，不管是鞋子款式还是材质那都是非常的ok的，喜欢哦！真心不错，看图看图，这种鞋子穿在街上去瞎逛绝逼让人觉得好看，非常及时的到货！这次购物是最开心的，嘿嘿嘿嘿
2019年07月10日 20:13,颜色分类:满天星尺码:38（女）,物流真是很快呢，没想到质量这么好，与图片描述的一样，而且客服态度也很好呢，值得购买。
2019年05月31日 14:51,颜色分类:满天星尺码:38（女）,真的超级啊好穿 比我买的斯凯奇耐克阿迪都好穿一百倍 ，价格还这么的美好 打算再入手一双黑色的 超级无敌超级好穿 美死了美死了 铁粉啦
2019年05月03日 14:39,颜色分类:满天星尺码:37（女）,鞋底柔软，没有乱七八糟的胶水，看起来很舒服，今天穿了椰子感觉不一样 走路各种踩屎感，就两个字 完美 。
2019年08月01日 14:03,颜色分类:满天星尺码:37（女）,非常满意，性价比真的很高，内部走线挺工整，透气孔也很好，鞋帮比较挺，没出现塌下去的现象，脚感非常舒适，以前没穿过类似的鞋底，所以不知道何为&ldquo;踩屎感&rdquo;穿起来发现真的是从未有过的体验，非常适合压马路休闲穿！
2019年08月12日 21:36,颜色分类:兵马俑珊瑚橙尺码:37（女）,宝贝收到几天了，跟描述的一样，时尚，又轻又透风，超级舒服，质量很好哦，穿着脚还不累。喜欢，犹豫的朋友可以下手买了
2019年07月27日 16:58,颜色分类:兵马俑珊瑚橙尺码:35（女）,鞋子好舒服，走路日常运动刚刚好，最近一直想挑款这样的鞋子终于买到心仪的啦~码数大小正合适，发货也特别迅速，老顾客了，鞋子质量做的是真的不错，有喜欢的新款会继续买的~
2019年05月07日 16:50,颜色分类:兵马俑珊瑚橙尺码:37（女）,太太太太酷了，上脚真的特别舒服，难怪我闺蜜那么推荐我来这边买，果然很满意的，超喜欢
2019年08月02日 21:19,颜色分类:奶油黄尺码:37（女）,鞋子很轻，穿起来很舒服，比较透气，夏天就需要一款透气又好穿的鞋，之前在这家店买过感觉不错，所以回购的，推荐大家购买！
2019年07月15日 16:52,颜色分类:满天星尺码:36（女）,今年椰子鞋巨火 公司都在穿 我也很喜欢 好搭配 还舒服 到手看看质量很好 不比上千的鞋子差 就是牌子不一样而已 女生买来搭配衣服过过瘾足矣
2019年07月29日 08:45,颜色分类:兵马俑珊瑚橙尺码:36（女）,非常满意，性价比真的很高，内部走线挺工整，透气孔也很好，鞋帮比较挺，没出现塌下去的现象，脚感非常舒适，以前没穿过类似的鞋底，所以不知道何为&ldquo;踩屎感&rdquo;穿起来发现真的是从未有过的体验，非常适合压马路休闲穿！
2019年08月01日 16:59,颜色分类:满天星尺码:38（女）,鞋子质量质量不错，颜色也漂亮，细节什么的处理的非常完美，大家看图吧，这个跟我老公找代购买的完全没有差，穿上这个鞋子，其他运动鞋真的不太想穿了，我决定再买一双纯白色的换着穿
2019年08月10日 11:29,颜色分类:灰橙欧洲限定尺码:真正的同厂流水线生产,终于明白大家都在说的踩💩感是什么意思了 无敌舒服😌运动休闲风都能驾驭的颜色 关键是不怕脏 满意哈哈哈哈哈！
2019年06月29日 14:09,颜色分类:满天星尺码:42（男）,没有比这个更有性价比的了吧。鞋型完美，前掌大圈，高质量真爆底，上脚很舒服。没有三叶草标，如果你只想好好穿一双鞋，真的可以入一双！！！比我在微商那买的600的原标还好
2019年08月02日 15:14,颜色分类:纯白冰激凌尺码:37（女）,这鞋子是我观察好久才买下的，收到货赶紧打开试了下鞋子款式非常好看，穿上脚感舒适轻快，很好搭配衣服质量挺好摸起来也很好
2019年08月04日 14:06,颜色分类:灰橙欧洲限定尺码:37（女）,非常满意，老顾客了，一如既往的回购～超粉团队～
2019年07月03日 20:13,颜色分类:纯白冰激凌尺码:37（女）,鞋面材质：气垫非常舒服，款式也很正没毛病。 
2019年06月30日 19:45,颜色分类:灰橙欧洲限定尺码:37（女）,淘宝同时买了两双，还是他家的舒服，果断退了另一家。踩屎感非常足，穿着去爬山走了一天，一点也没感觉到累，超喜欢！
2019年07月27日 09:54,颜色分类:兵马俑珊瑚橙尺码:36（女）,发货很快哦，老顾客了，家里鞋子基本上都是老田家的哦，上脚舒服，实物颜色更美，每个颜色都很好看，纠结好久选择粉，一点都失望哦！
2019年08月02日 21:11,颜色分类:海盐亚洲限定尺码:37（女）,鞋子到了穿上特别舒服，这款鞋子还是我妹妹给推荐的，我俩每个人都买了一双真是穿上特别舒服因为我之前在网上都相中这款鞋子后来选了这一家
2019年08月01日 20:36,颜色分类:满天星尺码:37（女）,简直太萌了，反光效果非常的好，非常的拉风，最主要的是穿着舒服，尤其是的鞋底构造，简直太舒服了。兼具功能与外观，简直完美，以后再来，再买几双。 鞋底材质：这款鞋底是一大亮点很舒服 鞋面材质：反光才是非常棒
2019年06月25日 14:20,颜色分类:满天星尺码:37（女）,这个椰子鞋的质量真心好 比我在其他家买的质量好太多了 绝对对得起这个价钱。休闲 上脚舒服最主要还透气轻便。走一天脚都不觉得累。
2019年08月09日 09:38,颜色分类:纯白冰激凌尺码:37（女）,对比3家。这家质量最好最ok的，鞋底软比其他三家都软，其他的硬的要死。而且这家穿起来特别的舒服。性价比特别高。值得推荐，。。。。。。给老板扣个6
2019年05月21日 07:56,颜色分类:兵马俑珊瑚橙尺码:37（女）,收到了，很好！很喜欢！
2019年08月01日 10:29,颜色分类:灰橙欧洲限定尺码:36（女）,当收到快递的时候我觉得花三百多买到这样一双椰子350简直就是赚到了，价格真的令人毫不犹豫就买，真的是早买早享受。这个真的是感觉和原版没什么区别了，穿起来脚感的话也很棒。我收到后试了好几条裙子，裤子，都很好搭，建议休闲风，酷酷的~
2019年07月01日 08:24,颜色分类:满天星尺码:37（女）,这鞋子好看到爆表了，真的超级的有踩屎感，想踩棉花那样，很轻便，很透气，底子是真爆，太舒服了。
2019年08月13日 09:06,颜色分类:满天星尺码:38（女）,做工挺细的 细节处理的非常到位，做工不输给那些几千的鞋子！很喜欢，鞋底很软脚感很棒，鞋底透光真爆的一颗颗很明显！非常棒的一款鞋子！店家真的值得推荐，能把一款鞋子做到每个细节都非常的好很不容易！谢谢您让我见识到了！最喜欢你们的做工处理 很细致！满意！
2019年08月01日 14:07,颜色分类:兵马俑珊瑚橙尺码:37（女）,已经是第二次在他家买鞋了，质量好、做工细、颜色正、款式潮，很大气，朋友家人都说好看，我自己也很喜欢，网面很透气、但是摸着手感很好，我是看了评价后买的，果然没让我失望，下次还会关顾。赞
2019年05月05日 21:08,颜色分类:满天星尺码:真正版鞋巴斯夫爆米花鞋底,朋友介绍过来的，说是良心好货，刚开始还是有点不放心，后来就想抱着试看看的态度尝试一下，没想到做工真的无敌好。
2019年08月03日 19:26,颜色分类:满天星尺码:36（女）,一直都很钟爱350系列，之前在代购买过一双白斑马，版型是基本没差别，两三百的鞋子说贵不贵，鞋子整体很轻，爆米花脚感确实是无敌！算是良心出品了
2019年07月06日 09:06,颜色分类:兵马俑珊瑚橙尺码:37（女）,椰子鞋真的敲漂亮，颜值太高了，穿上也太舒服了，很轻很透气，不会闷脚，夏天穿也可以，价格也不贵，真的满意。
2019年06月06日 19:13,颜色分类:灰橙欧洲限定尺码:37（女）,质量真的没得说，没穿过椰子，但是穿过正版的爆米花底的鞋子。这个跟正版的爆米花鞋底感觉差不多。好评了！
2019年06月04日 19:24,颜色分类:满天星尺码:37（女）,男朋友之前买了一双假的 700 多！说是最高版，我就没多大要求本想随便买来穿穿，没想到比男朋友那双好太多，版型 做工都好很多！鞋底也比他的软。也比他的闪。
2019年07月24日 08:27,颜色分类:奶油黄尺码:39（女）,刚收到就来评价了，拍了几张细节图给你们看看，看着真的很不错，拿在手里很有质感呢，质量挺好的，这个价格确实已经很优惠了，毕竟这材质感觉和正品都一样，超喜欢。
2019年08月01日 15:07,颜色分类:奶油黄尺码:39（女）,鞋子简直太棒了，客服推荐的码数很正，鞋子穿着也很舒服，比实体店便宜好多，对比了好几家店最后选择这家店买的，果然没让我失望奥，犹豫的抓紧下单吧，笔芯哦
2019年07月31日 14:47,颜色分类:满天星尺码:38（女）,这鞋子是我观察好久才买下的，收到货赶紧打开试了下鞋子款式非常好看，穿上脚感舒适轻快，很好搭配衣服质量挺好摸起来也很好
2019年07月26日 19:41,颜色分类:满天星尺码:35（女）,东西收到了，看上去做工真的很不错哦，打开基本没什么味道的，细节方面挺好的，穿一天脚都不会累，踩屎感是真的，超级喜欢！
2019年08月19日 20:12,颜色分类:满天星尺码:40（女）,椰子鞋收到了，非常漂亮，很满意，款式新颖，版型好看，穿上不板脚，很舒服。
2019年08月06日 18:43,颜色分类:满天星尺码:37（女）,鞋子特别软，这个价格简直是完美，穿着特别舒服，穿着走了一天，脚也不疼，样子也好看，百搭款式，还很时尚，总体来说非常棒！
2019年08月01日 14:06,颜色分类:兵马俑珊瑚橙尺码:38（女）,踩在脚上既复古又萌萌哒，俗称的踩屎感哈哈，穿起来也比较好搭，最最最重要的是舒适度极高!脚感无敌！
2019年07月28日 08:43,颜色分类:纯白冰激凌尺码:37（女）,期待中的宝贝 挺满意的 买过很多这种款式的鞋子 还是觉得这家比较好 穿着是真的还蛮舒服的 底子软 质量没话说 版型我觉得也很ok
2019年07月31日 10:37,颜色分类:纯白冰激凌尺码:36（女）,今年非常潮的一款椰子鞋，款式时尚大方，上很舒服，透气，适合夏天穿，非常满意，哈哈， 没有辜负我的精挑细选。以后新款必入
2019年05月31日 19:52,颜色分类:灰橙欧洲限定尺码:37（女）,柔软舒适，设计简约，外观漂亮很满意，穿上感觉不错，和图片一样尺码大小合适，性价比很高，值得拥有鞋底跟鞋面都很软，透气性好，准备给老公也来一双，完美了
2019年07月29日 11:32,颜色分类:天使尺码:38（女）,挑了很多家才决定买这家的，果然没有失望～鞋子做工非常精致，比同事四百多买的那双要好很多，上脚好看又舒适，踩屎感哈哈～好评！
2019年07月06日 10:49,颜色分类:天使尺码:36（女）,赞👍赞赞👍，非常喜欢这个哦，质量好价格便宜哦，穿着舒适方便漂亮，踩屎感十足哦，性价比超高的产品。已经多次购买了。强烈推荐大家购买此款产品！赞👍赞赞👍
2019年07月12日 20:36,颜色分类:灰橙欧洲限定尺码:40（女）,非常喜欢
2019年05月05日 21:59,颜色分类:满天星尺码:37（女）,可以说是非常好看了，这个价钱也非常值得，看起来也感觉挺高档的样子，总之是特别满意，真心美美哒
2019年07月08日 09:43,颜色分类:满天星尺码:39（女）,这款鞋找了好久，最终在小萌家拍下，拿到手真不是盖的，简直太完美！大爱呀，就是正品没得说，跟我在专柜试的一模一样，从样子到手感，无一例外！
2019年07月30日 21:55,颜色分类:兵马俑珊瑚橙尺码:39（女）,收到鞋子后就赶快穿起来去健身房蹦哒了，脚感特别棒，软软的，而且还提前发货了，我喜欢哈哈。是期待的样子，颜色也是好看的。
2019年06月28日 09:17,颜色分类:满天星尺码:36（女）,终于明白大家都在说的踩💩感是什么意思了 无敌舒服😌运动休闲风都能驾驭的颜色 关键是不怕脏 满意哈哈哈哈哈！
2019年05月27日 20:39,颜色分类:兵马俑珊瑚橙尺码:37（女）,鞋底松软不硌脚，穿着它走很远的路也不会感觉到脚疼，适合运动的时候穿，鞋的做工很细腻，没有线头，值得推荐和购买。
2019年06月27日 23:11,颜色分类:满天星尺码:37（女）,质量不错，价格也实惠，尺码刚刚好，也不磨脚，值得购买
2019年08月09日 15:30,颜色分类:海盐亚洲限定尺码:37（女）,就喜欢臭美一下，上午收到了，回到家就赶紧穿上试脚了，椰子鞋官方尺码是偏小一码，建议宝贝们按平时的尺码拍大一码哦，穿着舒服，炒鸡好的踩屎感！
2019年07月06日 09:00,颜色分类:满天星尺码:36（女）,天气那么热，穿上也不觉得闷脚，很舒服，穿了好几天了，我又表白我的感受啦，超好超舒服。超级不错
2019年06月21日 20:23,颜色分类:满天星尺码:37（女）,鞋子很合适，穿了几天啦会来追评，不会磨脚很好穿，软底的，非常的棒棒的，已经关注店家啦，继续努力哦大爱
2019年07月29日 08:52,颜色分类:满天星尺码:37（女）,一直都很钟爱350系列，之前在代购买过一双白斑马，版型是基本没差别，两三百的鞋子说贵不贵，鞋子整体很轻，爆米花脚感确实是无敌！算是良心出品了
2019年05月22日 13:55,颜色分类:满天星尺码:38（女）,鞋子真的很好看哦，我是一个买东西比较挑的人，但这鞋子满足我所有的要求，就是我想要的版型，之前也买过一款300多的满天星，干扁的不成样子然后直接退了，然后买了这家的，很满意，没有对比就没有伤害，性价比很高。
2019年04月28日 15:44,颜色分类:兵马俑珊瑚橙尺码:35（女）,最好看的椰子永远是最新色，哈哈好像真的是这样。今年椰子每一个颜色都太喜欢了，可是抢都抢不到，看到有了限定色立马换了颜色。细节真的很到位，也买过好几家店了，鞋型多少都有点不对，鞋盘大后尾翘，材料什么的都做的很到位，多出新色一定回购，买到过做的最好的椰子了。
2019年07月31日 14:44,颜色分类:满天星尺码:37（女）,朋友推荐的，第一次穿椰子鞋，外形方面的奇特，椰子鞋的外形并不像普通的运动休闲鞋类，它的鞋身总体上偏圆润、比较扁平，上脚之后发现贴合感和包裹性非常出色，估计是得益于那种风格怪异却符合人体工学的外形设计，上脚就会爱上它的一款鞋子
2019年06月27日 08:44,颜色分类:灰橙欧洲限定尺码:真正版鞋巴斯夫爆米花鞋底,鞋子超级棒！显脚小秀气！软底软面透气！穿起来很舒适！跑步都很轻松！轻巧！简单个性的鞋子叫我在朋友面前很潇洒！都说好看！朋友也要来买哦！
2019年07月29日 19:24,颜色分类:纯白冰激凌尺码:37（女）,网上找了好多家椰子鞋，对比的很多，最终选定了这家，看到店主对做一双鞋子那么用心，觉得这家鞋子的质量肯定不会差了。果断下单买了。买回来穿着很舒服，已经穿了好多天了。很舒服，软软的，虽然我不知道踩屎是种什么感觉，但是这双鞋穿上一点也不累脚。大爱，以后还会光顾。
2019年08月03日 22:22,颜色分类:天使尺码:39（女）,非常满意，性价比真的很高，内部走线挺工整，透气孔也很好，鞋帮比较挺，没出现塌下去的现象，脚感非常舒适，以前没穿过类似的鞋底，所以不知道何为&ldquo;踩屎感&rdquo;穿起来发现真的是从未有过的体验，非常适合压马路休闲穿！
2019年08月27日 15:55,颜色分类:兵马俑珊瑚橙尺码:38（女）,质量挺好，穿着也非常舒服，建议购买！
2019年08月03日 21:02,颜色分类:黑色满天星尺码:38（女）,确实大一码更舒服，不过也确实显脚大。宝贝收到了！太棒了，比想象的还要精致！第一次在网购这么高兴，竟然才花这点钱就买到了这么好的鞋子，用四个字来形容：物美价廉！店主服务态度特好，因为尺码和款型的问题细细为我解答了好久，希望大家都来支持店老板
2019年07月01日 10:06,颜色分类:满天星尺码:37（女）,外行根本看不出来和正品有啥区别，真的特别好看，穿起来很舒服，回购率杠杠的，一直信赖这家店铺，已经成功入坑了，还有合适的，还会再回购的
2019年08月15日 10:33,颜色分类:满天星尺码:36（女）,鞋子很舒服，很喜欢，很满意！
2019年05月06日 21:36,颜色分类:纯白冰激凌尺码:40（女）,上脚非常舒服，走路不累，爆米花底真的能感觉到，一走路就像踩气垫一样，非常舒服，妹妹也入手了一双
2019年07月30日 14:48,颜色分类:满天星尺码:39（女）,鞋子弹性很好，用灯照了一下鞋底的确与店家描述的一样，物有所值，穿起来很舒服，这个价格能做到这样已经很了不起了，鞋子很赞哦
2019年06月06日 21:40,颜色分类:满天星尺码:40（女）,真的很好穿还好还好哈
2019年08月02日 20:01,颜色分类:满天星尺码:36（女）,非常满意！光脚穿太舒服了，对于几乎一年四季都穿运动鞋布鞋的我来说简直太合适了！发货也开，两天就收到了。
2019年07月13日 20:36,颜色分类:天使尺码:38（女）,穿了几天了，感觉相当不错，好产品必须给个好评，首先面料透气性好，即使温度高也不会感觉闷热，其次，鞋底材质柔韧性好，有弹力，走多久不伤脚，假期出去旅游，一整天也没有不适之感，必须点赞。
2019年05月21日 11:24,颜色分类:满天星尺码:44（男）,非常好非常好非常好非常好非常好非常好
2019年05月05日 13:13,颜色分类:满天星尺码:38（女）,之前看别的小姐姐穿超喜欢终于入手了！！对比了很多家，最后买了这家的，收到穿上踩屎感巨舒服，看来没选择错，穿什么都百搭的一款超级喜欢～
2019年08月12日 15:44,颜色分类:满天星尺码:36（女）,风格：找了好久终于被我发现了，超级喜欢这双鞋 鞋面材质：超级喜欢舒服。 
2019年07月11日 20:55,颜色分类:天使尺码:39（女）,质量没的说，一如既往的好！老田家东西质量相当不错的！赞赞赞赞赞赞赞赞赞赞赞赞赞赞赞赞赞赞赞赞赞赞赞赞赞赞赞赞赞赞赞赞赞赞赞赞赞赞赞赞赞赞赞赞赞赞赞赞赞赞赞赞赞赞赞赞
2019年05月07日 19:32,颜色分类:兵马俑珊瑚橙尺码:36（女）,自己上网 对比过。这个价位，真品是不可能的，但是我能说做工非常好，可以说这个价位能做到这样的品质完全没有吐槽点。
2019年05月13日 20:04,颜色分类:满天星尺码:40（女）,这款鞋几乎全网没货，我等了好久的，终于等来了，这双鞋不单单买款式，更重要是穿上脚真的很舒服，这一双，堪称完美，用心保证质量过关很重要，期待下次的新款。&nbsp; 这一次非常的喜欢满意！
2019年07月30日 14:38,颜色分类:满天星尺码:37（女）,鞋子很棒，款式漂亮，穿起来也很舒适。在热心掌柜的建议下，选尺码的时候比平时的鞋子大一码，上脚刚刚好，可能是鞋型好看的原因，鞋子看起来没有想象中那么壮，很合适、很秀气。
2019年07月24日 08:56,颜色分类:纯白冰激凌尺码:39（女）,此用户没有填写评价。
2019年07月30日 09:52,颜色分类:满天星尺码:38（女）,很不错，做工好，是我想要的，穿着舒服，大小合适。很满意，百搭，裙子牛仔裤都可以搭配，好看没色差，和图片一样
2019年08月07日 09:01,颜色分类:天使尺码:38（女）,很舒适，不夹脚，不磨脚。鞋子真的好好穿，款式也和卖家所描述的一样。总而言之，我真的好喜欢这款鞋子，有颜值，穿上高端大气上档次，穿出街，回头率非常高。周末穿出去玩一天脚也不累，这个质量可以说是我觉得很好的。晒几张照片
2019年07月17日 13:59,颜色分类:满天星尺码:37（女）,此用户没有填写评价。
2019年07月23日 15:22,颜色分类:满天星尺码:41（男）,此用户没有填写评价。
2019年08月25日 12:13,颜色分类:满天星尺码:42（男）,鞋子很好
2019年08月02日 10:17,颜色分类:兵马俑珊瑚橙尺码:36（女）,在别家买过300块的同款鞋子，回来一试就立马退了，显得脚太大，36的脚给我显得像38，还以为这款鞋子本来就是那样的版型，后来就没再买过这个鞋子，心想可能每家都一样，结果有一天抱着试一试的态度买了这家的，心想大不了就退吧，结果！非常满意！完全不显脚大，包裹的特别好，才知道原来是那家做工问题，所以说一分钱一分货是有道理的。
2019年08月08日 17:04,颜色分类:满天星尺码:44（男）,此用户没有填写评价。
2019年07月29日 14:46,颜色分类:满天星尺码:37（女）,鞋子穿着很舒服，防滑效果也很好。夏天这么热穿了一天才来评价，也没有味道。鞋子挺透气的，这个颜色超百搭。客服态度很好，问了很多都很有耐心，比心。
2019年09月18日 16:37,颜色分类:黑色满天星尺码:39（女）,"真的超级喜欢，非常支持，质量非常好，与卖家描述的完全一致，非常满意,真的很喜欢，完全超出期望值，发货速度非常快，包装非常仔细、严实，物流公司服务态度很好，运送速度很快，"
2019年07月02日 18:36,颜色分类:纯白冰激凌尺码:38（女）,快递已收到，包装完美精致，没有发现一丝破损，打开打发现款式挺好看的，没有气味，上脚试了一下，挺合脚，很舒适透气性很好，不夹脚，贴脚面的部位，软软的，做工精细，设计处理的都非常完美，真心喜欢。非常满意的一次购物，发货速度快也很快，商家服务热情周到，快递小哥服务态度也很好哦
2019年07月22日 12:06,颜色分类:满天星尺码:43（男）,此用户没有填写评价。
2019年09月10日 11:35,颜色分类:兵马俑珊瑚橙尺码:36（女）,此用户没有填写评价。
2019年06月25日 17:44,颜色分类:满天星尺码:39（女）,此用户没有填写评价。
2019年07月21日 18:59,颜色分类:满天星尺码:42（男）,此用户没有填写评价。
2019年05月23日 14:52,颜色分类:天使尺码:41（男）,"【真的超级喜欢，非常支持，质量非常好，与卖家描述的完全一致，非常满意,真的很喜欢，完全超出期望值，发货速度非常快，包装非常仔细、严实，物流公司服务态度很好，运送速度很快，很满意的一次购物】"
2019年07月31日 15:33,颜色分类:芝麻灰尺码:36（女）,柔软舒适，设计简约，外观漂亮很满意，穿上感觉不错，和图片一样大小合适，性价比很高，值得拥有鞋底跟鞋面都很软，透气性好
2019年07月01日 15:10,颜色分类:满天星尺码:35（女）,鞋子收到了，很满意，鞋子款式好看，质量很好，穿着很舒服，鞋底软，卖家推荐的尺码很合适，性价比很高的，卖家态度很好物流速度也很快满意满意满意。
2019年09月02日 12:03,颜色分类:天使尺码:42（男）,此用户没有填写评价。
2019年07月31日 07:16,颜色分类:芝麻灰尺码:100天无理由退换 终身质保,价格实惠做工精致！对这次购物很满意
2019年07月16日 11:06,颜色分类:兵马俑珊瑚橙尺码:37（女）,此用户没有填写评价。
2019年06月04日 15:12,颜色分类:满天星尺码:38（女）,真的是太棒了，越穿越舒服。鞋子的颜色款式也非常喜欢，适合各种场合时候穿，穿着很舒服，特别的满 意，质量也相当的满意，潮流时尚百搭，以后会继续关注的。棒棒哒！时尚，百搭，潮流，很棒的，喜欢的朋友不要犹豫哈。透气方面还不错，非常满意的一次购物，有需要还会再来光顾贵店的，非常合我心意
2019年08月19日 14:57,颜色分类:天使尺码:36（女）,鞋子质量非常好哦。堪称完美，鞋盒各方面都很舒心，越来越用心了。从雪地靴一直光顾过来的老客了，相信他家品质，满意
2019年07月10日 09:55,颜色分类:满天星尺码:38（女）,宝贝质量非常好，物流很快老板服务态度很好，下次还会再来光临的
2019年08月05日 12:16,颜色分类:满天星尺码:38（女）,衣服质量很好，透气舒适柔软细腻，卖家服务态度好，物流速度快，尺码合适，满意的购物
2019年08月20日 09:26,颜色分类:纯白冰激凌尺码:44（男）,椰子收到了，整体都不错呦，卖家还赠送了香包，以及脚垫，用心啦
2019年08月01日 14:13,颜色分类:灰橙欧洲限定尺码:37（女）,终于买到有踩屎感的鞋子了！真真切切的超软超舒服，粉粉的颜色满足了我的少女心！这么热的天儿穿上一点也不热，说明了透气性的优秀，特满意
2019年07月11日 17:20,颜色分类:满天星尺码:44（男）,不错，很好看。不错，很好看。不错，很好看。不错，很好看。不错，很好看。不错，很好看。不错，很好看。不错，很好看。不错，很好看。不错，很好看。不错，很好看。不错，很好看。不错，很好看。不错，很好看。不错，很好看。不错，很好看。不错，很好看。不错，很好看。不错，很好看。不错，很好看。不错，很好看。不错，很好看。不错，很好看。不错，很好看。不错，很好看。不错，很好看。不错，很好看。不错，很好看。不错，很好看。不错，很好看。
2019年06月23日 15:32,颜色分类:满天星尺码:43（男）,此用户没有填写评价。
2019年08月20日 14:29,颜色分类:奶油黄尺码:37（女）,【当大家看到我的这一篇评价时，表示我对产品是认可的，尽管我此刻的评论是復&middot;制粘贴的。这一方面是为了肯定商家的服务，另一方面是为了节省自己的时间，因为差评我会直接说为什么的。所以大家就当做是产品质量合格的意思来看就行了。最后祝店家越做越好，大家幸福平安，中华民族繁荣昌盛。】
2019年07月19日 13:18,颜色分类:天使尺码:42（男）,此用户没有填写评价。
2019年07月14日 15:33,颜色分类:兵马俑珊瑚橙尺码:37（女）,此用户没有填写评价。
2019年07月09日 13:57,颜色分类:灰橙欧洲限定尺码:41（男）,此用户没有填写评价。
2019年09月20日 13:44,颜色分类:天使尺码:43（男）,鞋子收到了，挺满意的，鞋子质量很好，穿起来很舒服，是正品，店家服务态度很好，很有耐心，认真的解答购物前后的每一个问题，愉快的一次购物，以后会继续关注上新的，点赞
2019年08月08日 08:47,颜色分类:满天星尺码:36（女）,我买鞋子的话就是要个舒适感，主要是工作的话需要长时间站着，朋友推荐的椰子鞋，说脚感很好，那种被爆米花包裹的感觉一点也不会累脚，收到货之后我是不信的，因为没有穿过，收到鞋子试穿之后还是蛮惊喜的，比想象中要奶丝很多 很轻巧很舒服 而且很百搭 裤子裙子搭起来都ok 淑女休闲都驾驭得了！系节那些也不错 没有质量问题，喜欢的可以无顾虑下手，真的可以的！
2019年08月11日 14:47,颜色分类:满天星尺码:38（女）,此用户没有填写评价。
2019年08月11日 13:58,颜色分类:黑色满天星尺码:42（男）,鞋子特别好看，穿起来比较舒服。
2019年09月24日 11:55,颜色分类:满天星尺码:44（男）,此用户没有填写评价。
2019年09月24日 14:39,颜色分类:灰橙欧洲限定尺码:44（男）,此用户没有填写评价。
2019年10月08日 17:51,,"评价方未及时做出评价,系统默认好评!"
2019年10月08日 23:10,,"评价方未及时做出评价,系统默认好评!"
2019年10月08日 23:21,,"评价方未及时做出评价,系统默认好评!"
2019年10月08日 21:40,,"评价方未及时做出评价,系统默认好评!"
2019年10月08日 19:01,,"评价方未及时做出评价,系统默认好评!"
2019年10月08日 11:52,,"评价方未及时做出评价,系统默认好评!"
2019年10月08日 17:41,,"评价方未及时做出评价,系统默认好评!"
2019年10月09日 14:12,,"评价方未及时做出评价,系统默认好评!"
2019年10月09日 00:51,,"评价方未及时做出评价,系统默认好评!"
2019年10月09日 11:02,,"评价方未及时做出评价,系统默认好评!"
2019年10月09日 06:51,,"评价方未及时做出评价,系统默认好评!"
2019年10月09日 17:01,,"评价方未及时做出评价,系统默认好评!"
2019年10月09日 17:02,,"评价方未及时做出评价,系统默认好评!"
2019年10月09日 17:10,,"评价方未及时做出评价,系统默认好评!"
2019年10月09日 17:10,,"评价方未及时做出评价,系统默认好评!"
2019年10月09日 17:10,,"评价方未及时做出评价,系统默认好评!"
2019年10月09日 17:10,,"评价方未及时做出评价,系统默认好评!"
2019年10月09日 17:11,,"评价方未及时做出评价,系统默认好评!"
2019年10月09日 17:11,,"评价方未及时做出评价,系统默认好评!"
2019年10月09日 17:12,,"评价方未及时做出评价,系统默认好评!"
2019年10月09日 17:12,,"评价方未及时做出评价,系统默认好评!"
2019年10月09日 17:31,,"评价方未及时做出评价,系统默认好评!"
2019年10月09日 17:31,,"评价方未及时做出评价,系统默认好评!"
2019年10月09日 17:32,,"评价方未及时做出评价,系统默认好评!"
2019年10月09日 17:32,,"评价方未及时做出评价,系统默认好评!"
2019年10月09日 17:32,,"评价方未及时做出评价,系统默认好评!"
2019年10月09日 17:32,,"评价方未及时做出评价,系统默认好评!"
2019年10月09日 20:10,,"评价方未及时做出评价,系统默认好评!"
2019年10月09日 20:11,,"评价方未及时做出评价,系统默认好评!"
2019年10月09日 21:40,,"评价方未及时做出评价,系统默认好评!"
2019年10月10日 10:52,,"评价方未及时做出评价,系统默认好评!"
2019年10月10日 11:00,,"评价方未及时做出评价,系统默认好评!"
2019年10月10日 13:51,,"评价方未及时做出评价,系统默认好评!"
2019年10月10日 14:02,,"评价方未及时做出评价,系统默认好评!"
2019年10月10日 15:40,,"评价方未及时做出评价,系统默认好评!"
2019年10月10日 16:30,颜色分类:满天星尺码:37（女）,此用户没有填写评价。
2019年10月10日 16:30,颜色分类:满天星尺码:41（男）,此用户没有填写评价。
2019年10月10日 16:40,,"评价方未及时做出评价,系统默认好评!"
2019年10月10日 18:40,,"评价方未及时做出评价,系统默认好评!"
2019年10月10日 18:41,,"评价方未及时做出评价,系统默认好评!"
2019年10月10日 18:41,,"评价方未及时做出评价,系统默认好评!"
2019年10月10日 18:50,,"评价方未及时做出评价,系统默认好评!"
2019年10月10日 18:51,,"评价方未及时做出评价,系统默认好评!"
2019年10月10日 18:51,,"评价方未及时做出评价,系统默认好评!"
2019年10月10日 20:20,,"评价方未及时做出评价,系统默认好评!"
2019年10月10日 20:30,,"评价方未及时做出评价,系统默认好评!"
2019年10月10日 20:40,,"评价方未及时做出评价,系统默认好评!"
2019年10月10日 20:41,,"评价方未及时做出评价,系统默认好评!"
2019年10月10日 21:31,,"评价方未及时做出评价,系统默认好评!"
2019年10月10日 22:01,,"评价方未及时做出评价,系统默认好评!"
2019年10月10日 22:21,,"评价方未及时做出评价,系统默认好评!"
2019年10月11日 00:20,,"评价方未及时做出评价,系统默认好评!"
2019年10月11日 09:30,,"评价方未及时做出评价,系统默认好评!"
2019年10月11日 09:30,,"评价方未及时做出评价,系统默认好评!"
2019年10月11日 11:41,,"评价方未及时做出评价,系统默认好评!"
2019年10月11日 14:00,,"评价方未及时做出评价,系统默认好评!"
2019年10月11日 14:03,,"评价方未及时做出评价,系统默认好评!"
2019年10月11日 14:22,,"评价方未及时做出评价,系统默认好评!"
2019年10月11日 17:11,,"评价方未及时做出评价,系统默认好评!"
2019年10月11日 17:22,,"评价方未及时做出评价,系统默认好评!"
2019年10月11日 18:51,,"评价方未及时做出评价,系统默认好评!"
2019年10月11日 13:11,,"评价方未及时做出评价,系统默认好评!"
2019年10月11日 13:40,,"评价方未及时做出评价,系统默认好评!"
2019年10月11日 20:00,,"评价方未及时做出评价,系统默认好评!"
2019年10月12日 02:50,,"评价方未及时做出评价,系统默认好评!"
2019年10月12日 08:52,,"评价方未及时做出评价,系统默认好评!"
2019年10月12日 10:01,,"评价方未及时做出评价,系统默认好评!"
2019年10月12日 10:01,,"评价方未及时做出评价,系统默认好评!"
2019年10月12日 11:00,,"评价方未及时做出评价,系统默认好评!"
