2019-10-16 08:58:22,颜色分类:【秋冬厚款】基础黑-2尺寸:XL/180,超级nice！等了好久买到的xl码！183买的xl，里面加一件加绒卫衣刚刚好，在南方这边10度左右也不会感觉冷。因为款式是比较宽松，所以不建议买大码。
2019-10-14 17:40:12,颜色分类:【秋冬厚款】基础黑-2尺寸:L/175,运动服很帅气，穿着也很舒服，第一次购买，相当满意，以后还会光顾
2019-10-12 11:25:38,颜色分类:【秋冬厚款】纯净白-1尺寸:M/170,衣服挺好看，暖和，但是我感觉虽然是宽松款式，但还是有点偏大，也可能是我太瘦了
2019-10-02 18:29:45,颜色分类:【春秋薄款】纯净白-1尺寸:XXL/185,很重的大瓶洗衣液，包装很严实，打开看了一下，瓶子里装满的也很满，比超市买的要很多，我一下子就买了两桶，洗了一批衣服，味道还不错，洗的也蛮干净，比较容易冲洗掉泡沫，下次会再来，真的太棒了，密度很浓，真的，味道淡淡的清香，超市里是什么价钱呢？根本没得比，哈哈哈哈哈！
2019-10-13 12:16:37,颜色分类:【秋冬厚款】基础黑-2尺寸:M/170,我自己178  140斤 看了评论买的175的  收到之后感觉还是有点大 又换了170的 穿上之后属于刚刚好 套了一个毛衣试了试也感觉能接受 喜欢宽松一些的可以买175的，喜欢修身一些的可以买170的，但是这个腋下是真的肥大，170也大的一比， 虽然说170可以接受，让其他人看也都说可以，但是自己总是感觉小了那么一丢丢，175呢又大了，我特么也是无语了，自己太纠结了，不想再换了，就这样吧 有时间的建议去实体店看看，在考虑买哪个尺码。
2019-10-13 14:29:28,颜色分类:【春秋薄款】基础黑-2尺寸:XL/180,外套和期待的一样，非常满意
2019-10-05 10:14:30,颜色分类:【秋冬厚款】纯净白-1尺寸:L/175,此用户没有填写评论!
2019-10-10 18:51:15,颜色分类:【秋冬厚款】基础黑-2尺寸:XXL/185,上衣宽松版的，儿子喜欢！质地非常好，做工精细，
2019-10-06 08:26:20,颜色分类:【秋冬厚款】基础黑-2尺寸:L/175,非常宽松非常nice非常real大小刚刚好
2019-10-14 19:44:11,颜色分类:【秋冬厚款】基础黑-2尺寸:L/175,我也不知道设计师是咋设计的？ 袖子特别大 你要说他是宽松版的吧，但是它下摆又小   胸部到腰部的地方合适 但是胯的地方又小了 你要是买胯的地方合适，袖子跟胸部腰部又特别大 个人意见 仅供参考
2019-10-13 11:12:52,颜色分类:【秋冬厚款】基础黑-2尺寸:L/175,还不错，号码偏大一点，比较适合偏胖的人
2019-10-13 13:56:13,颜色分类:【秋冬厚款】基础黑-2尺寸:M/170,质量很好，孩子非常喜欢，衣服穿上也很帅气
2019-10-09 22:50:20,颜色分类:【春秋薄款】纯净白-1尺寸:XXL/185,速度很快，衣服也很好看(○｀&epsilon;&acute;○)
2019-10-04 12:55:21,颜色分类:【春秋薄款】基础黑-2尺寸:XL/180,衣服孩子挺喜欢的，孩子瘦，衣袖有点肥，正体效果很好！祝店家生意兴隆！
2019-10-15 18:28:37,颜色分类:【秋冬厚款】基础黑-2尺寸:M/170,袖子太粗了
2019-10-04 11:33:21,颜色分类:【秋冬厚款】基础黑-2尺寸:L/175,帅的一批！不过挺厚的，20度有太阳穿就热了，不过下雨天穿特别合适，防水布，冬天里面穿个连帽卫衣绝逼帅！
2019-09-25 19:50:30,颜色分类:【春秋薄款】基础黑-2尺寸:L/175,175，140 L码还蛮宽松的，很好很舒服。内有网布隔层。找这个布料找了整整一周，真的超喜欢。说句心里话，阿迪耐克AJ的鞋子衣服买了这么，多到头来质量最好的还是中国的安踏！才发现最需要的是一件柔软的上衣，一件挡风的外套，一双舒适耐穿的鞋子.这些最需要的安踏全给了我。加之现在的款式设计、亲民的价格、过硬的质量，真的不虚国外的运动品牌。适逢祖国70年华诞，准备再买件安踏中国的连帽卫衣搭配这件穿。吹爆国产运动品牌！
2019-10-06 17:05:22,颜色分类:【春秋薄款】纯净白-1尺寸:L/175,超值的一件儿衣服，很喜欢，虽然有点大。不过很不错，支持国产。
2019-10-10 23:40:20,颜色分类:【秋冬厚款】基础黑-2尺寸:L/175,好，很保暖
2019-10-11 09:33:55,颜色分类:【春秋薄款】基础黑-2尺寸:S/165,帅就完事了
2019-10-14 17:35:27,颜色分类:【秋冬厚款】基础黑-2尺寸:L/175,特别喜欢
2019-10-12 18:32:45,颜色分类:【秋冬厚款】基础黑-2尺寸:M/170,衣服蛮厚的，质量不错，就是有些偏大，点个赞
2019-09-01 10:39:42,颜色分类:【春秋薄款】基础黑-2尺寸:L/175,衣服是比较宽松的感觉，大码就有我平时穿加大码的感觉。拿到手的时候感觉还好但是穿上后真是爱了，也太好看了叭！衣服还好不是很厚的那种，秋天降温的时候穿刚刚好，但是刚刚打开的时候感觉有一点气味不严重散一下就可以了。
2019-10-12 19:44:48,颜色分类:【秋冬厚款】基础黑-2尺寸:L/175,把设计师拖来砍了，袖子搞这么大给腿穿吗？
2019-10-04 13:07:20,颜色分类:【秋冬厚款】纯净白-1尺寸:M/170,衣服收到了，物流也很迅速，一直信赖安踏品质
2019-10-08 20:24:36,颜色分类:【秋冬厚款】基础黑-2尺寸:XXXL/190,非常好，这次购物很满意
2019-10-07 13:22:11,颜色分类:【秋冬厚款】基础黑-2尺寸:XXL/185,穿着挺合身，帅
2019-10-06 11:25:23,颜色分类:【秋冬厚款】基础黑-2尺寸:XL/180,很满意很好看
2019-10-03 17:43:25,颜色分类:【秋冬厚款】基础黑-2尺寸:L/175,挺好，面料挺好，衣服很合适！建议购买！！
2019-09-23 17:57:00,颜色分类:【秋冬厚款】基础黑-2尺寸:S/165,宝贝229元转手，包运费（已经晒在咸鱼上）。全新没有穿过，就是吊牌不见了，我身高171正好合适，衣服很帅，防风保暖，值得潮人们穿搭，想入手的在下面评论哦😉。
2019-10-08 16:57:57,颜色分类:【秋冬厚款】基础黑-2尺寸:XL/180,质量很好，快递很给力
2019-09-21 19:00:04,颜色分类:【秋冬厚款】基础黑-2尺寸:S/165,衣服合身，建议买小一码的，套装推荐搭配更好看
2019-10-02 10:11:55,颜色分类:【秋冬厚款】基础黑-2尺寸:XL/180,给男朋友买的，很喜欢，好评！
2019-09-24 15:52:14,颜色分类:【秋冬厚款】纯净白-1尺寸:M/170,衣服裤子到了，穿着很帅🙂我同学说整体有点大，不过我自己觉得还好，这种衣服就是这种风格，还被同学说穿着像是送美团的，我&hellip;&hellip;&hellip;&hellip;。最后衣服很帅，穿上就是学校最靓的崽。不拍照了在上课.！
2019-09-28 17:34:04,颜色分类:【秋冬厚款】基础黑-2尺寸:L/175,给我老弟买的，很不错
2019-09-20 19:41:56,颜色分类:【春秋薄款】基础黑-2尺寸:L/175,东西不错，款式好看，颜色稍微比图片上的效果暗淡一点，不过无伤大雅，好评！
2019-09-26 12:55:31,颜色分类:【秋冬厚款】基础黑-2尺寸:L/175,穿上挺好看，赶紧来评价一下
2019-10-06 12:47:45,颜色分类:【秋冬厚款】纯净白-1尺寸:L/175,还行，挺好看的
2019-09-25 21:13:13,颜色分类:【秋冬厚款】基础黑-2尺寸:L/175,衣服很好看(｡･&omega;･｡)ﾉ♡客服也很好，服务态度很好！
2019-09-16 21:19:36,颜色分类:【春秋薄款】基础黑-2尺寸:S/165,我jio的OK
2019-09-23 16:56:15,颜色分类:【秋冬厚款】基础黑-2尺寸:XL/180,衣服很挺，很厚，但不是夹棉的，肯定特别抗风，质量没问题
2019-09-22 14:33:41,颜色分类:【秋冬厚款】基础黑-2尺寸:S/165,超好看是宽松版的有点大不过真心超好
2019-09-26 17:03:17,颜色分类:【春秋薄款】纯净白-1尺寸:M/170,有点宽松的感觉很合身，两个字：帅气
2019-09-19 08:29:12,颜色分类:【秋冬厚款】基础黑-2尺寸:XXXL/190,衣服是给孩子买的，喜欢质量满意。
2019-09-21 01:42:05,颜色分类:【春秋薄款】基础黑-2尺寸:XXL/185,整体不错的，好看
2019-09-21 23:49:43,颜色分类:【秋冬厚款】基础黑-2尺寸:L/175,好看，厚实，性价比高
2019-09-20 13:30:28,颜色分类:【春秋薄款】基础黑-2尺寸:S/165,好看  帮的很 还这么便宜
2019-09-23 20:13:33,颜色分类:【秋冬厚款】基础黑-2尺寸:M/170,适合较胖的人，设计师也是胆子够大，外套设计成短信的穿法
2019-09-17 19:07:59,颜色分类:【秋冬厚款】基础黑-2尺寸:M/170,挺好的，赶上优惠期，便宜了不少
2019-09-18 21:02:59,颜色分类:【春秋薄款】基础黑-2尺寸:XL/180,儿子好喜欢
2019-09-27 12:42:09,颜色分类:【春秋薄款】纯净白-1尺寸:XXL/185,朋友很满意
2019-09-15 16:53:05,颜色分类:【秋冬厚款】纯净白-1尺寸:M/170,好看好看 我可太喜欢了～再拍大一码就更好了！！秋冬最爱冲锋衣！！
2019-10-07 19:02:14,颜色分类:【秋冬厚款】基础黑-2尺寸:XXL/185,挺好看的   就是没有插手的地方
2019-09-19 20:09:14,颜色分类:【秋冬厚款】基础黑-2尺寸:XL/180,喜欢你没道理！支持安踏！！
2019-09-22 15:28:19,颜色分类:【秋冬厚款】基础黑-2尺寸:M/170,我买的三样都很好很满意
2019-09-19 23:33:51,颜色分类:【秋冬厚款】基础黑-2尺寸:XXL/185,挺喜欢的，买的了换了一次货，服务态度超好的
2019-09-24 20:10:08,颜色分类:【秋冬厚款】基础黑-2尺寸:S/165,好厚   有点大
2019-09-21 17:10:26,颜色分类:【秋冬厚款】基础黑-2尺寸:XL/180,比想象的要好
2019-09-22 18:16:50,颜色分类:【秋冬厚款】基础黑-2尺寸:S/165,支持国产
2019-09-25 14:41:07,颜色分类:【秋冬厚款】纯净白-1尺寸:L/175,款式很好 但是衣服材质不行 气皱纹 物流很快
2019-10-08 09:27:08,颜色分类:【秋冬厚款】纯净白-1尺寸:S/165,挺好的，跟图片一个样
2019-09-22 09:48:00,颜色分类:【秋冬厚款】基础黑-2尺寸:XL/180,不错
2019-09-16 20:18:15,颜色分类:【秋冬厚款】基础黑-2尺寸:XXXL/190,非常满意，支持国货。
2019-09-23 14:30:57,颜色分类:【秋冬厚款】基础黑-2尺寸:XXL/185,快递给力，物美价廉，很满意哦
2019-09-27 11:18:31,颜色分类:【秋冬厚款】基础黑-2尺寸:S/165,我是女生买的最小号还是有点大，尤其是袖子那
2019-09-15 16:19:26,颜色分类:【秋冬厚款】基础黑-2尺寸:XXL/185,秋冬厚款略大，特别是肩部和袖管，很保暖，适合冬天穿。
2019-09-11 21:01:07,颜色分类:【秋冬厚款】基础黑-2尺寸:XL/180,特别nice
2019-09-12 13:27:24,颜色分类:【秋冬厚款】纯净白-1尺寸:L/175,衣服很好，。一开始大小不合适，后来换了小一码，衣服很喜欢，质量好。给好评
2019-09-12 21:06:55,颜色分类:【秋冬厚款】基础黑-2尺寸:M/170,衣服不错，很宽松，大小合身，颜色好看！很满意！
2019-09-01 20:14:34,颜色分类:【秋冬厚款】基础黑-2尺寸:XL/180,尺码正好，穿着帅气
2019-08-31 22:22:26,颜色分类:【秋冬厚款】基础黑-2尺寸:M/170,非常好  一直都喜欢安踏  支持国产
2019-10-01 11:25:46,颜色分类:【秋冬厚款】基础黑-2尺寸:L/175,袖子贼大
2019-09-28 19:54:27,颜色分类:【春秋薄款】纯净白-1尺寸:XXL/185,衣服比我想象的后，比想象的白太多了😂
2019-09-12 23:24:32,颜色分类:【秋冬厚款】纯净白-1尺寸:S/165,女 身高164 体重53kg  这个袖子做的有点太宽了 手臂垂下来的时候会在肩膀那撑起来个大包 领子拉起来比我脖子长 衣服料子很硬 想把领子拉上去再挽一半下来的根本做不到  买前一定要跟客服沟通尺码
2019-09-28 12:32:59,颜色分类:【秋冬厚款】基础黑-2尺寸:M/170,有点大，176应该穿165的
2019-09-15 09:36:35,颜色分类:【秋冬厚款】基础黑-2尺寸:XXXL/190,此用户没有填写评论!
2019-08-29 20:26:09,颜色分类:A001纯净白-1尺寸:XL/180,挺好的，穿起来合身的，很精神，酷酷的
2019-10-02 15:42:33,颜色分类:【春秋薄款】基础黑-2尺寸:L/175,衣服还不错。
2019-10-02 14:58:35,颜色分类:【秋冬厚款】基础黑-2尺寸:XL/180,稍稍有点大了
2019-09-09 00:17:34,颜色分类:【春秋薄款】基础黑-2尺寸:L/175,感觉挺好的
2019-09-12 22:54:43,颜色分类:【秋冬厚款】基础黑-2尺寸:M/170,袖子宽大，衣服整体偏大，上身效果还可以。
2019-09-11 15:28:50,颜色分类:【秋冬厚款】基础黑-2尺寸:M/170,不错
2019-09-05 20:24:25,颜色分类:【春秋薄款】基础黑-2尺寸:XXL/185,很好看很满意
2019-09-22 22:59:35,颜色分类:【秋冬厚款】基础黑-2尺寸:M/170,对瘦的人来说这件衣服不太友好，就比如我😂😂😂
2019-09-12 14:15:35,颜色分类:【春秋薄款】基础黑-2尺寸:XL/180,很好的购物体验
2019-09-17 22:58:27,颜色分类:【春秋薄款】基础黑-2尺寸:XXL/185,给小儿买了一件觉得还可以，款式不错，比较宽松，可以穿两年，又给大儿子买了一件，就是每次价格不一样，先买的贵，心塞
2019-09-12 09:42:42,颜色分类:【秋冬厚款】基础黑-2尺寸:M/170,对客服的服务态度失望至极，稀里糊涂的搞不清情况，仓库发错货就算了 难免有失误的时候，换货迟迟不罚，催客服催换货发出 一直搞不清情况 解释半天也不明白，严重怀疑是不是阅读理解有问题，还是这个脑子压根就不适合做客服！！！最后还是申请投诉才发货！！！服务态度不敢恭维，一颗老鼠屎坏了一锅粥 对安踏整个品牌的印象都不好了
2019-08-20 01:04:35,颜色分类:A92203基础黑-2尺寸:S/165,衣服比较下摆比较紧凑，袖子显大，买的话真的要买比自己尺码小一号会比较好看，修身。
2019-08-11 09:13:09,颜色分类:A92203基础黑-2尺寸:XL/180,我一米八三体重140正好，xl秋冬还可以里面加件厚衣服，料子也很好。
2019-09-20 20:28:25,颜色分类:【秋冬厚款】基础黑-2尺寸:XL/180,考虑来考虑去还是买大了，178的我160斤，穿xl的还是大，给其他人点建议，不过其它所有的方面还是挺好的，太麻烦了，所以不换了，
2019-09-21 14:56:02,颜色分类:【春秋薄款】基础黑-2尺寸:L/175,身高170体重144买的L码穿起来有点偏大，不怎么透气，穿了容易出汗。
2019-09-23 12:02:46,颜色分类:【秋冬厚款】基础黑-2尺寸:S/165,还不错，有点臭
2019-09-17 18:05:20,颜色分类:【秋冬厚款】基础黑-2尺寸:L/175,之前大了一个码，店家爽快的给换了，物流也挺快，客服也不错。安踏，民族品牌标杆
2019-09-19 11:42:03,颜色分类:【秋冬厚款】纯净白-1尺寸:XXL/185,给你们个参考，185  74kg，xxl有点大了，这个衣服版型很宽松那种
2019-08-23 08:57:00,颜色分类:【春秋薄款】基础黑-2尺寸:S/165,啥都好，面料也不错，就是没想到买s的还这么宽松
2019-09-18 14:18:32,颜色分类:【秋冬厚款】基础黑-2尺寸:XL/180,袖子太肥了，衣服不透气，物流还可以，衣服不行。
2019-09-19 14:57:59,颜色分类:【春秋薄款】基础黑-2尺寸:L/175,辣鸡衣服材料一碰就完  客服也辣鸡  一问三不知   真不该买安踏的
2019-09-21 12:24:17,颜色分类:【秋冬厚款】基础黑-2尺寸:M/170,衣服大，样式可以，就是大了，感觉是嘻哈风
2019-08-26 19:19:27,颜色分类:【秋冬厚款】基础黑-2尺寸:L/175,衣服质量不错，除了有些大之外，穿上也蛮好看的，还是很值的
2019-09-19 20:54:35,颜色分类:【春秋薄款】纯净白-1尺寸:L/175,挺好的，就是衣服的尺码跟平常穿的不一样，有点大，别的都很好
2019-09-23 10:40:59,颜色分类:【秋冬厚款】纯净白-1尺寸:S/165,快递太慢了，发的邮政，配送不打电话不发短信，直接往申通网点一丢，我还是自己查物流才知道的。
2019-09-13 09:22:45,颜色分类:【春秋薄款】纯净白-1尺寸:XXL/185,确实宽松，薄款确实薄。
2019-08-16 13:35:12,颜色分类:A92203基础黑-2尺寸:XL/180,非常好 无论服务还是东西 都是我满意的状态
2019-08-28 17:41:59,颜色分类:【秋冬厚款】基础黑-2尺寸:S/165,这件衣服看脸，反正我穿起来很好看
2019-08-22 17:45:21,颜色分类:【秋冬厚款】基础黑-2尺寸:XL/180,很漂亮很帅，安踏做衣服很用心
2019-09-19 08:54:26,颜色分类:【春秋薄款】基础黑-2尺寸:L/175,安踏的客服实在是糟糕，一点都不想给好评
2019-09-19 14:38:26,颜色分类:【秋冬厚款】基础黑-2尺寸:XL/180,衣服偏大，快递**
2019-09-21 13:59:18,颜色分类:【秋冬厚款】基础黑-2尺寸:M/170,好像买大了一点😂
2019-08-28 14:40:52,颜色分类:【秋冬厚款】基础黑-2尺寸:XXL/185,衣服很好  很不错  CS135客服很好
2019-09-13 23:33:45,颜色分类:【秋冬厚款】基础黑-2尺寸:M/170,差评~发的快递太坑
2019-08-11 09:51:45,颜色分类:A92203基础黑-2尺寸:XXL/185,衣服非常好，客服很耐心，换货快起快递也很快，商家还给补差价，非常满意
2019-09-02 15:30:33,颜色分类:【秋冬厚款】基础黑-2尺寸:S/165,170㎝/130斤穿s号没问题，里面还能穿个卫衣。 衣服下摆没有松紧，这点不太好
2019-08-31 22:17:33,颜色分类:A92203基础黑-2尺寸:XL/180,给男朋友买的，他不在跟前，尺码也不知道合不合适，但愿他满意吧！质量是真的好，很厚实，但是我个人觉得这款衣服有点偏大，怎么说呢，他家衣服女款偏小，男款偏大，还是让人挺琢磨不透的哈哈哈，不过质量还全过得去就行了哈哈哈
2019-05-30 15:18:19,颜色分类:A92203基础黑-2尺寸:S/165,此用户没有填写评论!
2019-09-04 19:07:50,颜色分类:【秋冬厚款】基础黑-2尺寸:M/170,这次购物挺不愉快的，买来有点大，打算换小一码，在此之前我已经确认收货了，没有换货的选项了，只有退货退款的选项了，我找了客服，也备注了换货，最后还是退款了，没换上，算了。
2019-09-07 11:37:40,颜色分类:【春秋薄款】基础黑-2尺寸:M/170,先不知道春秋薄款的是拉链开衫，而且真的很大很宽松，蝙蝠衫，大了好多，不过也懒得换了
2019-08-31 18:17:48,颜色分类:【秋冬厚款】基础黑-2尺寸:M/170,料子很硬，又不透气、不贴身，像个雨衣。
2019-09-11 12:13:41,颜色分类:【秋冬厚款】基础黑-2尺寸:XL/180,挺潮的，有性价比，但是就是买的时候推荐买小一号，刚好要不就太大了
2019-09-03 17:57:04,颜色分类:【秋冬厚款】基础黑-2尺寸:M/170,料子很舒服，就是穿起来偏大，只能再高一点再胖一点穿
2019-09-04 11:23:35,颜色分类:【春秋薄款】基础黑-2尺寸:M/170,衣服里面一股味感觉像是二手的
2019-09-02 13:21:38,颜色分类:【春秋薄款】基础黑-2尺寸:M/170,速度是真的快 隔天就到了 就是衣服袖子有点肥
2019-08-29 21:12:00,颜色分类:A92203基础黑-2尺寸:M/170,衣服版型不错就是面料有点硬
2019-09-01 00:25:47,颜色分类:【秋冬厚款】纯净白-1尺寸:M/170,好看。就是版型太大了。
2019-09-10 11:18:53,颜色分类:【秋冬厚款】基础黑-2尺寸:M/170,很棒，就是肩膀很宽，领口脖子有点宽，别的都没问题！
2019-09-01 20:14:34,颜色分类:【秋冬厚款】基础黑-2尺寸:S/165,女生穿还是稍微差点意思，穿不出酷劲来
2019-07-23 13:29:45,颜色分类:A92203基础黑-2尺寸:M/170,衣服合适，适合春秋穿
2019-09-07 08:38:40,颜色分类:【秋冬厚款】基础黑-2尺寸:M/170,1建议买大一个号
2019-08-28 22:28:57,颜色分类:【春秋薄款】富贵蓝-3尺寸:XXXL/190,差，和以前的码不一样，和图不一样
2019-08-02 12:09:21,颜色分类:A92203基础黑-2尺寸:L/175,非常好 爱上安踏
2019-09-01 18:04:01,颜色分类:【秋冬厚款】基础黑-2尺寸:M/170,衣服太大
2019-07-08 15:05:57,颜色分类:A92203基础黑-2尺寸:S/165,甚是满意
2019-06-09 19:53:40,颜色分类:A001纯净白-1尺寸:XXL/185,服务态度非常好，本来买的XXL发现太大了就跟店家退换发过去后当天就发货，客服小姐姐也非常耐心，衣服也很好看😀
2019-06-23 13:30:41,颜色分类:A92203基础黑-2尺寸:M/170,衣服面料防水，较厚，适合秋冬季穿，比较宽松，176，60公斤，长短合适，做工精细
2019-08-19 23:03:17,颜色分类:A92203基础黑-2尺寸:M/170,麻烦你们给我安利一条裤子吧
2019-08-26 11:40:10,颜色分类:【秋冬厚款】基础黑-2尺寸:L/175,看起来很不错。还算满意吧，不过可能我一开始没看清楚。他是从头上套进去的，不是穿的
2019-07-03 22:01:51,颜色分类:A92203基础黑-2尺寸:L/175,怎么说呢，支持国货，支持安踏
2019-06-19 10:10:36,颜色分类:A001纯净白-1尺寸:M/170,还可以
2019-06-07 11:10:18,颜色分类:A92203基础黑-2尺寸:L/175,非常好看￣ ￣)&sigma;只是对于我来说，大了点，但这丝毫不影响！！！O(&cap;_&cap;)O
2019-08-11 21:29:04,颜色分类:A92203基础黑-2尺寸:S/165,肩膀处太宽松了， 要再紧一些就好
2019-08-27 14:42:47,颜色分类:【秋冬厚款】基础黑-2尺寸:L/175,袖子有点肥大，其他都可以！
2019-06-02 12:57:14,颜色分类:A92203基础黑-2尺寸:XXL/185,喜欢这款衣服的。按照自身码得小一码。这款衣服版型大。很好看。穿着也很舒服。
2019-08-23 11:39:05,颜色分类:A92203基础黑-2尺寸:XXXL/190,挺好的  有点偏大  建议平时买小一号
2019-08-23 12:31:42,颜色分类:【秋冬厚款】纯净白-1尺寸:M/170,衣服偏大，建议买小一个号
2019-05-01 07:51:55,颜色分类:A92203基础黑-2尺寸:XL/180,此用户没有填写评论!
2019-08-21 08:53:15,颜色分类:A001纯净白-1尺寸:L/175,一切都好  就是包装上有两个小洞
2019-06-26 16:10:37,颜色分类:A92203基础黑-2尺寸:L/175,还可以，大小也合适
2019-06-19 14:15:41,颜色分类:A92203基础黑-2尺寸:L/175,看着样子不错，穿着舒服
2019-08-20 18:55:50,颜色分类:A92203基础黑-2尺寸:L/175,可以挺好的，就是得买小一号😂😂😂
2019-06-23 17:15:03,颜色分类:A92203基础黑-2尺寸:M/170,衣服不错(*๓&acute;╰╯`๓)♡
2019-06-09 16:39:34,颜色分类:A92203基础黑-2尺寸:XL/180,高质量/没得说
2019-06-30 10:46:06,颜色分类:A92203基础黑-2尺寸:S/165,非常喜欢，也非常合身
2019-06-26 22:50:29,颜色分类:A92203基础黑-2尺寸:L/175,很好，非常满意
2019-04-26 23:06:32,颜色分类:A92203基础黑-2尺寸:XL/180,大小合适，宽松版，本人比较瘦，觉得衣服有点胖。还有就是这件衣服没有口袋，习惯抄口袋，这个还得适应一段时间。做工精细，穿上很帅。
2019-05-03 18:31:37,颜色分类:A001纯净白-1尺寸:S/165,此用户没有填写评论!
2019-05-17 14:37:30,颜色分类:A92203基础黑-2尺寸:L/175,宝贝收到很喜欢，给我儿子买的衣服，这是第二次买，第一次买的是S码太小了，这次买的是L码我儿子穿刚刚好，客服服务很到位，下次还来这个店买
2019-05-01 12:02:20,颜色分类:A001纯净白-1尺寸:L/175,很好，就是有点大....
2019-04-22 21:23:41,颜色分类:A92203基础黑-2尺寸:L/175,很不错  比想象的好很多  就是偏大了点
2019-07-11 14:02:43,颜色分类:A92203基础黑-2尺寸:M/170,还可以吧啊，就是感觉腰哪儿有点小，穿起来看着小。不怎么舒服的呢，不怎么符合的呢，哎只不过价格还是合适的，毕竟不怎么贵的呢
2019-04-23 19:47:50,颜色分类:A92203基础黑-2尺寸:M/170,身高180体重60kg穿m的都大一点点 ，上身效果可以物有所值
2019-04-24 12:52:26,颜色分类:A92203基础黑-2尺寸:XL/180,衣服不错，孩子很喜欢。
2019-05-30 20:12:56,颜色分类:A92203基础黑-2尺寸:L/175,码数有点大，各位买的时候买小一码合适，衣服是宽松型的，夏季穿有点厚，适合春秋穿
2019-05-31 08:20:47,颜色分类:A92203基础黑-2尺寸:L/175,买的第二天就做活动减七十，感觉对不起这个价似的
2019-06-03 22:14:08,颜色分类:A001纯净白-1尺寸:M/170,这个衣服真的好肥😄
2019-05-23 22:34:55,颜色分类:A92203基础黑-2尺寸:XXL/185,好看，想留着自己穿不想给男朋友了
2019-05-12 15:27:17,颜色分类:A92203基础黑-2尺寸:L/175,略微型号有点大，挺好看的，总体不错，
2019-05-25 16:53:21,颜色分类:A92203基础黑-2尺寸:L/175,衣服偏大，
2019-05-13 20:33:57,颜色分类:A92203基础黑-2尺寸:S/165,拱着穿 拱不进去啊
2019-05-03 20:10:48,颜色分类:A001纯净白-1尺寸:L/175,本来在他家买东西觉得是官方店东西应该不错，没想着收到货后竟然都是次品，不是A货！到处都是断线和线头！我找客服给我来一句给我8块钱补贴，回复的非常快！可以想象他们都知道怎么应对客户了，也知道衣服有多垃圾了！绝对是厂家剩下的次品货，望大家看到后谨慎购买！
2019-05-01 21:27:44,颜色分类:A001纯净白-1尺寸:L/175,东西挺好，就是要三天两头洗
2019-05-04 02:05:31,颜色分类:A92203基础黑-2尺寸:XL/180,好看，比较厚。
2019-05-04 23:31:28,颜色分类:A92203基础黑-2尺寸:S/165,衣服不错，就是现在穿有点热，快递太慢
2019-05-11 05:18:41,颜色分类:A92203基础黑-2尺寸:XXXL/190,不错  可能不太防皱
2019-05-01 13:15:14,颜色分类:A92203基础黑-2尺寸:XL/180,好像有点大
2019-05-01 06:18:26,颜色分类:A92203基础黑-2尺寸:XL/180,永无止步！
2019-04-20 16:54:22,颜色分类:A92203基础黑-2尺寸:XXL/185,咱也不敢说咱也不敢问，刚到了没一天几天出这活动，我买的时候也是活动抢购来的，
2019-04-19 17:24:14,颜色分类:A92203基础黑-2尺寸:XL/180,十分不错就是厚了点，还有就是我竟然到货之后就打折了让我很不爽
2019-04-22 18:13:47,颜色分类:A001纯净白-1尺寸:M/170,稍微有那么一点点大，我175重60买的M的有点大
2019-04-21 13:36:16,颜色分类:A001纯净白-1尺寸:M/170,挺好看的，就是大了点
2019-04-18 11:44:42,颜色分类:A92203基础黑-2尺寸:M/170,比较瘦的男生最好比自己的尺码小两个号
2019-04-18 16:40:52,颜色分类:A92203基础黑-2尺寸:XL/180,衣服种草好久啊，花呗强行拔草，好评
2019-10-17 16:14:38,颜色分类:【秋冬厚款】纯净白-1尺寸:L/175,给男朋友买的，贼帅，重要是自己也可以穿😜😜
2019-10-19 11:31:27,颜色分类:【秋冬厚款】基础黑-2尺寸:XXXL/190,细节不行，有好多瑕疵  。整体料子有点硬 177.200斤穿最大号 正好
2019-10-19 08:29:13,颜色分类:【秋冬厚款】基础黑-2尺寸:XL/180,没有想象中好
2019-10-19 12:33:23,颜色分类:【秋冬厚款】基础黑-2尺寸:M/170,很好
2019-10-19 17:57:14,颜色分类:【春秋薄款】纯净白-1尺寸:S/165,好
2019-06-20 04:17:06,颜色分类:A92203基础黑-2尺寸:XL/180,父母代收的，说还不错，习惯性好评。另外提一个小小的建议，优惠券能不能再搞个满1000，1500，2000优惠多少多少的，我帮家人也买了不少，还得拆分成3次分批订单，太麻烦了
2019-04-25 23:10:39,颜色分类:A001纯净白-1尺寸:S/165,忠于祖国 忠于人民 忠于人民 衣服不错(*๓&acute;╰╯`๓)♡
2019-06-20 14:21:08,颜色分类:A001纯净白-1尺寸:M/170,衣服大 有点大啊
2019-09-21 23:06:33,颜色分类:【秋冬厚款】纯净白-1尺寸:S/165,太帅了，帅到炸，下摆围再大一点就更完美了
2019-09-21 15:34:28,颜色分类:【秋冬厚款】纯净白-1尺寸:L/175,很好，码数偏大，建议买小一码，客服服务态度特别好，换货也及时总之很好
2019-05-02 13:08:39,颜色分类:A001纯净白-1尺寸:XXXL/190,穿着有点热，其他还行
2019-08-23 18:49:16,颜色分类:【秋冬厚款】基础黑-2尺寸:M/170,衣服很好看，秋冬款的很厚实，物流发的顺丰，好评好评
2019-09-13 12:55:18,颜色分类:【春秋薄款】基础黑-2尺寸:XL/180,衣服不错，买大了，联系了客服，客服cs843服务好
2018-09-26 12:21:47,颜色分类:A92203基础黑-2尺寸:XXL/185,非常喜欢😊😊😊😊😊😊😊😊😊😊😊😊😊😊😊😊😊😊😊😊😊😊😊😊😊😊
2019-01-04 18:34:22,颜色分类:A001纯净白-1尺寸:XL/180,很好看鸭😬穿上之后效果很好，瘦子就不要穿了，把肩膀练宽再来买叭😂，宽松一点的好
2018-12-14 20:55:57,颜色分类:A92203基础黑-2尺寸:XL/180,&amp;还好还好哈还好还好哈还好还好哈哈哈活该姑姑姑父代发丰乳肥臀趁热吃查干湖会不会几iu霏霏凤凰湖ui客户v陈学冬福田河宾馆u黄河鬼棺感觉好贵反方向
2018-11-19 09:50:51,颜色分类:A001纯净白-1尺寸:S/165,客服cs720服务好，包装仔细
2018-11-17 17:41:24,颜色分类:A92203基础黑-2尺寸:L/175,这件衣服酷，穿上帅，孩子说要有个兜就完美啦
2018-11-17 10:56:40,颜色分类:A001纯净白-1尺寸:S/165,Nice
2018-09-18 16:47:23,颜色分类:A001纯净白-1尺寸:XL/180,大版
2018-11-16 18:56:28,颜色分类:A92203基础黑-2尺寸:M/170,好评
2018-12-07 21:41:06,颜色分类:A92203基础黑-2尺寸:M/170,没拍照，反正买回来和图片一样，最不满意的就是今天穿出去溜达一圈，三四个小姐姐要去我家试下衣服。衣服是好，就是床太小！
2018-12-28 13:26:01,颜色分类:A92203基础黑-2尺寸:L/175,哎呀哎呀哎呀哎呀哎呀哎呀哎呀哎呀哎呀哎呀哎呀哎呀哎呀哎呀哎呀哎呀哎呀哎呀哎呀哎呀哎呀哎呀哎呀哎呀哎呀哎呀哎呀哎呀哎呀哎呀哎呀哎呀哎呀哎呀哎呀哎呀哎呀哎呀哎呀哎呀哎呀哎呀哎呀哎呀哎呀哎呀哎呀哎呀哎呀哎呀哎呀哎呀哎呀哎呀哎呀哎呀哎呀哎呀哎呀哎呀哎呀哎呀哎呀哎呀哎呀哎呀哎呀哎呀哎呀哎呀哎呀哎呀哎呀哎呀哎呀哎呀哎呀哎呀哎呀哎呀
2019-01-23 19:55:12,颜色分类:A92203基础黑-2尺寸:XL/180,一般吧，感觉价格有点偏贵，不太值
2018-12-18 11:42:18,颜色分类:A92203基础黑-2尺寸:XL/180,衣服挺好的，就是短了点。
2018-11-26 12:20:12,颜色分类:A92203基础黑-2尺寸:XL/180,很nice，很like.
2018-11-28 12:31:58,颜色分类:A92203基础黑-2尺寸:S/165,此用户没有填写评论!
2018-11-18 15:50:15,颜色分类:A92203基础黑-2尺寸:L/175,衣服质量特别好，就算是双十一物流也特别快，服务态度也特别好，非常满意
2018-11-14 10:29:18,颜色分类:A92203基础黑-2尺寸:XXXL/190,凌晨抢购的没想到发的是顺丰快递，两天就到了，衣服手感不错，比较容易沾灰尘，然后衣服穿起来挺好看的
2018-12-26 02:45:45,颜色分类:A92203基础黑-2尺寸:M/170,衣服超赞！质量很好！穿着超酷！
2018-11-21 22:10:32,颜色分类:A92203基础黑-2尺寸:M/170,很好的衣服。
2018-11-22 17:06:34,颜色分类:A001纯净白-1尺寸:XXXL/190,真的非常不错 好看
2018-11-27 21:00:40,颜色分类:A92203基础黑-2尺寸:L/175,173--73刚好，里面还可以套卫衣穿，妥妥的。
2018-12-19 22:57:15,颜色分类:A001纯净白-1尺寸:M/170,宝贝不错，，客服cs614服务也不错
2018-10-11 22:49:43,颜色分类:A001纯净白-1尺寸:M/170,挺厚实  出乎意料
2018-10-14 22:35:05,颜色分类:A92203基础黑-2尺寸:L/175,很好，非常喜欢
2018-11-15 11:44:23,颜色分类:A92203基础黑-2尺寸:XXL/185,挺好的
2018-09-24 09:59:36,颜色分类:A92203基础黑-2尺寸:M/170,版型有点硬，最好是套一件卫衣哈哈哈哈哈哈哈哈哈哈哈哈哈哈哈哈哈哈哈哈哈哈哈哈哈哈哈哈哈哈哈哈哈哈哈哈哈哈哈哈哈哈哈哈哈哈哈哈哈哈哈哈哈哈哈哈哈哈哈哈哈哈哈哈哈哈哈哈哈哈哈哈哈哈哈哈
2018-12-02 10:10:37,颜色分类:A92203基础黑-2尺寸:M/170,衣服很赞，喜欢的可以下单，支持国产。
2018-11-14 19:01:08,颜色分类:A92203基础黑-2尺寸:XXL/185,完美有点偏大宽松一点
2018-11-15 22:50:12,颜色分类:A92203基础黑-2尺寸:S/165,172买的最小码穿着差不多
2018-11-14 16:41:18,颜色分类:A92203基础黑-2尺寸:L/175,涐倾烬①甡，呮ゐ，赌①场啈冨涐倾烬①甡，呮ゐ，赌①场啈冨涐倾烬①甡，呮ゐ，赌①场啈冨涐倾烬①甡，呮ゐ，赌①场啈冨
2018-12-18 18:16:50,颜色分类:A92203基础黑-2尺寸:M/170,衣服还不错，就是有线头不能容忍
2018-09-15 00:48:36,颜色分类:A001纯净白-1尺寸:M/170,质量不错 预售有点久
2018-11-18 21:06:53,颜色分类:A92203基础黑-2尺寸:XXL/185,衣服有点大
2018-09-21 13:32:23,颜色分类:A001纯净白-1尺寸:M/170,特别喜欢
2018-09-17 19:42:45,颜色分类:A92203基础黑-2尺寸:XXL/185,嗯，衣服是很好看的，知道是宽松的，然而没想到这么大，小一号最好了，质量没啥问题，客服是相当的完美，美中不足的是建议换个快递合作，百事是龟速
2018-10-15 18:29:12,颜色分类:A92203基础黑-2尺寸:M/170,尺码不合适而且商家拒绝退换。
2019-01-21 15:52:49,颜色分类:A001纯净白-1尺寸:L/175,穿上正合适  料子很好哈 帅气  潮  骚气  买了图片上的一套 裤子 我自己拍不住 也特别好看 差个老爹鞋了 再淘个老爹鞋就更完美了  骚气
2018-11-22 17:30:12,颜色分类:A92203基础黑-2尺寸:XL/180,帅的一
2018-09-16 11:14:27,颜色分类:A001纯净白-1尺寸:L/175,挺不错
2019-01-01 18:21:19,颜色分类:A92203基础黑-2尺寸:XL/180,有点小..........
2018-09-24 23:14:49,颜色分类:A92203基础黑-2尺寸:XXXL/190,好
2018-11-25 23:00:37,颜色分类:A92203基础黑-2尺寸:XXXL/190,首先这个系列颠覆了我对安踏的最初认知，这个就是欧码不是国码啊！以前三个加的刚刚好，现在三个加的根本就没法穿 太大了 不是我瘦了是衣服的尺码都做的和欧码一样了，买的时候也没注意，好在换了也换得了
2018-11-14 20:30:21,颜色分类:A001纯净白-1尺寸:M/170,上面的字母会被洗掉
2018-12-12 10:44:55,颜色分类:A92203基础黑-2尺寸:XXL/185,买给表弟的，表弟很喜欢，上身效果不错
2018-09-17 15:44:17,颜色分类:A92203基础黑-2尺寸:L/175,此用户没有填写评论!
2018-11-18 16:35:34,颜色分类:A92203基础黑-2尺寸:XXL/185,快递收到了，很不错的，很喜欢，各个方面包装 服务态度  服务，东西只质量很满意，很喜欢，价格实惠，东西很好，物流也很快，很喜欢，尤其物流很快，东西也很完好，我很喜欢这次购物，很满意这次购物，如果有下次购物需求，还来这家店买，真心不错。之所以这么啰嗦，是因为满字数给积分啦。
2018-09-15 23:30:50,颜色分类:A92203基础黑-2尺寸:M/170,我觉得有点屌
2018-12-24 14:57:06,颜色分类:A92203基础黑-2尺寸:L/175,衣服很好看  cs705服务很好
2018-11-19 19:02:54,颜色分类:A92203基础黑-2尺寸:S/165,"上衣太大了 最小号穿着都大 不过款式很好看 和此卖家交流,不由得精神为之一振,自觉七经八脉为之一畅,我在淘宝买了这么多年,所谓阅商无数,但与卖家您交流,我只想说,老板你实在是太好了,你的高尚情操太让人感动了,本人对此卖家之仰慕如滔滔江水连绵不绝,海枯石烂,天崩地裂,永不变心。交易成功后,我的心情是久久不能平静,自古英雄出少年,卖家年纪轻轻,就有经天纬地之才,定国安邦之智,而今,天佑我大中华,沧海桑田5000年,神州平地一声雷,飞沙走石,大雾迷天,朦胧中,只见顶天立地一金甲天神立于天地间,花见花开,人见人爱,这位英雄手持双斧,二目如电,一斧下去,混沌初开,二斧下去,女娲造人,三斧下去,小生倾倒。得此大英雄,实乃国之幸也,民之福,人之初也,怎不叫人喜极而泣&hellip;&hellip;看着交易成功,我竟产生出一种无以名之的悲痛感&mdash;&mdash;啊,这么好的卖家,如果将来我再也遇不到了,那我该怎么办?直到我毫不犹豫地把卖家的店收藏了,我内心的那种激动才逐渐平静下来,可是我立刻想到,这么好的卖家,倘若别人看不到,那么不是浪费心血吗?经过痛苦的思想斗争,我终于下定决心,牺牲小我,奉献大我。"
2018-11-19 15:23:38,颜色分类:A001纯净白-1尺寸:XL/180,很好，很大，哈哈
2018-11-12 16:01:29,颜色分类:A92203基础黑-2尺寸:XXL/185,码数有点大还有拉丝有点扎人
2018-12-06 09:23:52,颜色分类:A92203基础黑-2尺寸:M/170,还好我机智的买了大一码  不然套不进去  哈哈哈哈
2018-12-22 05:49:32,颜色分类:A92203基础黑-2尺寸:XXL/185,蛮好的，发货速度快，质量也不错，，很好，大小合适，款式也好，孩子还是很喜欢的
2018-11-26 15:30:32,颜色分类:A92203基础黑-2尺寸:XL/180,尺码偏大建议小一号
2019-04-13 09:38:04,颜色分类:A92203基础黑-2尺寸:M/170,很中意
2019-04-11 08:12:40,颜色分类:A92203基础黑-2尺寸:XXL/185,非常帅
2018-10-13 11:04:12,颜色分类:A92203基础黑-2尺寸:XXL/185,代购～
2018-11-22 11:38:24,颜色分类:A92203基础黑-2尺寸:L/175,还行
2018-11-16 15:16:31,颜色分类:A92203基础黑-2尺寸:XXL/185,质量挺好的也帅气尺码非常标准
2018-12-30 13:20:50,颜色分类:A92203基础黑-2尺寸:XXL/185,衣服版型不错，同事都说好看，很宽松
2018-12-17 12:40:09,颜色分类:A92203基础黑-2尺寸:XL/180,很久以前就想买了  特地等到双12 优惠很大 衣服面料是我喜欢的料子 款式也很好看  非常满意！
2019-01-16 12:35:25,颜色分类:A001纯净白-1尺寸:XXL/185,非常好
2019-01-27 21:11:51,颜色分类:A92203基础黑-2尺寸:L/175,酷  好看
2018-11-26 14:25:21,颜色分类:A92203基础黑-2尺寸:XXL/185,衣服很帅，穿的真的很棒，真心不错，就是价格有点贵啊
2018-11-22 17:27:38,颜色分类:A92203基础黑-2尺寸:L/175,不错的，挺抗风
2018-09-16 10:06:00,颜色分类:A001纯净白-1尺寸:L/175,买小一号的
2018-09-14 16:48:44,颜色分类:A92203基础黑-2尺寸:M/170,真的不值这个价。太贵了。做的还不够细心
2018-11-20 13:36:07,颜色分类:A001纯净白-1尺寸:L/175,真犀利。m码都这么大。我也是服！当大家看到我的这一篇评价时，表示我对产品是认可的，尽管我此刻的评论是复制粘贴的。这一方面是为了肯定商家的服务，另一方面是为了节省自己的时间，因为差评我会直接说为什么的。所以大家就当做是产品质量合格的意思来看就行了。最后祝店家越做越好，大家幸福平安，中华民族繁荣昌盛。
2018-09-15 19:02:30,颜色分类:A92203基础黑-2尺寸:M/170,怎么那么好看
2018-09-22 12:27:01,颜色分类:A001纯净白-1尺寸:L/175,这个给朋友凑单的，料子很好穿着很舒服。
2018-09-24 16:20:39,颜色分类:A92203基础黑-2尺寸:L/175,什么安踏啊  衣服都太垃圾，第一次买国产就这样，衣服还说推荐码会正好  大出来两个号 直接超级大  根本穿不了 物流也慢的要死  网上真不能新安踏了。
2018-12-01 13:31:28,颜色分类:A92203基础黑-2尺寸:M/170,哈哈哈超级炫酷，安踏现在比以前潮流多了，款式也很多了，祝安踏越来越好，支持国产。
2018-10-03 11:04:18,颜色分类:A92203基础黑-2尺寸:XXXL/190,本身因为又高又胖所以买了最大码，没想到安踏给我了一个惊喜，竟然大了虽然单穿是大，不过里面加一件卫衣就差不多了，也懒得退了，不过裤子买的190到是正好，安踏真是从小穿到大啊，希望再多出一些潮品
2018-09-27 20:43:52,颜色分类:A92203基础黑-2尺寸:XL/180,衣服质量不错款式好看就是衣服没有口袋
2018-11-14 13:52:27,颜色分类:A92203基础黑-2尺寸:L/175,帅就完事了
2018-09-17 09:22:44,颜色分类:A92203基础黑-2尺寸:L/175,别的都很好，就是这个细节太像残次品了。
2018-12-02 23:27:25,颜色分类:A92203基础黑-2尺寸:S/165,178  63kg偏瘦买的s下摆有点小了。换了m套上卫衣刚刚好，完美
2018-09-16 07:50:40,颜色分类:A92203基础黑-2尺寸:L/175,还行
2018-09-29 18:12:00,颜色分类:A92203基础黑-2尺寸:L/175,宝贝太好了！我很满意！  国产大品牌就是不一样！    愿安踏越做越好！    客服的服务态度太好了！   果断好评！  cs12真心不错！点赞哦！
2018-10-04 13:18:28,颜色分类:A92203基础黑-2尺寸:S/165,真的有点大，不过衣服很好，尽量买小一码的
2019-01-26 12:39:22,颜色分类:A92203基础黑-2尺寸:XL/180,第一眼看到你，欣喜便跃然而生，把你捧于掌心，如获至宝，打开你，你精美如至尚珍品，线条之雅美，工艺之精湛，细心而用心，精心而诚心&hellip;&hellip;
2018-11-01 08:23:25,颜色分类:A92203基础黑-2尺寸:XXL/185,真滴大，送给舍友穿了。。重新买了一件
2018-11-18 16:22:48,颜色分类:A92203基础黑-2尺寸:XXL/185,儿子很喜欢，就是第一次拍大了，跟店家换了小点码的，店家服务态度非常好，很快就收到换的衣服了。
2018-10-02 06:59:40,颜色分类:A92203基础黑-2尺寸:M/170,喜欢
2018-09-30 20:04:45,颜色分类:A92203基础黑-2尺寸:XXL/185,太大了
2018-11-22 22:00:19,颜色分类:A001纯净白-1尺寸:XL/180,质量特别好，没有色差，版型是偏大的 客服kf228服务态度特别好，回复迅速，解决问题特别快，双十一买了20多件宝贝，每位客服都很耐心很快速的处理了问题，退换货速度也很快，真的太好了，支持国产！！！
2018-12-24 09:04:54,颜色分类:A001纯净白-1尺寸:L/175,宝贝收到了  很不错 客服cs614服务也很好
2018-12-04 13:07:19,颜色分类:A92203基础黑-2尺寸:L/175,超级超级满意，双十一很便宜
2018-11-25 20:10:36,颜色分类:A001纯净白-1尺寸:L/175,衣服不错，客服cs25不错！比其他客服好，实际解决了我的问题
2018-11-18 11:28:31,颜色分类:A92203基础黑-2尺寸:XXL/185,挺好
2018-12-03 20:18:56,颜色分类:A92203基础黑-2尺寸:XXXL/190,很nice
2018-12-26 19:07:08,颜色分类:A92203基础黑-2尺寸:L/175,物流差还丢失快递 补发才拿到  双12买的 23才拿到了快递 衣服质量ok 180穿L 很合适 价格还可以 双12买的
2018-12-06 17:21:24,颜色分类:A92203基础黑-2尺寸:M/170,非常完美，太赞了
2018-11-19 21:00:47,颜色分类:A92203基础黑-2尺寸:XL/180,还行   本来买大了一码   也给换了    下次再买两条裤子
2018-11-15 12:46:37,颜色分类:A001纯净白-1尺寸:S/165,真的特别宽大，但是版型很好，穿起来也舒服，物流没得说，顺丰牛笔
2018-12-17 13:33:45,颜色分类:A92203基础黑-2尺寸:XXL/185,衣服很好，要比平时小一号才可以，快递太差了，百世快递太垃圾了！
2018-11-28 23:27:18,颜色分类:A92203基础黑-2尺寸:L/175,此用户没有填写评论!
2018-11-15 23:59:21,颜色分类:A92203基础黑-2尺寸:S/165,还好买了小一码的【cs743服务好】
2018-12-16 21:47:41,颜色分类:A92203基础黑-2尺寸:XL/180,好评
2018-11-16 22:08:47,颜色分类:A92203基础黑-2尺寸:L/175,我买L码的有一点大，谁有小一码的来换换
2019-03-14 12:25:37,颜色分类:A001纯净白-1尺寸:XL/180,很好
2018-12-31 18:31:02,颜色分类:A92203基础黑-2尺寸:XL/180,码偏大，宽松款。主要没有兜兜。
2019-01-29 17:40:45,颜色分类:A92203基础黑-2尺寸:XXL/185,总的来说衣服还是很帅，本人185体重162穿2xl，袖子特别大！！不知道是设计还是什么，希望国产可以越来越受到欢迎
2019-02-15 19:15:20,颜色分类:A92203基础黑-2尺寸:XXXL/190,不错，很好
2019-04-05 12:51:10,颜色分类:A001纯净白-1尺寸:L/175,衣服挺好的超级好看，就是快递有点慢，安踏你都是成熟的大孩子了能不能别那么抠门用个顺丰好么，把衣服从福建先发到昆明了，然而我在东北啊
2019-04-15 10:38:02,颜色分类:A92203基础黑-2尺寸:XL/180,衣服质量特别好物流也很快
2019-04-13 11:08:55,颜色分类:A92203基础黑-2尺寸:XL/180,大小合适，但是太肥了，不适合瘦人穿
2018-11-13 17:54:42,颜色分类:A92203基础黑-2尺寸:XL/180,东西收到了  版型很好  自己买的有点大  穿出了嘻哈的感觉   哈哈哈
2018-11-18 20:02:44,颜色分类:A92203基础黑-2尺寸:XXL/185,衣服巨大。。还可以再塞个人进去。。本人较胖，身高180体重183，xxl长短差不多，但是巨宽。。不过，还是蛮帅的。。冬天里面穿个厚毛衣。到位。
2019-08-26 22:44:48,颜色分类:A92203基础黑-2尺寸:M/170,衣服版型很好  就是手臂两边和腰边过宽  到冬天里面塔件卫衣估计好点  -凑图原谅
2018-09-23 08:01:25,颜色分类:A92203基础黑-2尺寸:L/175,不出意料的买大了，但是还可以挺好的
2018-09-15 00:08:36,颜色分类:A92203基础黑-2尺寸:S/165,很不错，比想象中的好，衣服很帅气，也很合身，由衷希望安踏越做越好，越做越大！！人太帅，就不发图了
2018-11-14 21:22:34,颜色分类:A92203基础黑-2尺寸:M/170,驾驭不了，，，
2019-04-03 10:59:27,颜色分类:A001纯净白-1尺寸:XL/180,帅气
2018-11-18 19:26:42,颜色分类:A001纯净白-1尺寸:XXXL/190,听说好评必须85字？不然没有积分？那么问题来了，怎么样才可以达到85字呢？这个问题在我的脑海里久久不去。马云爸爸怎么可以这样欺负我？不给我买冰阔洛也就算了，还让我一个二年级的小学生评论一定要写85字，哼！好过分啊，一定要记在小本本上！￣へ￣
2018-12-19 16:48:31,颜色分类:A001纯净白-1尺寸:XL/180,款式好看，孩子看到了很喜欢，做工精细，如有适合款式还会在回购
2018-10-05 12:06:29,颜色分类:A001纯净白-1尺寸:XXL/185,衣服很棒，之前买的大了，客服cs713不厌其烦的指导我怎么更换，服务也很好
2018-09-23 22:06:57,颜色分类:A92203基础黑-2尺寸:XXL/185,安踏老牌子了  卫衣很满意裤子也很合身 外套就是买大一些的 按照模特穿的一样套着卫衣感觉帅的一塌糊涂  买的是预售款到时才发货 我倒也不着急穿  总体满意五星好评
2018-11-30 19:11:06,颜色分类:A001纯净白-1尺寸:L/175,比想象中的大多了
2018-11-23 08:31:13,颜色分类:A92203基础黑-2尺寸:XXL/185,此用户没有填写评论!
2018-10-16 19:46:06,颜色分类:A001纯净白-1尺寸:L/175,要是在图片下方放出模特身高和衣服尺寸我就不会买大了，因为之前L的我刚合适，谁知道现在那么大&hellip;&hellip;
2018-11-23 22:57:37,颜色分类:A92203基础黑-2尺寸:XL/180,《银魂》里有一句台词说：&ldquo;等你们长大成人了就会明白，人生还有眼泪也冲刷不干净的巨大悲伤，还有难忘的痛苦让你们即使想哭也不能流泪，所以真正坚强的人，都是越想哭反而笑得越大声，怀揣着痛苦和悲伤，即使如此也要带上它们笑着前行。&rdquo;
2018-11-16 17:15:16,颜色分类:A001纯净白-1尺寸:XXL/185,支持国货！
2018-11-27 13:38:13,颜色分类:A001纯净白-1尺寸:S/165,"I love three things in this world. Sun, Moon and You. Sun for morning, Moon for night, and You forever. I love three things in this world. Sun, Moon and You. Sun for morning, Moon for night, and You forever. I love three things in this world. Sun, Moon and You. Sun for morning, Moon for night, and You forever. I love three things in this world. Sun, Moon and You. Sun for morning, Moon for night, and You forever."
2019-09-10 09:15:30,颜色分类:【秋冬厚款】基础黑-2尺寸:L/175,给男朋友买的衣服，是那种话宽松的感觉，在线下商店里面看到这件衣服就觉得很好看，但是没货了，所以来网上旗舰店一看，果然还有货，趁着商品打折的时候赶紧下手了。男朋友很喜欢，穿起来也很有质感！赞赞赞赞赞赞赞赞赞赞赞赞赞赞赞赞赞赞赞赞赞赞赞赞赞赞赞赞！太棒的一次购物体验，真的是非常不错的一件衣服，国货真是做的越来越好了！
2018-12-14 15:05:25,颜色分类:A92203基础黑-2尺寸:XXL/185,此用户没有填写评论!
2018-11-22 09:26:53,颜色分类:A92203基础黑-2尺寸:M/170,衣服版型非常喜欢 客服也很有耐心 非常奈斯
2018-11-15 21:54:26,颜色分类:A92203基础黑-2尺寸:XXL/185,质量不错，东西很好
2018-11-25 22:11:41,颜色分类:A92203基础黑-2尺寸:L/175,《银魂》里有一句台词说：&ldquo;等你们长大成人了就会明白，人生还有眼泪也冲刷不干净的巨大悲伤，还有难忘的痛苦让你们即使想哭也不能流泪，所以真正坚强的人，都是越想哭反而笑得越大声，怀揣着痛苦和悲伤，即使如此也要带上它们笑着前行。&rdquo;
2018-12-20 13:18:49,颜色分类:A92203基础黑-2尺寸:S/165,刚买完就降价，生气，！！
2018-10-03 10:16:16,颜色分类:A92203基础黑-2尺寸:L/175,袖子是真大！！！
2018-11-22 11:25:28,颜色分类:A92203基础黑-2尺寸:L/175,此用户没有填写评论!
2018-09-17 23:25:14,颜色分类:A001纯净白-1尺寸:M/170,还没试，应该不错
2018-10-21 11:25:30,颜色分类:A001纯净白-1尺寸:L/175,挺潮的，不过确实肥的一匹。
2018-12-19 16:35:07,颜色分类:A92203基础黑-2尺寸:L/175,质量很好，孩子超级喜欢
2019-01-05 15:07:57,颜色分类:A92203基础黑-2尺寸:XXL/185,安踏是我们家人的首选品牌，满意！
2018-11-18 16:49:09,颜色分类:A001纯净白-1尺寸:L/175,争议终于收到我需要的宝贝了，东西很好，价美物廉，谢谢掌柜的！说实在，这是我淘宝购物来让我最满意的一次购物。无论是掌柜的态度还是对物品，我都非常满意的。掌柜态度很专业热情，有问必答，回复也很快，我问了不少问题，他都不觉得烦，都会认真回答我，这点我向掌柜表示由衷的敬意，这样的好掌柜可不多。再说宝贝，正是我需要的，收到的时候包装完整，打开后让我惊喜的是，宝贝比我想象中的还要好！不得不得竖起大拇指。下次需要的时候我还会再来的，到时候麻烦掌柜给个优惠哦！
2019-03-01 17:02:02,颜色分类:A001纯净白-1尺寸:XXXL/190,衣服不错
2018-09-08 16:33:29,颜色分类:A001纯净白-1尺寸:M/170,"质量非常好，与卖家描述的完全一致，非常满意,真的很喜欢，完全超出期望值，发货速度非常快，包装非常仔细、严实，物流公司服务态度很好，运送速度很快，很满意的一次购物"
2018-09-25 08:40:26,颜色分类:A001纯净白-1尺寸:XL/180,衣服属于大1到1.5码那种，里面套个帽衫或者长点的衣服还是不错的
2018-12-03 09:39:13,颜色分类:A92203基础黑-2尺寸:L/175,衣服很好看，但是物流特别慢
2018-12-22 20:31:11,颜色分类:A92203基础黑-2尺寸:XL/180,上衣挺好
2019-04-12 09:09:16,颜色分类:A92203基础黑-2尺寸:M/170,质量没得说，就是感觉码还是大了，应该比推荐码在买小一码，会更合身一些
2018-09-24 23:44:02,颜色分类:A001纯净白-1尺寸:XXXL/190,衣服是真的大，建议买小一号的
2019-04-11 12:07:27,颜色分类:A001纯净白-1尺寸:M/170,给老弟买的，他在实体店试过，特别喜欢，不过当时实体店没有折扣，就没买，后来在网上找到同款了，特别开心，嗯，衣服还是很不错的。
2019-01-05 12:32:48,颜色分类:A92203基础黑-2尺寸:XXL/185,产品很好，如图发货。客服解决问题也快，态度很不错。点名表扬cs25 以及cs61
2018-11-17 13:49:25,颜色分类:A92203基础黑-2尺寸:M/170,终于收到我需要的宝贝了，东西很好，价美物廉，谢谢掌柜的！说实在，这是我淘宝购物来让我最满意的一次购物。无论是掌柜的态度还是对物品，我都非常满意的。掌柜态度很专业热情，有问必答，回复也很快，我问了不少问题，他都不觉得烦，都会认真回答我，这点我向掌柜表示由衷的敬意，这样的好掌柜可不多。再说宝贝，正是我需要的，收到的时候包装完整，打开后让我惊喜的是，宝贝比我想象中的还要好！不得不得竖起大拇指。下次需要的时候我还会再来的，到时候麻烦掌柜给个优惠哦！
2019-04-16 12:59:39,颜色分类:A92203基础黑-2尺寸:S/165,这件衣服等了好久了，其他店也都缺货，衣服很好
2018-11-13 18:59:13,颜色分类:A92203基础黑-2尺寸:XL/180,除了袖子有点大以外，其他都没什么，个人挺喜欢这个款式
2019-01-28 12:09:13,颜色分类:A92203基础黑-2尺寸:XL/180,风衣外套，外观设计上好看，
2018-11-16 20:32:01,颜色分类:A001纯净白-1尺寸:XXL/185,真的好大，大到绝望。。
2018-11-13 19:16:22,颜色分类:A92203基础黑-2尺寸:L/175,物流还是很快的 衣服试了一下可以 但是没口袋 适合运动穿
2018-09-17 09:52:13,颜色分类:A92203基础黑-2尺寸:M/170,衣服很棒，就是有点大，客服zr82服务态度很好，很细心
2018-09-15 11:43:51,颜色分类:A001纯净白-1尺寸:M/170,衣服真的太满意了，关注安踏周翔宇这款联名很久了，到手很惊艳，版型用料都很潮，希望国潮越来越好，衣服很厚实，里边套卫衣的话，东北可以抗到12月，推荐同款卫衣，帽子上的印花和衣服整体呼应潮的一批，对了175  110买的m，宽松风格。刚才回来，看到路边小车里有一对男女好像被锁车里了，看样子很热，衣服都脱光了，死命挣扎。车子一晃一晃的，女的表情很难受，好像缺氧，男的在做人工呼吸，人命关天，我捡起一块砖头，就朝车玻璃砸去，男女获救了，他们想感谢，一直对我大喊别走别走，可我已经走远了！传播正能量让世界充满爱。
2018-09-26 08:37:04,颜色分类:A92203基础黑-2尺寸:L/175,下摆太小了 ，每次穿都感觉会卡主一样    其他方面都可以  就是下摆小了。
2019-01-12 21:39:49,颜色分类:A92203基础黑-2尺寸:L/175,上身效果很赞
2018-11-28 18:58:53,颜色分类:A001纯净白-1尺寸:XXXL/190,很帅气！
2018-10-09 23:27:43,颜色分类:A001纯净白-1尺寸:M/170,有点偏大吧。衣服超级好看哦
2018-12-23 08:54:02,颜色分类:A92203基础黑-2尺寸:L/175,不错不错 衣服挺好cs611服务很好
2018-11-19 19:09:05,颜色分类:A001纯净白-1尺寸:L/175,挺好看的，但这是什么鬼？？？
2018-12-03 15:09:52,颜色分类:A92203基础黑-2尺寸:L/175,此用户没有填写评论!
2018-12-23 20:23:27,颜色分类:A92203基础黑-2尺寸:M/170,这帮别人买的货到高兴的人家都拿走了
2018-09-26 12:25:08,颜色分类:A001纯净白-1尺寸:L/175,我身高176，买了XL码的，实物收到了大得不行，190的人穿感觉还合适，这款衣服适喜欢穿宽松款衣服的人买，我买来不合适我已经退款了，客服也很好说话，直接发了信息，把货退回去叫钱打进账，就是回复信息的速度确实很慢，买来当外套穿的话，建议买小两码。
2018-11-20 08:54:55,颜色分类:A001纯净白-1尺寸:XXL/185,酷
2018-09-06 23:13:06,颜色分类:A92203基础黑-2尺寸:XL/180,衣服，因为什么阴差阳错，暂时没有收到货，但是我相信安踏的设计和品质。
2018-12-01 12:16:20,颜色分类:A92203基础黑-2尺寸:XL/180,还可以。就是尺寸有点大
2019-01-16 14:03:52,颜色分类:A92203基础黑-2尺寸:XL/180,面料挺不错的，款式很好看，等春天的时候再穿
2019-03-17 00:13:13,颜色分类:A001纯净白-1尺寸:XXXL/190,好
2018-09-14 15:29:34,颜色分类:A001纯净白-1尺寸:XL/180,等的太久，给儿子买的还没试穿挺厚实的
2019-04-06 19:37:10,颜色分类:A92203基础黑-2尺寸:L/175,首先衣服很棒，很喜欢；其次衣服挺大的，如果正常体重可以xue微买小一码，我呢180买了个L的，胳膊那片还是有点小胖；最后为啥我这衣服刚到就降价了😭，这么倒霉的嘛，万幸的还是以下两位cs68，kf07给了差价，感谢。
2018-09-15 15:15:13,颜色分类:A92203基础黑-2尺寸:XL/180,衣服尺码偏大，但是很好看，还有cs225客服非常非常非常好五星！
2018-11-13 11:57:57,颜色分类:A92203基础黑-2尺寸:M/170,太大了    啊啊啊啊啊啊啊啊啊啊啊啊啊啊
2018-11-16 14:20:07,颜色分类:A92203基础黑-2尺寸:M/170,是这个领口设计有问题，还是我脑袋太大了？穿的时候，头总是很难套上，而且实物确实也没图上好看
2018-11-13 09:01:09,颜色分类:A92203基础黑-2尺寸:L/175,东西还行 就是背部整个黑色的单调了
2018-09-16 11:58:56,颜色分类:A92203基础黑-2尺寸:XL/180,很好很满意，就是版型太大了，我一米八穿xl太肥了
2018-10-31 17:50:46,颜色分类:A92203基础黑-2尺寸:XL/180,没说是肥大款真的气，衣服做工设计都很棒就是码数你提醒一下是大款不行吗！！佛了，好在是买来冬天穿的，也没啥大碍。
2018-12-28 10:43:30,颜色分类:A92203基础黑-2尺寸:XXL/185,东西很不错很不错很不错很不错很不错很不错很不错很不错很不错很不错很不错很不错很不错很不错很不错很不错很不错很不错很不错，拉链设计独特，希望安踏越做越好
2018-11-16 20:54:55,颜色分类:A92203基础黑-2尺寸:L/175,我很喜欢这件衣服
2018-11-15 00:07:44,颜色分类:A92203基础黑-2尺寸:XXXL/190,挺好的
2018-12-05 21:31:29,颜色分类:A92203基础黑-2尺寸:S/165,不错
2018-12-17 21:01:59,颜色分类:A92203基础黑-2尺寸:L/175,很好，几年来网购，最好看的一件衣服
2019-01-23 18:59:47,颜色分类:A001纯净白-1尺寸:XXL/185,客服就是大爷，我什么都不想说了，看聊天记录
2018-11-15 18:20:32,颜色分类:A92203基础黑-2尺寸:XL/180,宝贝收到，看起来还行
2018-09-15 20:30:37,颜色分类:A92203基础黑-2尺寸:L/175,cs719客服态度很棒哟 衣服终于收到啦
2018-12-14 11:10:43,颜色分类:A92203基础黑-2尺寸:L/175,挺帅的，给个参考，女孩子170/58，北方人肩宽骨架大和男孩子差不多，买的175的，穿出来是oversize的风格
2018-09-15 07:03:42,颜色分类:A92203基础黑-2尺寸:XXL/185,比想象的要大
2018-09-17 14:41:37,颜色分类:A001纯净白-1尺寸:L/175,此用户没有填写评论!
2018-11-26 20:36:14,颜色分类:A92203基础黑-2尺寸:S/165,挺好看的，比较挡风，买的最小码，还是有点大，其他都还好，总体好评，以后会回购的
2018-09-16 21:52:37,颜色分类:A001纯净白-1尺寸:XL/180,衣服质量没话说好！！但是这个版型是真的宽大，其它袖长和长度都是正常的。我是181  150 感觉有点大
2018-11-30 15:04:48,颜色分类:A92203基础黑-2尺寸:M/170,买的尺码偏大，建议买小一码
2019-01-03 21:17:35,颜色分类:A92203基础黑-2尺寸:L/175,已试穿过了衣服可以
2019-04-10 23:51:06,颜色分类:A001纯净白-1尺寸:S/165,此用户没有填写评论!
2018-09-26 17:12:37,颜色分类:A92203基础黑-2尺寸:S/165,买了一千多的东西，商家送了五六百的赠品。在专卖店想都不敢想，以后就选安踏了。
2019-01-01 21:49:00,颜色分类:A92203基础黑-2尺寸:XL/180,非常帅气的一个外套，穿着很舒服也显得很青春有活力。质量很讲究，包括拉链都是很有质感的。穿着还挡风，很暖和。朋友看到也很喜欢，找我要了链接买了一个白色的。值得购买哦
2018-11-21 18:26:31,颜色分类:A92203基础黑-2尺寸:XXL/185,衣服合适，双十一真的很便宜。
2018-11-23 22:05:05,颜色分类:A92203基础黑-2尺寸:XL/180,好
2018-12-12 08:53:56,颜色分类:A92203基础黑-2尺寸:XXL/185,外衣第一次买大了 然后客服态度很好 换货速度也很快 虽然换小一码还是大了一点   卫衣和裤子很好很舒服
2018-11-14 10:43:22,颜色分类:A92203基础黑-2尺寸:S/165,有点大，总体可以
2018-11-28 21:57:29,颜色分类:A92203基础黑-2尺寸:XXL/185,还凑胡哦，
2018-10-17 22:30:51,颜色分类:A001纯净白-1尺寸:L/175,不透气，非常肥，我一般穿l正好，这款我觉得s都有点大（这款并未表明是超肥款）也就是挺好看的😔
2018-10-07 23:18:33,颜色分类:A92203基础黑-2尺寸:M/170,挺好的，就是穿着大了点，建议偏瘦的人买小一码
2018-10-02 18:01:23,颜色分类:A001纯净白-1尺寸:L/175,这个衣服非常满意，想说的就是，没有口袋，装东西会有点尴尬，不过，帅就完事了
2018-09-24 08:05:37,颜色分类:A92203基础黑-2尺寸:M/170,大了，但是很棒，衣服的用料不会是很舒服
2018-10-07 17:36:32,颜色分类:A001纯净白-1尺寸:L/175,好
2018-09-15 23:58:00,颜色分类:A92203基础黑-2尺寸:S/165,东西还不错，就是小号跟xl一样，我穿成了买家秀
2018-11-13 16:29:17,颜色分类:A92203基础黑-2尺寸:L/175,衣服真的大，还好看
2018-10-19 12:52:19,颜色分类:A001纯净白-1尺寸:XL/180,材质还不错
2018-12-21 21:42:23,颜色分类:A92203基础黑-2尺寸:XXXL/190,不好
2018-11-11 11:21:53,颜色分类:A92203基础黑-2尺寸:L/175,物美价廉
2018-11-12 21:33:32,颜色分类:A001纯净白-1尺寸:XL/180,和我预料的一样 做工质量都很好
2018-09-29 16:32:12,颜色分类:A92203基础黑-2尺寸:M/170,此用户没有填写评论!
2018-12-27 15:53:27,颜色分类:A92203基础黑-2尺寸:XXXL/190,帅的
2019-03-25 16:34:37,颜色分类:A92203基础黑-2尺寸:XXXL/190,儿子超喜欢
2019-01-01 12:41:54,颜色分类:A92203基础黑-2尺寸:M/170,衣服很好看很帅气，很满意的衣服
2019-04-16 21:39:44,颜色分类:A92203基础黑-2尺寸:XXXL/190,发货速度快
2018-11-16 17:52:28,颜色分类:A92203基础黑-2尺寸:XXXL/190,非常好，很满意，就是有一点点大了，不过喜欢宽松的，挺好
2019-01-26 20:30:22,颜色分类:A001纯净白-1尺寸:XL/180,第一次买这个很不错啊😄
2019-05-22 11:52:17,颜色分类:A92203基础黑-2尺寸:M/170,此用户没有填写评论!
2018-11-14 09:33:08,颜色分类:A92203基础黑-2尺寸:M/170,好评好评，特别喜欢，面料也好，穿起来宽松，里面加件加绒的卫衣，冬天穿起来不冷，特别好，摸起来也舒服，国产大牌就是好。
2018-09-20 22:37:50,颜色分类:A001纯净白-1尺寸:XXL/185,大大大！请商家标注一下这个款式，虽然我已经知道是宽松的，但没想到比我预知的还大了两码，本来想换小一点，嫌太麻烦就没退，很喜欢这种面料，防风，总体还不错
2018-12-03 22:59:48,颜色分类:A92203基础黑-2尺寸:L/175,除了奈斯以外不说别的了，拍的不好，仅供参考。😂😂哈哈哈哈哈哈哈哈哈哈哈哈哈哈哈哈哈哈挺棒的挺棒的  稍微有点大。
2019-01-12 23:35:42,颜色分类:A92203基础黑-2尺寸:S/165,好拼
2018-10-07 15:30:36,颜色分类:A92203基础黑-2尺寸:L/175,此用户没有填写评论!
2018-11-20 12:23:04,颜色分类:A92203基础黑-2尺寸:XL/180,衣服不错，没有他们说的那么大
2019-03-31 12:34:58,颜色分类:A001纯净白-1尺寸:S/165,肩膀，袖子宽度，下摆长度都有些大，大的不像S码衣服，对小个子有些不友好，还好颜值给顶上了🆙哈哈 安踏追赶潮牌的路还有很长呀，支持国货🆙🆙！！！
2019-04-17 20:19:59,颜色分类:A92203基础黑-2尺寸:M/170,还可以
2019-01-28 15:05:28,颜色分类:A92203基础黑-2尺寸:XL/180,衣服料子好，做工细，马数偏大
2018-09-30 14:41:05,颜色分类:A001纯净白-1尺寸:XXL/185,衣服很漂亮质量也很好Nice
2018-11-26 21:44:33,颜色分类:A92203基础黑-2尺寸:L/175,超级帅  很好看  感觉很好啊安踏越来越好了
2018-09-15 22:18:35,颜色分类:A92203基础黑-2尺寸:S/165,求求安踏的设计者 把衣服下摆设计成拉链的或者松紧带的吧&hellip;&hellip;衣服胸围真的贼宽&hellip;屁股却卡的动都动不了 是不是因为我个子太矮了？？？？也可能是我屁股太大了（小声逼逼 whatever 衣服很好看&hellip;去健身房也方便 一脱一穿非常ojbk里面穿再多应该也不怕外套穿不上吧&hellip;&hellip;（我猜的
2019-07-19 11:14:21,颜色分类:A92203基础黑-2尺寸:S/165,衣服版型很大，穿上还是很好看的，材料摸起来很硬，穿起来感觉行动不便了。质量感觉还是不错的。价格也实惠。值得购买，唯一的建议就是买小一码，衣服真的很宽松很大。发货物流都可以。今天取快递的时候，外面的包装袋破了，快递小哥很抱歉的跟我道歉，真的很不错。满分好评。图就不晒了，因为本人比较懒。
2019-08-20 16:59:53,颜色分类:A92203基础黑-2尺寸:XL/180,此用户没有填写评论!
2018-11-16 16:07:58,颜色分类:A92203基础黑-2尺寸:S/165,好
2018-09-14 17:52:23,颜色分类:A001纯净白-1尺寸:S/165,上身真的巨大，s码感觉大了两码不只!!对瘦子很不友好，穿起来像没有绒的羽绒服!
2018-09-15 22:00:13,颜色分类:A92203基础黑-2尺寸:L/175,挺好的
2019-02-15 22:01:14,颜色分类:A92203基础黑-2尺寸:XXXL/190,我觉得还行。
2018-11-15 13:37:40,颜色分类:A92203基础黑-2尺寸:L/175,都很就来了嘿嘿垃圾她的车上呢，垃圾我也是个头儿，我也是个头儿，我也是个头儿，我也是个头儿，我也是个头合身
2018-11-17 20:51:32,颜色分类:A92203基础黑-2尺寸:XXL/185,宝贝到了，弟弟很喜欢，看了好几家店还是选了这家，很喜欢，没有让我失望，还会回购的，喜欢的朋友别犹豫
2018-10-09 01:10:09,颜色分类:A001纯净白-1尺寸:S/165,老弟喜欢
2018-11-14 19:39:15,颜色分类:A92203基础黑-2尺寸:M/170,用了几天，没有发现有什么毛病，希望质量扛扛得，暂时 没毛病，先给上好评，五星，以后有问题在来追评，我是 不希望在来追评！希望不会有问题。
2018-11-23 13:32:37,颜色分类:A92203基础黑-2尺寸:XXXL/190,衣服买的有点大，不过不影响，很棒，穿上舒服。宽松，
2018-12-15 21:19:03,颜色分类:A92203基础黑-2尺寸:M/170,满分，非常帅
2019-01-26 22:34:49,颜色分类:A92203基础黑-2尺寸:S/165,不错，很满意！！！！！！！年货节拿下只要260多，很值！！！！！！！！
2018-11-27 14:20:40,颜色分类:A92203基础黑-2尺寸:XL/180,"这件太大了，后悔留下来了，质量非常好，与卖家描述的完全一致，非常满意,真的很喜欢，完全超出期望值，发货速度非常快，包装非常仔细、严实，物流公司服务态度很好，运送速度很快，很满意的一次购物"
2018-11-28 15:18:56,颜色分类:A001纯净白-1尺寸:XXL/185,衣服很合身 尺码标准 双11买的很划算
2018-11-12 17:24:15,颜色分类:A92203基础黑-2尺寸:S/165,真的牛逼
2018-09-23 22:20:48,颜色分类:A92203基础黑-2尺寸:L/175,衣服很好看 买的是客服推荐的大小 很合身 衣服真的炒鸡大 超级好看 cs713不错哦 十分耐心啊。
2018-11-17 23:30:53,颜色分类:A001纯净白-1尺寸:L/175,6666
2019-01-14 22:01:59,颜色分类:A001纯净白-1尺寸:XL/180,非常喜欢，穿着也很暖，防风，身材太瘦了肩膀不够宽，穿着有一点点大，不过宽松一点的好。没有太大色差，很值
2018-11-13 21:37:51,颜色分类:A92203基础黑-2尺寸:M/170,衣服有点大
2018-11-16 21:38:09,颜色分类:A92203基础黑-2尺寸:L/175,太大了，我身高176，买了L的穿起来都觉得很大
2018-09-15 22:32:26,颜色分类:A001纯净白-1尺寸:XL/180,可以，很潮，很喜欢
2018-09-22 08:01:26,颜色分类:A001纯净白-1尺寸:M/170,衣服挺好的 不过偏大了
2018-09-17 18:15:26,颜色分类:A92203基础黑-2尺寸:XXL/185,衣服非常棒，材质面料都很好，看上去非常潮。
2018-09-15 22:06:34,颜色分类:A001纯净白-1尺寸:S/165,本来以为会很大，女生穿不合适，结果没有想到穿上这么酷，防风，冬天也可以在里面套一件卫衣，真的好喜欢，好酷很nice
2018-09-25 21:28:03,颜色分类:A001纯净白-1尺寸:XXL/185,衣服到了，非常的nice～，8.12就预订了，因为之前买大了又换了一次货，人工客服态度超级棒。安踏真是越做越棒了。。。唯一一点就是快递慢，百世墨迹。
2019-04-14 14:25:18,颜色分类:A92203基础黑-2尺寸:XL/180,宝贝收货质量挺好的，很满意。
2018-12-25 22:27:10,颜色分类:A92203基础黑-2尺寸:L/175,一般，快递员服务态度太差
2018-12-16 19:14:33,颜色分类:A92203基础黑-2尺寸:S/165,一次不错的购物，美中不足的地方就是领子有点偏大
2018-09-14 21:40:46,颜色分类:A001纯净白-1尺寸:XXL/185,酷
2018-09-26 11:24:58,颜色分类:A92203基础黑-2尺寸:XXL/185,nice，偏大
2018-11-25 17:16:42,颜色分类:A92203基础黑-2尺寸:XXXL/190,这个有点大，有点小贵。
2018-10-01 14:24:12,颜色分类:A92203基础黑-2尺寸:M/170,不错哦
2018-12-22 13:04:20,颜色分类:A92203基础黑-2尺寸:M/170,非常好看同学都说眼光好
2019-04-15 09:45:55,颜色分类:A92203基础黑-2尺寸:XL/180,好看，帅气！
2018-09-15 17:29:34,颜色分类:A92203基础黑-2尺寸:L/175,衣服不是一般宽松，买小一号就好了，可惜黑色M号没有了，有点不开心！
2018-11-30 15:46:28,颜色分类:A92203基础黑-2尺寸:XL/180,很好看，但我为什么一穿就好大啊，刚开始买xl的，太大，换了一个l的，穿上还有点大，可能我驾驭不了这个衣服 死亡🙃
2018-11-28 08:51:06,颜色分类:A92203基础黑-2尺寸:M/170,这件衣服竟然是卫衣款式的？我买来都不想穿了，面料也硬
2018-11-14 20:46:19,颜色分类:A92203基础黑-2尺寸:L/175,"有点大，建议买小一码的。我180,125,L码。穿着感觉有点大"
2018-09-23 10:52:38,颜色分类:A92203基础黑-2尺寸:M/170,看本来说要宽松点的选大一码合身的就选本来能穿的，但是我选的明明是m码可却大了整整一圈
2018-11-14 17:20:11,颜色分类:A92203基础黑-2尺寸:M/170,就是领子比较大
2018-12-20 23:48:34,颜色分类:A92203基础黑-2尺寸:XXXL/190,挺好看的，衣服材料也不错
2018-09-14 18:58:26,颜色分类:A001纯净白-1尺寸:M/170,好看  很好看   尤其是白色款的  真香！ 有些宽松  如果不想太宽松的话，建议买比自己平常穿的尺码小一号。本来该九月九号当天就发货，可是一直拖了好几天，店家说没货，很生气😠
2018-11-27 13:27:27,颜色分类:A92203基础黑-2尺寸:S/165,衣服非常好看，我也非常喜欢，是想像中的样子
2018-12-17 16:06:34,颜色分类:A92203基础黑-2尺寸:XL/180,很好，春秋穿的宽松版
2018-11-24 13:40:59,颜色分类:A92203基础黑-2尺寸:L/175,还没穿，感觉很松垮
2019-02-11 08:40:58,颜色分类:A001纯净白-1尺寸:XXXL/190,很好，很满意款式啥的都很喜欢 满意
2018-12-05 16:16:15,颜色分类:A92203基础黑-2尺寸:M/170,没买到白色 黑色耐脏也行
2018-10-09 19:57:30,颜色分类:A92203基础黑-2尺寸:S/165,真的可以，值得买。穿了一个月，质量没说的。。。。。。。，，，，，，，。。，，，，，，，，，，，，，，，，，，，，，，，，，，，，。。，，。。。。。。，。。。。。。。。。。。。。。。。。。。。。。。。。。。。。。。。。。。。。。。，。，。，。，。，？，？，？，？，。，？，？，？，？，？，？，？，？，？，。，。，？，。，。，。。，。。，。，。，？，。，？，？，。。
2019-04-04 08:51:29,颜色分类:A001纯净白-1尺寸:L/175,很好 很精细 有质感 很喜欢 棒棒棒
2019-02-24 21:31:34,颜色分类:A001纯净白-1尺寸:XL/180,好看
2019-04-09 13:03:20,颜色分类:A001纯净白-1尺寸:S/165,太容易脏了白色，黑色又没有，唉
2019-01-12 13:28:52,颜色分类:A92203基础黑-2尺寸:L/175,CS24很棒!!东西也很符合，一毛一样，物美价廉、、、
2018-11-07 10:26:22,颜色分类:A001纯净白-1尺寸:L/175,此用户没有填写评论!
2018-11-20 18:05:06,颜色分类:A001纯净白-1尺寸:XXL/185,好评，性价比超高
2019-01-27 22:49:42,颜色分类:A001纯净白-1尺寸:XXL/185,就是没想到它是个外套，里面要配卫衣的。整体感觉还是不错的
2018-09-17 07:19:24,颜色分类:A001纯净白-1尺寸:L/175,买大了
2018-11-15 14:38:40,颜色分类:A92203基础黑-2尺寸:L/175,"质量非常好，与卖家描述的完全一致，非常满意,真的很喜欢，完全超出期望值，发货速度非常快，包装非常仔细、严实，物流公司服务态度很好，运送速度很快，很满意的一次购物"
2018-11-16 10:44:02,颜色分类:A92203基础黑-2尺寸:L/175,非常宽松   想要紧一点的小伙伴还是买小一号吧
2018-11-13 16:47:51,颜色分类:A92203基础黑-2尺寸:M/170,很nice
2018-10-14 12:55:28,颜色分类:A001纯净白-1尺寸:XL/180,奈斯
2018-11-28 15:16:38,颜色分类:A92203基础黑-2尺寸:XXL/185,衣服很合身 尺码标准 双11买的很划算
2019-01-16 13:25:33,颜色分类:A92203基础黑-2尺寸:XL/180,实惠 胡思思百度Hi手机好的哈弟弟就打不打击妲己等哈哈第几集夏季的表达hi就说啥都系妲己实惠 胡思思百度Hi手机好的哈弟弟就打不打击妲己等哈哈第几集夏季的表达hi就说啥都系妲己
2018-11-24 17:15:53,颜色分类:A92203基础黑-2尺寸:XXXL/190,给弟弟买的穿着很帅
2018-11-25 14:23:45,颜色分类:A92203基础黑-2尺寸:XL/180,感觉衣服好大，换了之后还是大，😡😡
2018-12-17 19:12:06,颜色分类:A92203基础黑-2尺寸:L/175,衣服穿了一段时间了，很好的衣服，一直喜欢安踏，支持国产品牌，值得购买，价格是贵了点，但是物有所值，，我身高177体重130左右买的L的，，，，赶快去复习了，但愿不挂机，告辞告辞
2018-09-28 11:03:49,颜色分类:A001纯净白-1尺寸:M/170,衣服买的最小号的穿上还是感觉有一点点大
2018-11-18 20:57:59,颜色分类:A92203基础黑-2尺寸:M/170,服务好，速度快，衣服好，
2019-01-18 22:35:24,颜色分类:A001纯净白-1尺寸:XL/180,有点肥大
2018-09-14 10:39:16,颜色分类:A92203基础黑-2尺寸:S/165,真的超好看 果然穿s码都大了&hellip; 不过真的超级好看！！！！！ 很保暖！！！！！
2018-09-29 07:55:34,颜色分类:A92203基础黑-2尺寸:XXXL/190,有点大了
2019-01-13 00:48:22,颜色分类:A92203基础黑-2尺寸:L/175,质量保证，孩子很喜欢，就是感觉有点薄了
2018-11-11 22:13:14,颜色分类:A92203基础黑-2尺寸:L/175,挺不错的，我朋友看了也想跟着买一件
2018-12-10 17:54:49,颜色分类:A92203基础黑-2尺寸:XL/180,无良商家，我在他们家买过多少东西，服务态度越来越差了，甚至到了半个月都不回复的，双十一说好的尾款减半，到现在都保持不给我任何回复的状态，客服司马
2019-04-11 13:23:46,颜色分类:A92203基础黑-2尺寸:XL/180,嗯
2018-09-17 19:44:12,颜色分类:A92203基础黑-2尺寸:M/170,裤子衣服卫衣  一下买了三件  活动挺实惠的   喜欢这次的款式
2018-12-18 12:48:44,颜色分类:A92203基础黑-2尺寸:XL/180,拍大了点
2018-11-20 14:48:57,颜色分类:A92203基础黑-2尺寸:S/165,非常不错下次还要买服务态度很好，物流很快，东西也非常不错
2019-01-05 22:28:37,颜色分类:A92203基础黑-2尺寸:L/175,特别帅气，满意满意满意  哈哈哈哈  挑了好久才挑上的
2019-04-15 18:41:59,颜色分类:A001纯净白-1尺寸:L/175,衣服太大了
2018-12-10 13:35:54,颜色分类:A92203基础黑-2尺寸:M/170,给男朋友买的嘻嘻嘻嘻 他超级喜欢喔 而且我看线下店里还没有卖的
2019-01-22 21:10:48,颜色分类:A92203基础黑-2尺寸:M/170,好
2018-11-23 18:29:41,颜色分类:A92203基础黑-2尺寸:L/175,不错，很好看，质量很好！物流也很快
2018-12-07 21:28:11,颜色分类:A92203基础黑-2尺寸:M/170,好评
2018-09-16 12:06:25,颜色分类:A001纯净白-1尺寸:L/175,尽量买小一号
2018-10-01 15:33:35,颜色分类:A001纯净白-1尺寸:L/175,衣服很棒，款式很喜欢就是有点肥，不喜欢穿肥的可以买小一号，面料也很好洗
2018-11-14 10:44:29,颜色分类:A92203基础黑-2尺寸:L/175,安踏铁粉，衣服没得说
2018-12-14 22:47:30,颜色分类:A92203基础黑-2尺寸:L/175,还不错。
2018-11-18 19:06:16,颜色分类:A92203基础黑-2尺寸:XL/180,衣服是帮别人买的，布料非常不错。很喜欢，好评！！！
2018-11-11 18:35:35,颜色分类:A92203基础黑-2尺寸:M/170,颜值高   质量也不错，   比较宽松   建议小一号
2018-12-15 12:58:55,颜色分类:A92203基础黑-2尺寸:XL/180,一个字
2018-11-22 07:38:11,颜色分类:A92203基础黑-2尺寸:M/170,衣服很好看，物流也很快，质量也不错，冬天穿的话稍稍有点薄
2018-09-15 18:48:17,颜色分类:A92203基础黑-2尺寸:S/165,还可以吧！看着不错
2018-12-28 18:08:10,颜色分类:A92203基础黑-2尺寸:XXL/185,此用户没有填写评论!
2018-12-11 03:51:39,颜色分类:A92203基础黑-2尺寸:L/175,此用户没有填写评论!
2019-01-08 14:35:46,颜色分类:A92203基础黑-2尺寸:L/175,衣服非得合适 非常好看 上身感觉也好
2018-11-17 23:29:32,颜色分类:A92203基础黑-2尺寸:M/170,给老弟买的，非常好，双十一价格十分优惠
2018-11-13 23:22:57,颜色分类:A92203基础黑-2尺寸:L/175,听说好评必须85字？不然没有积分？那么问题来了，怎么样才可以达到85字呢？这个问题在我的脑海里久久不去。马云爸爸怎么可以这样欺负我？不给我买冰阔洛也就算了，还让我一个二年级的小学生评论一定要写85字，哼！好过分啊，一定要记在小本本上！へ一如既往地合身。好看，
2018-12-29 10:07:57,颜色分类:A92203基础黑-2尺寸:XL/180,质量好，上身效果。
2018-09-23 16:41:58,颜色分类:A92203基础黑-2尺寸:M/170,衣服太大了 这款衣服建议拍小一码
2018-10-06 20:21:29,颜色分类:A92203基础黑-2尺寸:L/175,好
2019-03-05 18:55:14,颜色分类:A92203基础黑-2尺寸:XXXL/190,非常帅气，非常nice，很舒服，也不厚。
2018-11-18 21:09:21,颜色分类:A92203基础黑-2尺寸:XXL/185,安踏牛逼
2018-12-07 10:32:27,颜色分类:A92203基础黑-2尺寸:M/170,衣服还行，码大，买的话少5码就行
2019-04-11 14:33:40,颜色分类:A92203基础黑-2尺寸:L/175,收到了😁😁😁😁
2019-01-07 16:00:04,颜色分类:A92203基础黑-2尺寸:XXL/185,质量不错，买的xxl的，身高是185，穿着有点大，换一个xl的，感觉不错，上身效果很好，现在北方穿着比较冷，等开春再穿
2018-11-13 09:48:56,颜色分类:A001纯净白-1尺寸:L/175,衣服超帅，放着不穿也好看😂
2019-10-02 13:36:54,颜色分类:【春秋薄款】基础黑-2尺寸:L/175,给男朋友的惊喜 这件衣服买家秀真的一眼看中的 在找风衣找到视觉疲劳的时候突然眼前一亮的感觉 就很喜欢 再后来看也找不到一下子看中的了 不是吹得有多牛逼 只是一种个人感觉 个人眼光一眼就看上了 然后就买给他做周年礼物啦 他好惊喜也好开心 回家一拆开就要视频穿给我看了 好适合！值了！！！快递也很快！第二天就到了 神速
2018-11-16 10:09:48,颜色分类:A92203基础黑-2尺寸:XXXL/190,此用户没有填写评论!
2018-09-15 17:48:41,颜色分类:A92203基础黑-2尺寸:S/165,很早就买好了，第一眼看到就很喜欢的衣服。买那会还要三百一，之前活动二百八就可以买到，但是不亏，送的小包超喜欢，是灰色，蛮好用的。衣服摸起来是厚的料子，等天凉就可以穿了。袖子是有点像蝙蝠袖宽宽的，开始不知道哈哈，穿起来看着有点大，不过还是蛮好看的，很喜欢，没有辜负期待。不过说好的十号发货结果十三才发，有点小失望了。不过幸好东西很棒。
2019-01-08 12:36:29,颜色分类:A92203基础黑-2尺寸:L/175,非常喜欢，穿着也很暖，防风，身材太瘦了穿着有一点点大，没有太大色差，很值
2018-10-03 22:07:20,颜色分类:A001纯净白-1尺寸:XL/180,宝贝已收到和描述的一致，就是稍稍有些大了，款式不错，质量很好，赞一个给好评
2019-01-12 09:26:40,颜色分类:A92203基础黑-2尺寸:M/170,衣服挺潮的，款式很好看，也比较宽松，面料防风，因为我们这儿不冷，所以里面穿件无帽套头卫衣就可以过冬了，不过因为刚收货就搞活动，所以打算退货重拍。各位亲们趁这次活动抓紧购买吧，能省几十块，可以买双袜子什么的 客服cs82态度和服务很好 五星好评
2018-11-17 11:52:57,颜色分类:A92203基础黑-2尺寸:L/175,好看.喜欢.客服服务很好.安踏加油噢.
2019-09-03 19:21:33,颜色分类:【秋冬厚款】基础黑-2尺寸:S/165,此用户没有填写评论!
2018-11-23 11:09:45,颜色分类:A92203基础黑-2尺寸:XXL/185,客服是真不怎么样
2018-12-29 10:59:19,颜色分类:A92203基础黑-2尺寸:XXXL/190,此用户没有填写评论!
2018-10-01 11:36:26,颜色分类:A92203基础黑-2尺寸:M/170,很好的衣服，类似工装外套一样的，设计越来越好吧，支持国产支持安踏
2018-11-13 11:36:06,颜色分类:A92203基础黑-2尺寸:M/170,确实特别特别的宽松，准备买的小伙伴做好心理准备，料子跟款式都挺新颖的，如果想贴身的话可以买偏小一号的
2018-09-23 21:52:57,颜色分类:A001纯净白-1尺寸:XL/180,男朋友觉得不错，袖子很宽大，身高183，体重137可以参考下。看着交易成功，我竟产生出一种无以名之的悲痛感&mdash;&mdash;啊，这么好的卖家，如果将来我再也遇不到了，那我该怎么办？直到我毫不犹豫地把卖家的店收藏了，我内心的那种激动才逐渐平静下来。可是我立刻想到，这么好的卖家，倘若别人看不到，那么不是浪费心血吗？经过痛苦的思想斗争，我终于下定决心，牺牲小我，奉献大我。我要以此评价奉献给世人赏阅，我要给好评&hellip;&hellip;
2018-11-12 16:26:50,颜色分类:A92203基础黑-2尺寸:S/165,衣服偏大 建议买小一号的
2019-01-25 16:27:59,颜色分类:A92203基础黑-2尺寸:XL/180,可以就是太薄了
2018-10-15 22:40:15,颜色分类:A92203基础黑-2尺寸:L/175,此用户没有填写评论!
2018-11-19 19:35:23,颜色分类:A001纯净白-1尺寸:S/165,尺码确实偏大很多，但是版型特别好看！
2019-01-05 19:58:03,颜色分类:A92203基础黑-2尺寸:XXL/185,非常好
2019-03-31 11:40:10,颜色分类:A001纯净白-1尺寸:XL/180,特别棒！
2019-01-25 19:17:08,颜色分类:A92203基础黑-2尺寸:XL/180,特别喜欢 太帅了&hellip;&hellip; 摸起来手感舒服😌。以后再看看质量怎么样吧
2018-12-17 20:17:04,颜色分类:A92203基础黑-2尺寸:L/175,有点大
2018-11-15 08:23:47,颜色分类:A92203基础黑-2尺寸:XL/180,非常喜欢，很好看，给你们一个参考身高183体重150斤买的xl，之前在评论里问了许多买家才决定的，平时买其他的都是三xl运动码大一号，这个是宽松版还买了小一号才合适，冬天可以往里边添衣服，还是很宽松的。很喜欢，很帅，价钱还是比较高的 听他们说多评论字数给什么东西?那就复制几个赞吧赞赞赞赞赞赞赞赞赞赞赞赞赞赞赞赞赞赞赞赞赞赞赞赞赞赞赞赞赞赞赞赞
2018-11-25 16:47:19,颜色分类:A92203基础黑-2尺寸:XL/180,衣服挺帅的
2018-12-10 21:52:18,颜色分类:A92203基础黑-2尺寸:XXXL/190,衣服很好
2019-03-12 23:53:34,颜色分类:A92203基础黑-2尺寸:XXXL/190,好
2018-11-26 15:42:15,颜色分类:A92203基础黑-2尺寸:L/175,"安踏设计师、不错 我180重130 买L刚好 袖口比较宽松一点 物流无力吐槽&hellip;&hellip;顺丰从揽收还用了四天   质量非常好，与卖家描述的完全一致，非常满意,真的很喜欢，完全超出期望值，发货速度非常快，包装非常仔细、严实，物流公司服务态度很好，运送速度很快，很满意的一次购物.期待下次合作"
2019-03-01 22:11:10,颜色分类:A001纯净白-1尺寸:XXXL/190,此用户没有填写评论!
2019-02-28 08:17:31,颜色分类:A92203基础黑-2尺寸:XL/180,真的非常大，下面还有点宽。
2018-09-15 13:17:28,颜色分类:A001纯净白-1尺寸:L/175,刚穿上款型有点死板 搭配一下还不错
2018-11-13 16:34:33,颜色分类:A92203基础黑-2尺寸:S/165,还不错
2018-11-15 17:12:57,颜色分类:A92203基础黑-2尺寸:S/165,买的时候都说又大又肥就买了个小号&hellip;&hellip;但了以后发现还可以，正好哈哈哈哈
2018-09-17 18:57:51,颜色分类:A92203基础黑-2尺寸:L/175,衣服喜欢买安踏，彪马，阿迪的，鞋子喜欢耐克的，因为自己喜欢蓝色的衣服所以基本都是蓝色的衣服，阿迪的服装颜色太单一，总之各有各的优点吧&hellip;&hellip;衣服很好
2019-02-18 12:07:02,颜色分类:A92203基础黑-2尺寸:XL/180,衣服大了，买L的好了，不过衣服确实好看，就不麻烦的换了。
2018-12-30 21:49:08,颜色分类:A92203基础黑-2尺寸:L/175,有些大，建议买小一码
2019-03-22 06:24:20,颜色分类:A001纯净白-1尺寸:XXXL/190,不错，很好
2018-11-19 08:43:37,颜色分类:A001纯净白-1尺寸:L/175,挺好的，就是衣服宽松了一些，建议买比自己平常穿的一小号，我觉得小两号都可以😄，换的货今天到了，总体还不错
2018-09-24 15:18:28,颜色分类:A92203基础黑-2尺寸:XXXL/190,好好逐梦演艺圈圈圈圈圈，圈圈圈，圈圈圈，圈圈圈，圈圈圈，圈圈圈，圈圈圈，圈圈圈，圈圈圈，圈圈圈，圈圈圈，圈圈圈，圈圈圈，圈圈圈，圈圈圈，圈圈圈，圈圈圈，圈圈圈，圈圈圈，圈圈圈
2018-09-19 21:44:54,颜色分类:A92203基础黑-2尺寸:M/170,什么宝贝 发货晚不说 袖子无比的宽
2019-01-03 12:19:53,颜色分类:A92203基础黑-2尺寸:L/175,emmmm  有点大了，咋办
2018-11-14 21:47:05,颜色分类:A92203基础黑-2尺寸:L/175,物流非常快  在大西北 一天半就拿到了   而且衣服非常有质感  很帅
2018-12-14 16:41:01,颜色分类:A92203基础黑-2尺寸:L/175,自我感觉良好 还是蛮好滴 需要个子和身材撑起来 不然真的不够反而不好看 所以太瘦了还是建议另外看看 个子不高也看看其他的 好了好了 非常感谢看我的评论，希望对你们有帮助，嘿嘿
2018-11-14 12:27:11,颜色分类:A92203基础黑-2尺寸:M/170,衣服很帅  都说买小一码 发现太过合身 个人喜欢宽松的 不过换换风格也挺不错的
2018-11-17 18:02:42,颜色分类:A92203基础黑-2尺寸:XL/180,衣服很好，很帅气。包装不太好，有一点磨着了，不过不影响大局
2018-10-07 09:03:05,颜色分类:A001纯净白-1尺寸:XL/180,还行 挺好看的
2018-12-22 20:34:26,颜色分类:A92203基础黑-2尺寸:M/170,儿子喜欢这套衣服，穿上很帅气的，正品的，双十二活动拍的，喜欢
2018-09-23 21:57:03,颜色分类:A001纯净白-1尺寸:L/175,发货10天后我才拿到衣服    这速度我不想说什么了
2019-01-23 19:46:18,颜色分类:A92203基础黑-2尺寸:XXL/185,很满意质量很好穿起来也很舒服
2018-10-05 00:20:35,颜色分类:A001纯净白-1尺寸:M/170,好看啊兄弟
2018-11-22 00:41:33,颜色分类:A001纯净白-1尺寸:XXL/185,码数偏大，建议买小一个码甚至小两个码，材质很棒，手感很舒服，搭配衣服也好看，很满意的购物体验
2018-11-17 07:07:58,颜色分类:A92203基础黑-2尺寸:XL/180,儿子满意
2018-10-06 07:33:34,颜色分类:A001纯净白-1尺寸:XXL/185,帅就一个字
2018-11-24 16:08:33,颜色分类:A001纯净白-1尺寸:M/170,衣服很好看，穿起来显瘦~  178，71kg，给大哥们做一下参考。下摆围稍微小了点，再大点就更好看了。（喜欢宽松的就按照正常尺码买）
2018-11-13 21:55:19,颜色分类:A92203基础黑-2尺寸:M/170,非常棒   就是大了些  建议买小一码
2019-04-02 13:59:47,颜色分类:A001纯净白-1尺寸:M/170,满意，狗比代购还贵，还不发货，还找水军黑我。买衣服只到旗舰店
2018-11-14 21:23:41,颜色分类:A92203基础黑-2尺寸:L/175,穿上有点宽松，1米75的个子，120斤，希望这个评价对你们有用
2018-12-15 19:16:28,颜色分类:A92203基础黑-2尺寸:L/175,好看，面料很舒服
2018-11-30 14:59:31,颜色分类:A92203基础黑-2尺寸:XXL/185,推荐买小一号
2019-01-26 21:01:22,颜色分类:A001纯净白-1尺寸:L/175,感觉还不错，就是有点肥
2018-11-27 00:30:11,颜色分类:A92203基础黑-2尺寸:XXL/185,挺好看的就是有点薄
2018-11-23 19:11:40,颜色分类:A92203基础黑-2尺寸:L/175,满意
2018-10-08 13:28:09,颜色分类:A001纯净白-1尺寸:L/175,很不错，就是感觉袖子有点肥大，但是很不错
2018-11-26 16:10:23,颜色分类:A92203基础黑-2尺寸:M/170,不错，很好
2018-10-06 22:10:07,颜色分类:A001纯净白-1尺寸:M/170,非常好！跟图片一样亮眼
2018-12-17 18:44:28,颜色分类:A92203基础黑-2尺寸:L/175,由于个人购买不当 出现了一些小插曲  衣服买大了！ 后来我哥看中了 给我哥了 虽然衣服不错 有点舍不得但本人偏瘦 衣服实在太大  建议偏瘦的淘友们按照小两号的买！衣服真心不错！
2018-12-19 22:36:36,颜色分类:A92203基础黑-2尺寸:XL/180,不错不错不错不错不错不错不错不错不错不错不错不错不错不错不错不错不错不错不错不错不错不错不错不错不错不错不错不错不错不不错不错不错不错不错不错错不错不错不错不错不错不错不错不错不错不错不错不错
2019-01-01 12:16:54,颜色分类:A92203基础黑-2尺寸:M/170,此用户没有填写评论!
2018-11-26 22:35:27,颜色分类:A92203基础黑-2尺寸:M/170,很帅很好。
2018-09-21 01:31:19,颜色分类:A001纯净白-1尺寸:S/165,还好
2018-12-12 17:03:38,颜色分类:A001纯净白-1尺寸:L/175,打扰了
2018-11-29 21:40:44,颜色分类:A92203基础黑-2尺寸:XL/180,同裤子的经历
2018-12-17 00:07:41,颜色分类:A92203基础黑-2尺寸:M/170,衣服确实是大呢 173-110M大了  想换没有码了  建议175内偏瘦的 买s 的就可以 衣服是挺好看的但是穿在身上大 全靠自己颜值死撑着😁
2018-11-13 17:38:37,颜色分类:A92203基础黑-2尺寸:M/170,衣服非常好看，就是没有口袋，还有一定要买小一号，真的，重要的事说三遍。买小一号，买小一号，买小一号
2018-09-14 12:48:41,颜色分类:A001纯净白-1尺寸:S/165,此用户没有填写评论!
2018-11-20 18:54:45,颜色分类:A92203基础黑-2尺寸:S/165,"终于收到我需要的宝贝了，东西很好，价美物廉，谢谢掌柜的！说实在，这是我淘宝购物来让我最满意的一次购物。无论是掌柜的态度还是对物品，我都非常满意的。掌柜态度很专业热情，有问必答，回复也很快，我问了不少问题，他都不觉得烦，都会认真回答我，这点我向掌柜表示由衷的敬意，这样的好掌柜可不多。再说宝贝，正是我需要的，收到的时候包装完整，打开后让我惊喜的是，宝贝比我想象中的还要好！不得不得竖起大拇指。下次需要的时候我还会再来的，到时候麻烦掌柜给个优惠哦！质量非常好，与卖家描述的完全一致，非常满意,真的很喜欢，完全超出期望值，发货速度非常快，包装非常仔细、严实，物流公司服务态度很好，运送速度很快，很满意的一次购物"
2018-12-07 14:27:18,颜色分类:A001纯净白-1尺寸:M/170,此用户没有填写评论!
2018-09-16 11:54:32,颜色分类:A001纯净白-1尺寸:XXL/185,偏大，质量挺好
2018-11-20 20:22:43,颜色分类:A92203基础黑-2尺寸:L/175,不错很nice
2018-12-22 14:49:24,颜色分类:A001纯净白-1尺寸:L/175,可以，就是衣服大得离谱。
2018-11-22 17:35:32,颜色分类:A92203基础黑-2尺寸:XL/180,不错的
2018-11-14 09:35:49,颜色分类:A001纯净白-1尺寸:S/165,很好很不错  喜欢
2018-12-25 16:51:52,颜色分类:A92203基础黑-2尺寸:L/175,cs705服务很好🙄🙄🙄🙄🙄🙄🙄🙄🙄🙄🙄🙄🙄🙄🙄🙄🙄🙄🙄🙄🙄🙄🙄🙄🙄🙄🙄🙄🙄🙄🙄🙄🙄🙄🙄🙄🙄🙄🙄🙄🙄🙄🙄🙄🙄🙄🙄啦啦啦啦啦啦啦啦啦啦啦啦啦啦啦啦确实挺好的
2019-01-22 09:43:36,颜色分类:A92203基础黑-2尺寸:L/175,客服CS24很棒  衣服款式穿上很帅的  昨天到货  我儿子今天穿上了 就是有点小贵  下次还来安踏买
2018-11-26 18:22:10,颜色分类:A001纯净白-1尺寸:XL/180,这个衣服质量很好 穿着舒服
2019-02-06 15:31:34,颜色分类:A92203基础黑-2尺寸:XXXL/190,有点大，其他还好
2019-04-06 18:37:30,颜色分类:A001纯净白-1尺寸:L/175,挺好，就是袖子有点大
2018-11-21 10:15:28,颜色分类:A92203基础黑-2尺寸:M/170,非常好用，看着也很漂亮，朋友非常喜欢，价值很高，性价比也很高！！！
2018-09-15 23:19:40,颜色分类:A92203基础黑-2尺寸:L/175,我买了四件，本来很高兴，期待了一个月，终于都到了，短裤不是想象速干的，裤子长，还厚，真的是在给冬天买衣服，其他两件都还没敢试。
2018-09-15 15:33:12,颜色分类:A001纯净白-1尺寸:XXL/185,质量挺好，而且好看
2018-12-22 12:23:44,颜色分类:A92203基础黑-2尺寸:XL/180,贴别好，特别好。非常喜欢
2018-11-18 11:42:30,颜色分类:A92203基础黑-2尺寸:L/175,全五星，没毛病
2018-09-15 18:30:28,颜色分类:A92203基础黑-2尺寸:M/170,衣服好看而且帅气就是太大了巨大你们以前穿m号一定一定要买s号不然太大了。
2019-10-10 10:35:01,颜色分类:【秋冬厚款】基础黑-2尺寸:M/170,此用户没有填写评论!
2019-04-06 21:10:59,颜色分类:A001纯净白-1尺寸:L/175,一直都还满意
2018-11-18 12:25:13,颜色分类:A92203基础黑-2尺寸:XXL/185,衣服厚实，不错。家宝贝180厘米，长度刚好，有些宽，因为宝贝瘦啊*^_^* 感恩大家！感恩所有员工!感恩！
2018-11-23 09:01:05,颜色分类:A92203基础黑-2尺寸:L/175,客服cs731挺好的
2019-05-27 23:58:11,颜色分类:A92203基础黑-2尺寸:M/170,很好很好很好很好很好很好很好很好很好很好很好很好很好很好很好很好很好很好很好很好很好很好很好很好很好很好很好很好很好很好很好很好很好很好很好很好很好很好很好很好很好很好很好很好很好很好很好很好很好很好很好很好很好很好很好很好很好很好很好很好很好很好很好很好很好很好很好很好很好很好很好很好很好很好很好很好很好很好很好很好很好很好很好很好很好很好很好很好很好很好很好很好很好很好很好很好很好很好很好很好很好很好很好很好很好很好很好很好很好很好很好很好听
2018-12-11 23:05:40,颜色分类:A92203基础黑-2尺寸:XXXL/190,此用户没有填写评论!
2018-11-17 22:22:35,颜色分类:A001纯净白-1尺寸:L/175,一点都不好看，和实物不符合，虽然快递快但是衣服终究不好看，，，
2018-09-15 13:35:56,颜色分类:A92203基础黑-2尺寸:S/165,衣服不错  就是大了
2018-10-22 20:13:11,颜色分类:A92203基础黑-2尺寸:L/175,给个参考，身高180体重63，L码正好，总得来说还阔以，细节上稍微微微有些瑕疵
2018-09-17 22:13:30,颜色分类:A001纯净白-1尺寸:XL/180,这件衣服小两个号合身，小一个号宽松
2018-11-18 18:52:28,颜色分类:A92203基础黑-2尺寸:M/170,勉强
2018-09-16 00:21:50,颜色分类:A001纯净白-1尺寸:M/170,太大了，细节一般，安踏还是安踏，设计还是很OK的，但是这件衣服真的很大！（我175，虽然偏瘦，但是买M码还松的一匹）不过很喜欢。
2018-09-14 11:50:51,颜色分类:A92203基础黑-2尺寸:M/170,这是我第一次在安踏买这么贵的衣服但是结果真的超乎我的想象我感觉衣服真的特别的好看特别合身特别适合个子比较小的然后特别显瘦衣服也特别精神做工面料也是没得说你们了网格浪费的感觉非常满意看起来很厚其实非常的透气我觉得在冷的天气里面加1件卫衣也可以穿很长时候真的觉得特别好性价比特别高
2018-09-15 17:25:12,颜色分类:A001纯净白-1尺寸:S/165,不错，只是怕白色容易脏
2018-09-24 13:05:08,颜色分类:A92203基础黑-2尺寸:L/175,衣服买了小一号的还是感觉很大，但是挺好看的，建议里面配个能把衣服撑起来的卫衣就不错了
2019-01-26 08:10:55,颜色分类:A92203基础黑-2尺寸:XL/180,爆款嘛，等了几天终于有L码的了立马换。比日常的大一码不止，但下摆不大又是套头的，所以买比平时穿的小一码就行。
2018-10-04 19:08:28,颜色分类:A001纯净白-1尺寸:XXXL/190,此用户没有填写评论!
2018-11-21 20:16:02,颜色分类:A92203基础黑-2尺寸:XXXL/190,衣服挺棒的，然后第一次买大了，然后换了小一码，然后客服也超级棒，换货的话也挺快的吧，好评！
2018-11-15 19:14:30,颜色分类:A92203基础黑-2尺寸:S/165,还好
2019-10-06 16:21:29,颜色分类:【秋冬厚款】基础黑-2尺寸:M/170,此用户没有填写评论!
2018-09-14 16:53:03,颜色分类:A92203基础黑-2尺寸:S/165,衣服特别好，穿上特别帅，安排
2018-12-08 10:38:25,颜色分类:A92203基础黑-2尺寸:M/170,此用户没有填写评论!
2018-10-02 20:59:20,颜色分类:A92203基础黑-2尺寸:M/170,我是体重一百二十三左右，身高一米七五，买的m码，我穿着是偏大的，如果有和我身高体重差不多的，建议买s码，不需要担心会小，因为这款衣服根本不存在小的，很大的，相信我
2019-01-05 14:14:58,颜色分类:A92203基础黑-2尺寸:XXXL/190,很好看，物流也非常快，客服态度很棒，
2018-12-22 14:19:20,颜色分类:A92203基础黑-2尺寸:XL/180,此用户没有填写评论!
2018-11-12 12:09:40,颜色分类:A92203基础黑-2尺寸:L/175,好看好看好看好看好看好看啊啊啊
2018-11-14 10:45:18,颜色分类:A92203基础黑-2尺寸:L/175,看上去还可以，穿上感觉不透气
2019-02-12 09:14:08,颜色分类:A92203基础黑-2尺寸:XXXL/190,东西不错～
2018-11-17 12:55:21,颜色分类:A001纯净白-1尺寸:L/175,小孩喜欢，
2018-09-29 14:25:36,颜色分类:A92203基础黑-2尺寸:XL/180,码子偏大
2018-11-21 12:45:41,颜色分类:A92203基础黑-2尺寸:L/175,衣服挺好就是有点大
2018-11-13 12:31:38,颜色分类:A92203基础黑-2尺寸:S/165,买了S的，确定是165穿的么&hellip;&hellip;不过还好啦，等再冷一点里面可以多穿点撑起来&hellip;&hellip;
2018-11-14 09:17:26,颜色分类:A92203基础黑-2尺寸:S/165,整个衣服线头太多
2018-09-17 00:17:18,颜色分类:A92203基础黑-2尺寸:M/170,特别喜欢啊啊啊啊啊啊啊啊啊啊啊特别喜欢啊啊啊啊啊啊啊啊啊啊啊特别喜欢啊啊特别喜欢啊啊啊啊啊啊啊啊啊啊啊啊啊啊啊啊啊啊啊特别喜欢啊啊啊啊啊啊啊啊啊啊啊特别喜欢啊啊啊啊啊啊啊啊啊啊啊特别喜欢啊啊特别喜欢啊啊啊啊啊啊啊啊啊啊啊啊啊啊啊啊啊啊啊特别喜欢啊啊啊啊啊啊啊啊啊啊啊特别喜欢啊啊啊啊啊啊啊啊啊啊啊特别喜欢啊啊特别喜欢啊啊啊啊啊啊啊啊啊啊啊啊啊啊啊啊啊啊啊
2018-11-15 12:24:06,颜色分类:A001纯净白-1尺寸:M/170,炒鸡好看，双十一帮对象抢到的，买付定金的没有这个号了，然后就只能靠双十一抢了，幸运的是我抢到了，而且还用了双十一的红包，几十块钱就买下来了，真的是炒鸡奈斯了！！！感觉赚了好多！👏👏👏
2018-11-15 17:32:31,颜色分类:A92203基础黑-2尺寸:XL/180,挺好衣服偏大码，建议买小一码
2018-11-15 13:11:17,颜色分类:A92203基础黑-2尺寸:L/175,很帅很帅，感觉我应该买白色的
2018-11-18 21:03:55,颜色分类:A92203基础黑-2尺寸:XL/180,衣服真心大，懒得换了，料子很舒服，裤子非常满意👆👇👈👉👇👉👇👆👈👈👉👉👇👉👇👈
2018-11-21 09:39:33,颜色分类:A92203基础黑-2尺寸:L/175,可以可以   衣服比较宽松  瘦的朋友可以买小一码啊哈哈哈哈哈哈哈哈哈哈啊哈哈哈哈哈哈哈哈哈哈
2018-11-26 17:05:32,颜色分类:A92203基础黑-2尺寸:M/170,衣服非常满意，设计新颖。不过重点是衣服大，大，大，大，大，真是太大了。建议比平时买小一码！！！换货真是一波十三折。
2018-09-22 16:05:20,颜色分类:A92203基础黑-2尺寸:M/170,好
2018-09-30 20:05:03,颜色分类:A92203基础黑-2尺寸:XXL/185,衣服挺好
2018-09-26 12:34:00,颜色分类:A001纯净白-1尺寸:XXL/185,衣服挺漂亮的，里面再套一件比较好，很宽松，一定要买小一号！小一号！
2018-11-18 18:23:58,颜色分类:A001纯净白-1尺寸:XXXL/190,孩子喜欢的不得了，很洋气的款式，做工真是极好，面料厚实，现在天凉了穿刚好，强烈推荐啊
2019-01-24 14:32:07,颜色分类:A92203基础黑-2尺寸:XXL/185,还可以就是有点大
2018-11-15 16:26:20,颜色分类:A92203基础黑-2尺寸:XL/180,不错啊 很酷的
2019-04-09 17:57:40,颜色分类:A92203基础黑-2尺寸:L/175,完美
2018-09-16 13:38:51,颜色分类:A92203基础黑-2尺寸:M/170,挺好看的，有点大，好评
2018-09-16 17:21:05,颜色分类:A001纯净白-1尺寸:M/170,帅气
2018-11-14 16:55:57,颜色分类:A92203基础黑-2尺寸:M/170,很酷
2018-10-05 17:51:52,颜色分类:A001纯净白-1尺寸:L/175,这个衣服是真的大&hellip;&hellip;
2018-11-15 07:00:11,颜色分类:A92203基础黑-2尺寸:M/170,不错，孩子很喜欢
2018-11-14 18:24:08,颜色分类:A92203基础黑-2尺寸:S/165,奈斯！
2019-08-25 13:51:00,颜色分类:【秋冬厚款】纯净白-1尺寸:M/170,此用户没有填写评论!
2019-04-06 20:24:46,颜色分类:A001纯净白-1尺寸:M/170,衣服好看，客服服务很好。衣服买大了，商家及时更换了。
2018-11-13 12:55:01,颜色分类:A92203基础黑-2尺寸:L/175,衣服穿着很舒服也很好看就是码有点偏大
2018-11-14 07:58:42,颜色分类:A92203基础黑-2尺寸:XXXL/190,好评！
2019-04-06 21:18:46,颜色分类:A92203基础黑-2尺寸:S/165,满意，没袜子送吗？
2018-12-16 18:49:12,颜色分类:A001纯净白-1尺寸:M/170,此用户没有填写评论!
2018-09-17 11:48:08,颜色分类:A001纯净白-1尺寸:XL/180,感觉好大啊
2018-10-02 00:28:36,颜色分类:A92203基础黑-2尺寸:XXL/185,不错
2019-04-08 18:19:21,颜色分类:A001纯净白-1尺寸:M/170,东西怎么样先不说，寄过来两条大折痕，很深的那种，然后我联系了客服客服说要补偿问八块，说洗洗就掉了，我问洗不掉怎么办，跟我说洗不掉可以联系更换，结果？？？？？？？？？？？耍我？？？？店大欺客？？？
2018-11-15 14:38:00,颜色分类:A92203基础黑-2尺寸:L/175,挺满意的
2018-11-16 12:09:52,颜色分类:A92203基础黑-2尺寸:S/165,物流很快，还没试，但相信这家店，先来个五星好评
2018-11-15 18:53:58,颜色分类:A92203基础黑-2尺寸:L/175,此用户没有填写评论!
2018-11-27 09:56:56,颜色分类:A92203基础黑-2尺寸:L/175,有点大   可以拍小一号的  薄薄的一层
2018-09-15 14:23:27,颜色分类:A92203基础黑-2尺寸:M/170,宝贝很好，衣服是防水的，再也不用担心秋天下雨了！！！
2018-09-17 11:26:48,颜色分类:A92203基础黑-2尺寸:XXL/185,此用户没有填写评论!
2018-10-09 23:10:39,颜色分类:A001纯净白-1尺寸:L/175,此用户没有填写评论!
2018-09-22 00:48:44,颜色分类:A92203基础黑-2尺寸:M/170,真的大
2019-02-16 19:32:28,颜色分类:A92203基础黑-2尺寸:XL/180,衣服是宽松版的，没有175的卖了所以买了个180的，发现真的很大。。。，本来想退的，不过又很喜欢这件衣服，就不退了，留着明年长高高了在穿。
2018-09-30 17:35:21,颜色分类:A92203基础黑-2尺寸:L/175,东西很好 就是垃圾中通搞丢我快递
2018-11-28 23:42:41,颜色分类:A92203基础黑-2尺寸:XXL/185,非常不错
2018-09-16 07:06:08,颜色分类:A001纯净白-1尺寸:XL/180,东西收到了，最喜欢安踏，国产的骄傲
2019-04-17 00:29:56,颜色分类:A001纯净白-1尺寸:S/165,有点大
2018-11-20 23:30:45,颜色分类:A92203基础黑-2尺寸:XXL/185,很棒
2018-11-19 13:07:13,颜色分类:A92203基础黑-2尺寸:L/175,物流很快，客服态度很好，衣服大小正合适，尺码很标准，穿上很好看！
2018-11-13 23:36:32,颜色分类:A92203基础黑-2尺寸:XL/180,真的很不错，设计很赞，性价比高。
2018-11-21 20:28:47,颜色分类:A92203基础黑-2尺寸:XXL/185,很好
2018-10-02 13:52:11,颜色分类:A92203基础黑-2尺寸:XXL/185,只能说贼帅了
2018-10-22 12:06:41,颜色分类:A001纯净白-1尺寸:M/170,"质量非常好，与卖家描述的完全一致，非常满意,真的很喜欢，完全超出期望值，发货速度非常快，包装非常仔细、严实，物流公司服务态度很好，运送速度很快，很满意的一次购物质量很好，希望更多的朋友信赖．店主态度特好，我会再次光顾的．可不可以再便宜点．我带朋友来你家买。不好意思评价晚了，非常好的店家，东西很欢！买来这个是送人的她很喜欢卖家的贴心让我感到很温暖。很热情的卖家，下次还来希望下次还有机会合作祝你生意兴隆质量非常好真出乎我的意料包装非常仔细非常感谢。祝生意兴隆！！"
2019-02-25 18:27:39,颜色分类:A92203基础黑-2尺寸:XXXL/190,很喜欢质量超好
2018-12-24 01:11:34,颜色分类:A92203基础黑-2尺寸:XL/180,好
2018-11-13 08:07:00,颜色分类:A92203基础黑-2尺寸:L/175,不错不错，质感很好，时尚！就是尺码有点偏大
2019-04-04 13:56:32,颜色分类:A001纯净白-1尺寸:XXXL/190,东西偏大，建议大家买的时候买正常码或小一码，好评
2019-04-11 13:22:48,颜色分类:A92203基础黑-2尺寸:XL/180,enq
2018-11-18 00:02:24,颜色分类:A92203基础黑-2尺寸:L/175,挺好的，建议买小一号
2018-12-01 03:33:08,颜色分类:A92203基础黑-2尺寸:M/170,此用户没有填写评论!
2019-01-17 16:11:32,颜色分类:A92203基础黑-2尺寸:XL/180,这个买大了感觉一般般
2018-12-16 19:55:05,颜色分类:A92203基础黑-2尺寸:S/165,还好吧，
2018-09-14 12:39:02,颜色分类:A92203基础黑-2尺寸:XL/180,衣服很好，但是我没想到衣服上身这么大，不过冬天穿里面搭卫衣也还好，安踏这次真的给我惊艳到了
2018-11-17 22:09:57,颜色分类:A92203基础黑-2尺寸:L/175,1米78都穿着大，质量还可以
2018-11-18 16:51:16,颜色分类:A92203基础黑-2尺寸:M/170,平时不喜欢吃糖的，甚至有点能不要糖就不要的倾向，但是鲜花饼对我来说真的是香甜不腻戒不掉啊...(真打脸哦_(：з」&ang;)_)  至于云腿小饼，更加肥胖但是也更加充满诱惑啊！比起很大个的云腿月饼，小饼两口一个没有负担(伪)也不会腻，甜咸交融，吃一个飘飘欲仙，吃两个其乐融融，吃三个放弃马甲线...而且云腿也是云南特产！怎么会不好吃哼！╭(╯^╰)╮  tips：答应我一定要选现烤的保质期十天还是七天的这种！味道比四十五天那个好太多了哇！换包装后盒子也美美哒有木有！云腿小饼也有现烤的可是因为容易碎外地买不到啊嘤嘤嘤  (当然最好吃的还是要到云南去吃刚烤好的那种啊...还有家里买的包装简陋的宣威云腿月饼也太好吃了...说实话有很多店很多牌子都有卖，每个人都有自己钟爱的那一家味道，
2018-09-27 22:48:33,颜色分类:A92203基础黑-2尺寸:L/175,版型很好，很漂亮。肥款，但是唯一不满意的一点就是做工，细节 细节 细节，线头 走线问题 不能忍 质量可以，要是能把细节提高上去就完美了。。。。。。。细节细节细节细节细节细节细节细节细节细节细节细节细节细节细节细节细节细节细节细节细节细节细节细节细节细节细节细节细节细节细节细节细节
2018-09-25 20:16:01,颜色分类:A92203基础黑-2尺寸:XL/180,服装质量很好，支持国产
2018-12-31 18:43:11,颜色分类:A92203基础黑-2尺寸:XXL/185,质量很好就是有点大
2018-12-16 00:05:58,颜色分类:A92203基础黑-2尺寸:XL/180,非常好看，还潮到爆啊
2019-01-27 22:10:26,颜色分类:A001纯净白-1尺寸:XL/180,挺好看的，就是容易脏
2018-12-16 19:14:43,颜色分类:A92203基础黑-2尺寸:S/165,超级帅啊！非常好看，简约不失帅气，还是防风那种，宽松版型里面加两三件加绒卫衣基本可以过冬了。165穿s刚好合适了。女朋友抢着要穿，自己先过几天瘾先😂好评，5星好评～
2018-11-27 20:56:41,颜色分类:A92203基础黑-2尺寸:XXXL/190,穿了一段时间 第一次买安踏的卫衣 不输耐克阿迪 非常好
2018-09-30 10:35:22,颜色分类:A92203基础黑-2尺寸:S/165,我172体重130买的s的还有点大，衣服很好看(｡･&omega;･｡)ﾉ♡
2019-04-19 14:32:31,颜色分类:A001纯净白-1尺寸:M/170,给男朋友买的 大家记得买小一号 他很喜欢nice
2019-10-16 16:14:08,颜色分类:【春秋薄款】基础黑-2尺寸:L/175,不错
2019-10-16 14:26:37,颜色分类:【秋冬厚款】纯净白-1尺寸:XL/180,好
2019-10-16 17:10:29,颜色分类:【秋冬厚款】基础黑-2尺寸:S/165,很帅气
