2019-10-10 16:40:43,颜色分类:咖啡色尺码:均码,透明度：毛衣比我想象中的要重很多，摸起来手感很柔软，衣领超高超紧，穿上不太舒服，等到冬天穿才合适。。做工：没有多余的线头，做工很干净。弹性效果：很大弹性，再胖20斤出能穿。
2019-10-15 22:44:04,颜色分类:黑色尺码:均码,刚刚穿上很舒服、很实用性价比高、真心不错
2019-10-07 13:07:05,颜色分类:咖啡色尺码:均码,衣服质量很好，超级厚实，适合冬天穿！穿上超级显身材，不错！
2019-10-05 10:50:36,颜色分类:咖啡色尺码:均码,特意穿了才来评价的，衣服质量超级好，版型也特别好看，我160，99，虽然有点小肚子，但是也好看
2019-10-14 12:45:42,颜色分类:黑色尺码:均码,衣服看着不错，洗的时候脱毛。买的第四件衣服，不满意的一次购物
2019-10-10 10:45:26,颜色分类:黑色尺码:均码,质量很好，我是韩粉，已经买了很多衣服了
2019-10-14 16:28:59,颜色分类:黑色尺码:均码,很厚实，紧身修身，很好
2019-10-06 10:51:33,颜色分类:咖啡色尺码:均码,很喜欢这件毛衣，价格特别优惠，买到这款毛衣很开心很满意，我是他家的老顾客啦
2019-10-04 13:55:52,颜色分类:黑色尺码:均码,之前原价两颜色各买了一件，现在特价赶紧又拍了一件，挺好的
2019-10-06 18:41:44,颜色分类:黑色尺码:均码,我们必须实话实说，没有好评返现，但是质量好的不得了，只是确实对身材的要求比较高！
2019-10-10 09:11:02,颜色分类:黑色尺码:均码,质量很好 还会购买
2019-10-07 16:25:19,颜色分类:黑色尺码:均码,衣服很好看，很显身材，质量也很好
2019-10-09 16:56:30,颜色分类:黑色尺码:均码,质量非常好，经常回购他们家的衣服
2019-10-06 21:28:02,颜色分类:黑色尺码:均码,每季度都在这家店买，质量确实真心不错，店家服务态度非常好！
2019-10-10 08:26:25,颜色分类:黑色尺码:均码,领口不舒服，感觉有点勒，质量还可以
2019-10-06 18:36:47,颜色分类:黑色尺码:均码,质量不错，很便宜，喜欢
2019-10-08 13:08:08,颜色分类:黑色尺码:均码,物超所值，非常好😊
2019-10-02 15:48:02,颜色分类:黑色尺码:均码,关注韩语琳几年了，衣柜里都是她家衣服，挺满意，语晨宝宝很不错，继续支持
2019-10-08 21:34:19,颜色分类:黑色尺码:均码,质量挺好的，很喜欢
2019-10-03 22:03:34,颜色分类:黑色尺码:均码,内搭真的很好，希望出红色紫色白色的。
2019-10-10 14:35:04,颜色分类:红色尺码:均码,挺好的，颜色可以，露背很大
2019-09-27 17:21:27,颜色分类:咖啡色尺码:均码,特别钟爱这件毛衣，已经是第三件了。😹😹😹穿着简单大方又显身材
2019-09-20 16:45:20,颜色分类:黑色尺码:均码,质量还是一如既往的好，两年多前买的168.这次买的超划算
2019-09-30 11:07:01,颜色分类:咖啡色尺码:均码,非常好，很漂亮
2019-09-23 12:59:35,颜色分类:黑色尺码:均码,关注好久了，第一次买东西，质量真的很不错，显身材又厚实，弹力大不起球，必须五星，好评！
2019-09-22 13:09:08,颜色分类:黑色尺码:均码,上身效果很好哈
2019-09-26 20:34:27,颜色分类:黑色尺码:均码,质量非常好，就是我穿有点长，袖子也长我身高160体重49公斤，总之很好
2019-09-24 20:53:36,颜色分类:黑色尺码:均码,挺好的，满足我的期望了
2019-09-25 12:54:04,颜色分类:黑色尺码:均码,一如既往的好，便宜好看
2019-09-22 21:11:06,颜色分类:黑色尺码:均码,穿上比模特穿上短好多～
2019-09-18 15:57:03,颜色分类:黑色尺码:均码,质量一如既往的好呢
2019-09-18 10:19:45,颜色分类:黑色尺码:均码,超好。不错。。可惜没有咖色了
2019-09-27 19:11:18,颜色分类:黑色尺码:均码,喜欢很久了，有活动就赶紧买啦
2019-10-09 00:28:54,颜色分类:黑色尺码:均码,挺好看的，可能我有点胖
2019-09-09 18:20:24,颜色分类:黑色尺码:均码,很长，还有个腰带，我是真没注意，太好了，还没试，质量很过关啊，好好好
2019-10-07 14:49:26,颜色分类:黑色尺码:均码,习惯好评
2019-09-15 07:43:23,颜色分类:黑色尺码:均码,不错质量
2019-09-13 12:31:09,颜色分类:黑色尺码:均码,质量很好
2019-09-20 10:36:57,颜色分类:黑色尺码:均码,穿上还挺有感觉的，就是高领领子那里太长了，有点显肚子。整体感觉很好的，
2019-10-18 10:45:55,颜色分类:黑色尺码:均码,"质量好，与卖家描述的完全一致，非常满意,真的很喜欢，超出期望值，发货速度非常快，包装非常仔细、严实，物流公司服务态度很好，运送速度很快，很满意的一次购物。天天淘宝，淘宝令生活方便多了。"
2019-10-19 07:03:27,颜色分类:黑色尺码:均码,衣服质量没得说，很好。就是这个物流速度时效有点低，快递慢
2019-10-18 18:10:45,颜色分类:黑色尺码:均码,挺好看的，试了一下，不大不小，线也挺舒服的
2019-10-18 09:24:40,颜色分类:黑色尺码:均码,穿着挺厚实的，款式好看。很好搭配衣服。
2019-10-17 11:58:52,颜色分类:黑色尺码:均码,衣服质量挺好的
2019-10-20 08:56:02,颜色分类:黑色尺码:均码,衣服很不错！
2019-10-19 22:24:06,颜色分类:黑色尺码:均码,好
2019-10-20 11:17:10,颜色分类:黑色尺码:均码,此用户没有填写评论!
2018-09-06 23:27:44,颜色分类:咖啡色尺码:均码,性价比高，值得购买&hellip;&hellip;
2018-11-18 23:46:12,颜色分类:咖啡色尺码:均码,去年买过一件，挺好看，放在老家了，再买一件
2018-12-23 18:44:45,颜色分类:咖啡色尺码:均码,衣服挺好看的
2019-01-11 20:14:41,颜色分类:黑色尺码:均码,衣服质量好的没的说，语晨客服也是棒棒哒，有什么问题耐心解答，衣服质量特别好，款式完美！超级喜欢！大爱！特别感谢语晨客服！全五星好评
2018-09-05 11:42:48,颜色分类:黑色尺码:均码,已是韩语琳铁粉了，依然相信她们家，
2019-02-19 18:18:53,颜色分类:黑色尺码:均码,挺好的显瘦显身材，不过就是有点分不清左右
2018-11-14 22:21:26,颜色分类:黑色尺码:均码,质量还可以，要是分大小码就更好了，均码一般适合很瘦的人穿！
2018-09-19 08:11:27,颜色分类:黑色尺码:均码,好评，质量好
2018-09-13 22:29:39,颜色分类:咖啡色尺码:均码,此用户没有填写评论!
2018-11-02 15:57:53,颜色分类:黑色尺码:均码,对于1.6米我来说有点长，不过还是很喜欢有点长
2018-09-15 23:11:40,颜色分类:咖啡色尺码:均码,收到衣衣很喜欢，质量还不错，天热没有试穿，客服语晨宝宝服务态度又好👍赞一个
2018-11-27 19:42:09,颜色分类:咖啡色尺码:均码,很喜欢，但我自己拍照技术不过关
2018-09-16 13:49:43,颜色分类:黑色尺码:均码,质量很好，不错
2018-11-18 19:12:04,颜色分类:咖啡色尺码:均码,多次在语林家买衣服了，质量棒棒的，穿上美美的，非常喜欢
2018-09-11 08:59:35,颜色分类:黑色尺码:均码,"质量非常好，与卖家描述的完全一致，非常满意,真的很喜欢，完全超出期望值，发货速度非常快，包装非常仔细、严实，物流公司服务态度很好，运送速度很快，很满意的一次购物"
2018-12-11 14:08:34,颜色分类:咖啡色尺码:均码,衣服还行，就是领高了点
2019-01-08 08:33:15,颜色分类:黑色尺码:均码,透明度：版型很好，很称身材。有些过紧。
2018-11-29 21:49:00,颜色分类:咖啡色尺码:均码,可以
2017-10-24 17:31:38,颜色分类:黑色尺码:均码,穿上美美的，大爱，就是不知道起不起球！
2017-11-02 12:08:49,颜色分类:黑色尺码:均码,很好
2017-11-23 11:31:52,颜色分类:咖啡色尺码:均码,显身材好看
2017-11-14 18:31:09,颜色分类:咖啡色尺码:均码,衣服质量非常好，卖家很重视细节，包装、物流都没得说，准备再买一件黑色的。
2017-11-20 18:44:20,颜色分类:咖啡色尺码:均码,去年买了件黑色，但是没有腰带，今年买了件咖啡色，有腰带，质量一如既往的好！
2017-10-26 14:09:20,颜色分类:黑色尺码:均码,衣服质量一般，不知道会不会起球，腰带太丑，质量太差
2017-11-17 10:47:32,颜色分类:咖啡色尺码:均码,这家店的毛衣质量还是很不错的
2017-10-27 10:31:40,颜色分类:黑色尺码:均码,衣服有分量，因为是高领还没穿，皮带一般
2017-11-19 15:45:03,颜色分类:咖啡色尺码:均码,质量还是不错，但自己床上感觉不怎么好看了
2017-10-30 17:24:57,颜色分类:咖啡色尺码:均码,挺好的
2017-11-14 23:19:58,颜色分类:咖啡色尺码:均码,穿上太有气质了
2017-12-09 10:41:34,颜色分类:黑色尺码:均码,此用户没有填写评论!
2017-12-08 13:24:08,颜色分类:咖啡色尺码:均码,质量挺好的
2017-12-02 14:27:26,颜色分类:黑色尺码:均码,差评差评差评，衣服到了打算洗洗再穿，清了四次还是这样！没想到掉色那么严重，直接没法穿嘛！
2017-11-14 19:32:09,颜色分类:咖啡色尺码:均码,大爱，质量版型没得说，很喜欢呢
2017-12-15 21:15:56,颜色分类:咖啡色尺码:均码,很漂亮的衣服，显身材，质量也很好，非常值得购买！以后要常卖你家衣服。
2017-10-24 21:37:19,颜色分类:咖啡色尺码:均码,质量还可以和网上的图片没什么区别，就是有点长了
2017-12-04 22:09:32,颜色分类:黑色尺码:均码,买了一件，然后又买了两件，别的就不多说了，你们应该懂得
2017-12-07 00:29:36,颜色分类:咖啡色尺码:均码,穿上还可以哦?，就是领口紧了点。
2017-11-21 18:50:32,颜色分类:黑色尺码:均码,非常棒，是店铺忠实粉。
2017-11-14 14:57:54,颜色分类:黑色尺码:均码,材质不错，老婆很喜欢&hellip;&hellip;
2017-11-22 22:58:16,颜色分类:黑色尺码:均码,挺漂亮
2017-11-08 16:23:03,颜色分类:黑色尺码:均码,原谅我拍的很不自然&hellip;&hellip;真的特别稀饭这件衣服，很显高挑显身材，气质提升了不少，质量也是杠杠打&hellip;&hellip;
2018-01-22 15:02:50,颜色分类:咖啡色尺码:均码,非常满意 很厚实 面料不错
2017-12-06 14:24:17,颜色分类:咖啡色尺码:均码,挺好
2017-12-04 10:32:50,颜色分类:黑色尺码:均码,好好看，穿上简直女神一般
2018-01-20 02:12:50,颜色分类:黑色尺码:均码,质量一如既往的好，
2017-11-02 11:07:45,颜色分类:咖啡色尺码:均码,质量很好
2018-01-12 18:35:22,颜色分类:黑色尺码:均码,质量不怎么好了
2017-12-23 13:14:19,颜色分类:咖啡色尺码:均码,挺好看的
2018-01-11 11:22:35,颜色分类:咖啡色尺码:均码,此用户没有填写评论!
2017-11-01 09:45:51,颜色分类:咖啡色尺码:均码,简直美翻了，长度也刚好，打算再入手几件！看质量应该不会起球，不要让我失望哟
2018-01-06 01:52:25,颜色分类:黑色尺码:均码,修身显瘦很好，质量也很好，就是不知道会不会毛衣会不会起球
2018-01-16 21:35:54,颜色分类:黑色尺码:均码,这个还行
2017-12-02 11:56:29,颜色分类:黑色尺码:均码,所有人都说好看
2017-11-06 15:07:35,颜色分类:黑色尺码:均码,厚实，比模特穿起来要长点
2017-11-19 23:21:48,颜色分类:咖啡色尺码:均码,衣服质量不错，衣服版型很好是我喜欢的类型，以后还会关注你们店的(⊙o⊙)哦
2017-10-28 14:35:53,颜色分类:咖啡色尺码:均码,衣服美美哒，很愉快的一次购物
2018-01-16 13:15:56,颜色分类:咖啡色尺码:均码,此用户没有填写评论!
2017-11-26 12:22:05,颜色分类:黑色尺码:均码,质量还可以，但愿不会起球
2018-01-04 23:00:50,颜色分类:黑色尺码:均码,不错很美哟
2018-11-18 16:54:43,颜色分类:黑色尺码:均码,终于收到我需要的宝贝了，东西很好，价美物廉，谢谢掌柜的！说实在，这是我淘宝购物来让我最满意的一次购物。无论是掌柜的态度还是对物品，我都非常满意的。掌柜态度很专业热情，有问必答，回复也很快，我问了不少问题，他都不觉得烦，都会认真回答我，这点我向掌柜表示由衷的敬意，这样的好掌柜可不多。再说宝贝，正是我需要的，收到的时候包装完整，打开后让我惊喜的是，宝贝比我想象中的还要好！不得不得竖起大拇指。下次需要的时候我还会再来的，到时候麻烦掌柜给个优惠哦！
2017-11-02 10:39:00,颜色分类:咖啡色尺码:均码,衣服质量好，很贴身，不扎不起球，很满意
2018-10-07 00:58:56,颜色分类:黑色尺码:均码,这件衣衣很满意和图片无差别，很喜欢这家店的衣衣
2018-11-19 21:47:34,颜色分类:咖啡色尺码:均码,第一次到这家店买，质量很好，出乎意料，双十一130多到手
2017-11-27 17:02:23,颜色分类:咖啡色尺码:均码,好长，适合瘦的人穿，太显胖了。
2018-10-30 21:11:21,颜色分类:黑色尺码:均码,我160洗了之后感觉好长呀
2017-11-17 12:29:49,颜色分类:咖啡色尺码:均码,衣服质量很好，很喜欢，物有所值
2017-12-04 11:12:23,颜色分类:黑色尺码:均码,非常显身材哦，袖口开叉不太利索，我自己缝上了，总之性价比挺高的，不错
2018-11-14 16:24:57,颜色分类:黑色尺码:均码,修身版型设计非常好，准备再下单买别的款
2017-11-24 17:41:29,颜色分类:咖啡色尺码:均码,买给女朋友的，料子好，包装也很好，还有很重要一点穿起来很瘦腰
2018-11-20 18:30:57,颜色分类:咖啡色尺码:均码,好
2017-11-21 15:38:43,颜色分类:咖啡色尺码:均码,不错哦、美美的很厚实质量可以哦不错的选择哦
2017-12-18 16:12:18,颜色分类:咖啡色尺码:均码,还没穿，好评吧
2017-12-01 14:00:47,颜色分类:咖啡色尺码:均码,相当厚实不错的选择
2017-11-18 07:32:32,颜色分类:咖啡色尺码:均码,确实很修身，玲玲曲线一览无余，所以穿这衣服不能吃太饱，不然会有小肚腩哦，本人170cm，总体长度还OK，就是感觉领子设计的太长不太舒服
2018-01-04 22:35:16,颜色分类:咖啡色尺码:均码,不好看。
2017-11-13 11:40:30,颜色分类:黑色尺码:均码,上身效果超美的。把身材显的很淋漓精致！大爱大爱。快递服务也很好！
2017-10-30 15:34:39,颜色分类:咖啡色尺码:均码,质量很好 上身效果很棒
2017-12-26 19:13:45,颜色分类:咖啡色尺码:均码,质量很好
2017-11-18 15:40:15,颜色分类:咖啡色尺码:均码,衣服厚实柔软，质量特别好，款式也不错
2017-10-29 15:43:25,颜色分类:黑色尺码:均码,宝贝不错。质量也不错哦！很显身材。
2018-09-03 08:32:59,颜色分类:黑色尺码:均码,挺不错的，价格也合适
2017-11-18 00:02:15,颜色分类:咖啡色尺码:均码,很喜欢！很厚实 不扎肉
2017-12-03 15:49:54,颜色分类:黑色尺码:均码,喜欢，很满意，就是有轻微的起球。
2017-11-20 17:26:23,颜色分类:黑色尺码:均码,第二次购买，喜欢，质量超好
2017-10-25 08:51:27,颜色分类:黑色尺码:均码,很修身非常完美
2017-12-01 10:52:23,颜色分类:黑色尺码:均码,质量好
2017-12-22 21:43:09,颜色分类:咖啡色尺码:均码,衣服挺好看的，上身效果也挺好的，就是不喜欢这个袖子
2017-11-26 14:07:42,颜色分类:黑色尺码:均码,好评
2017-12-07 17:57:55,颜色分类:咖啡色尺码:均码,非常好，质量很好！！！拿手里真重！唯一我173感觉再长点就完美了
2017-11-22 08:43:55,颜色分类:黑色尺码:均码,必须特别瘦的人穿。上身效果就那样哇。
2017-11-02 14:16:41,颜色分类:咖啡色尺码:均码,上身效果不错
2017-11-22 12:45:17,颜色分类:咖啡色尺码:均码,厚实，有弹性，做工细致
2017-12-16 13:50:35,颜色分类:咖啡色尺码:均码,此用户没有填写评论!
2017-11-16 11:30:57,颜色分类:黑色尺码:均码,此用户没有填写评论!
2017-11-29 10:33:08,颜色分类:咖啡色尺码:均码,很厚实，穿上特别显身材，修身款的，配呢子大衣很好看
2017-11-20 08:45:10,颜色分类:黑色尺码:均码,超级喜欢，上身好看，显身材，质量也是杠杠的！
2017-12-07 18:37:43,颜色分类:黑色尺码:均码,嗯，朋友很喜欢，稍微有点长，穿好点的鞋就好
2018-12-17 15:10:23,颜色分类:咖啡色尺码:均码,颜色款式都很好，非常喜欢，一次性买了两条！
2017-11-20 11:24:28,颜色分类:咖啡色尺码:均码,衣服穿上不显胖，但是袖子长了而且开叉，不知道怎么穿，上身倒是还暖和。皮带质量差，款式还将就。
2017-12-14 17:41:30,颜色分类:黑色尺码:均码,衣服到了，还没试就丢了??，朋友买过质量不错推荐的，然后双12时候又拍了一件，物流今天应该到的，还没有到
2017-12-15 07:28:18,颜色分类:咖啡色尺码:均码,还不错
2018-11-15 22:00:37,颜色分类:咖啡色尺码:均码,衣服挺好的，布料做工版型都挺好的，就是我低估了我的屁股，真的，第一次这么想减肥
2017-11-19 17:00:24,颜色分类:咖啡色尺码:均码,此用户没有填写评论!
2018-09-14 12:06:35,颜色分类:黑色尺码:均码,质量挺好，她加的衣服买了好多件了
2018-01-06 12:09:35,颜色分类:黑色尺码:均码,摸起来质量还是可以，洗了还没穿。穿了再来评价
2017-11-01 12:37:10,颜色分类:咖啡色尺码:均码,质量很好！看着不起球，厚度不错很保暖，还会光顾
2018-12-23 18:17:39,颜色分类:黑色尺码:均码,👍
2019-01-19 13:33:25,颜色分类:黑色尺码:均码,不错
2018-12-01 19:35:12,颜色分类:咖啡色尺码:均码,包装完好，做工考究，款式漂亮，五分好评
2018-12-17 15:10:23,颜色分类:黑色尺码:均码,质量好款式时尚大方优雅，很好搭配衣服的一款针织连衣裙。
2017-11-20 09:01:04,颜色分类:咖啡色尺码:均码,满意，好评。
2018-01-16 12:25:16,颜色分类:咖啡色尺码:均码,穿几天有点起球了颜色很深很对不起这个价钱
2018-12-11 07:51:02,颜色分类:咖啡色尺码:均码,666
2017-11-22 15:02:19,颜色分类:黑色尺码:均码,还可以
2018-12-11 19:11:56,颜色分类:黑色尺码:均码,此用户没有填写评论!
2018-12-09 09:51:24,颜色分类:咖啡色尺码:均码,真心不错 也推荐朋友买了一条真心不错 也推荐朋友买了一条真心不错 也推荐朋友买了一条真心不错 也推荐朋友买了一条真心不错 也推荐朋友买了一条真心不错 也推荐朋友买了一条真心不错 也推荐朋友买了一条真心不错 也推荐朋友买了一条真心不错 也推荐朋友买了一条真心不错 也推荐朋友买了一条真心不错 也推荐朋友买了一条真心不错 也推荐朋友买了一条真心不错 也推荐朋友买了一条真心不错 也推荐朋友买了一条真心不错 也推荐朋友买了一条
2017-10-26 10:51:23,颜色分类:咖啡色尺码:均码,质量可以！
2017-11-16 08:47:57,颜色分类:咖啡色尺码:均码,衣服质量手感非常好，看上去是不会起球，就是袖子有点长！其他的都还好！
2019-01-21 20:42:52,颜色分类:黑色尺码:均码,裙子比较修身    质量也挺好的   男朋友说穿着很漂亮🤪🤪🤪人丑就不放图了     感谢语秋客服对我问东问西的耐心 😘😘😘
2017-12-03 21:53:12,颜色分类:咖啡色尺码:均码,此用户没有填写评论!
2017-11-19 21:35:00,颜色分类:咖啡色尺码:均码,料子很不错，厚实柔软
2018-01-18 14:44:59,颜色分类:黑色尺码:均码,衣服好穿  质量好
2017-10-21 15:21:13,颜色分类:咖啡色尺码:均码,没有想到一百来块钱，能买到这么好的衣服，质量不错，很厚，一收到就马上试了下，非常满意，很值
2017-11-01 17:09:17,颜色分类:黑色尺码:均码,言以词穷！物有所值！大爱，大爱，大爱！
2017-11-03 01:53:07,颜色分类:黑色尺码:均码,不错，很好，值得购买
2017-11-18 21:44:42,颜色分类:咖啡色尺码:均码,份量很重，很厚实，身高170，穿着足够长了，
2017-11-20 10:13:16,颜色分类:咖啡色尺码:均码,质量很好   穿着很舒服  很合体
2017-11-06 17:08:17,颜色分类:咖啡色尺码:均码,此用户没有填写评论!
2017-11-20 14:52:24,颜色分类:黑色尺码:均码,双十一买了三套，很喜欢，155，95斤一直没敢下手怕驾驭不了这么长的裙子，很合适哦穿上高跟鞋美美的，就是忘了拍照。
2017-11-02 14:10:32,颜色分类:咖啡色尺码:均码,不错，质量很好，如果领子没有这么高，就非常完美了！！
2018-03-03 16:59:21,颜色分类:咖啡色尺码:均码,圆通不能寄，到了区内3天还没有派送，还是同事自己到网点拿的，真的是很无语
2017-11-19 20:06:17,颜色分类:咖啡色尺码:均码,衣服质量不错，挺修身，就是袖子那太不方便了
2017-11-21 09:05:27,颜色分类:黑色尺码:均码,好看
2017-12-09 11:45:59,颜色分类:咖啡色尺码:均码,質感好，收到衣服時很開心，比想像中好
2017-11-18 21:59:38,颜色分类:咖啡色尺码:均码,我想说这一款真的很修身，推荐给准备下手又犹豫的剁手族们，我身高155体重96斤
2017-11-30 15:00:02,颜色分类:黑色尺码:均码,虽然最终因快递问题没买着，还是要给这家店一个大赞！店员服务超好喝超有耐心，时时刻刻都及时回复和帮忙追包裹的下落&hellip;只可惜快递不给力? 下次看到心仪的衣服还是会来支持的！
2018-01-19 20:03:28,颜色分类:黑色尺码:均码,衣服还说的过去
2017-11-27 10:48:01,颜色分类:咖啡色尺码:均码,此用户没有填写评论!
2018-02-08 11:53:44,颜色分类:咖啡色尺码:均码,衣服不错，但是110斤以上的妹子，慎选
2017-12-31 16:30:10,颜色分类:咖啡色尺码:均码,这款衣服穿起来特别显身材，需要特别瘦的妹子穿才好看。但如果你，你的身材好的话，穿这款绝对是ok的。说衣服不好看的人，请首先看看自己的身材，有的衣服是需要身材来搭配的。
2017-12-28 10:24:40,颜色分类:咖啡色尺码:均码,非常不错的版型，真的是物美价廉！超值价
2017-12-01 10:52:32,颜色分类:咖啡色尺码:均码,色差：身高165cm，体重55kg，穿均码的刚好合适，面料厚实，弹性很好，款式简约大方，价格也适中，挺喜欢的。。
2018-02-08 22:12:33,颜色分类:黑色尺码:均码,很厚实，质量很好，值得一买！
2018-03-10 22:51:51,颜色分类:咖啡色尺码:均码,很修身，喜欢
2018-09-24 17:05:05,颜色分类:咖啡色尺码:均码,这个衣服穿上美美哒，显身材，喜欢
2018-09-09 20:16:44,颜色分类:黑色尺码:均码,不错
2017-11-01 17:23:43,颜色分类:咖啡色尺码:均码,很好看
2017-11-28 12:38:54,颜色分类:黑色尺码:均码,一如既往的好，都是老顾客了
2017-11-01 14:51:14,颜色分类:黑色尺码:均码,发货超快，上身效果很好看
2017-11-19 11:12:44,颜色分类:咖啡色尺码:均码,衣服质量很好物流也快上身效果好下次还会再来
2017-11-20 16:44:21,颜色分类:咖啡色尺码:均码,一如既往喜欢
2017-11-19 10:24:27,颜色分类:咖啡色尺码:均码,衣衣真的很漂亮，上身效果非常好，很显身材。生完宝宝三个月，肚子上有些肉肉，以为穿的不好看，本来准备开春穿的，可现在都可以穿的很好看。
2017-11-21 16:58:40,颜色分类:黑色尺码:均码,很修身，质量感觉也还可以，但愿不起球，陪我的大衣很搭，喜欢他家的衣服，继续关注支持
2017-11-23 12:02:24,颜色分类:黑色尺码:均码,稍微有点贴身的 领子很喜欢 质量也很好 以前一直买这里衣服 质量没话说
2017-11-14 11:45:06,颜色分类:咖啡色尺码:均码,宝贝收到了，非常漂亮，我是这家的老顾客了。
2017-12-11 09:41:03,颜色分类:黑色尺码:均码,帮朋友买的，朋友很满意
2017-12-22 10:28:23,颜色分类:黑色尺码:均码,一如既往的喜欢
2017-11-22 15:35:43,颜色分类:黑色尺码:均码,还好吧，建议有肚子的亲不要买
2017-11-27 21:50:16,颜色分类:黑色尺码:均码,还不错满意
2017-11-23 13:28:11,颜色分类:黑色尺码:均码,真心不错！特别有范
2017-11-21 02:18:21,颜色分类:咖啡色尺码:均码,还可以！
2018-11-12 08:23:32,颜色分类:黑色尺码:均码,去年买过一回，今年回购
2017-12-19 15:10:02,颜色分类:咖啡色尺码:均码,买给婆婆的，穿着很洋气
2017-12-14 17:21:26,颜色分类:咖啡色尺码:均码,毛衣就穿了一个下午，变形严重，膝盖处，屁股那严重变形起包，不想再穿了
2017-11-17 22:44:04,颜色分类:黑色尺码:均码,可以
2018-09-11 09:00:15,颜色分类:咖啡色尺码:均码,"质量非常好，与卖家描述的完全一致，非常满意,真的很喜欢，完全超出期望值，发货速度非常快，包装非常仔细、严实，物流公司服务态度很好，运送速度很快，很满意的一次购物"
2017-12-21 22:20:14,颜色分类:咖啡色尺码:均码,好看，很显身材，同事也都很喜欢，要了链接去
2017-12-21 11:44:21,颜色分类:黑色尺码:均码,质量很好，就是贵了点
2017-11-16 18:06:00,颜色分类:咖啡色尺码:均码,大爱，这个质量在店面买，怎么滴也要三百多，太值了，喜欢，还会再来
2018-10-26 10:55:49,颜色分类:黑色尺码:均码,好评
2017-11-14 16:45:36,颜色分类:黑色尺码:均码,还不错！！！
2018-01-17 09:08:48,颜色分类:咖啡色尺码:均码,好美
2017-10-22 07:00:06,颜色分类:黑色尺码:均码,质量很好
2017-10-28 10:27:19,颜色分类:黑色尺码:均码,漂亮漂亮，非常喜欢！显身材，超级棒
2017-11-25 11:20:05,颜色分类:咖啡色尺码:均码,双十一买了9件，这件最满意了，上身效果很好显瘦。这家店铺衣服款式和质量都不错的，就是客服服务态度差，在这家店帮衬了好几年了，服务态度越来越差了，每次换货都很闹心，需然后来事情解决了，但这解决事情的态度&hellip;&hellip;唉！
2017-11-26 21:18:59,颜色分类:咖啡色尺码:均码,衣服很百搭，配短外套，配大衣都很好看，先穿段时间再来追评！
2017-12-02 23:42:28,颜色分类:咖啡色尺码:均码,好
2017-11-16 22:36:19,颜色分类:咖啡色尺码:均码,可以
2017-10-22 09:56:30,颜色分类:咖啡色尺码:均码,很好，很有弹性 没有色差，和图片一样 不透 很精细，物超所值 包装相当好
2017-12-22 21:03:57,颜色分类:咖啡色尺码:均码,这衣服，我收到太惊喜了，特别的厚实，款式，颜色，特别的美丽，第一次买这个牌子，特别多满意，衣服，质量特别好，穿着特显身材！哈哈？都说美丽？
2017-11-21 19:37:21,颜色分类:黑色尺码:均码,我能说穿一天就松的变形吗
2018-09-11 21:58:52,颜色分类:咖啡色尺码:均码,很修身，不错哦，不过现在还穿不了，等冷些了才能穿
2017-12-07 07:57:04,颜色分类:咖啡色尺码:均码,质量很好
2017-10-24 13:18:50,颜色分类:黑色尺码:均码,很好 一如既往地好 标准 黑色，没有 很好
2017-12-02 16:28:50,颜色分类:黑色尺码:均码,好
2017-11-20 00:17:26,颜色分类:咖啡色尺码:均码,喜欢喜欢好喜欢
2017-11-08 07:00:35,颜色分类:黑色尺码:均码,有点长
2017-12-22 11:27:39,颜色分类:咖啡色尺码:均码,质量挺好的，很显身材
2017-11-27 10:46:13,颜色分类:黑色尺码:均码,韩语淋的衣服质量一直都很好！显身材！好看！
2017-11-15 22:20:30,颜色分类:咖啡色尺码:均码,上身试了一下很显身材哦，不能在胖了。在胖点穿着就不好看了。很喜欢。面料摸着应该不会起球。
2017-11-16 11:53:35,颜色分类:黑色尺码:均码,好看 质量好 款式好
2017-11-21 10:48:46,颜色分类:黑色尺码:均码,漂亮，
2017-12-20 11:02:12,颜色分类:黑色尺码:均码,裙子美美的挺显身材的唯一的缺陷就是袖口开旗有点唠叨，找个针缝一下会更好
2017-11-25 20:09:15,颜色分类:黑色尺码:均码,超级喜欢，在他家买了很多套衣服了，也能穿出那种感觉，很喜欢很喜欢，质量还非常好，摸上去很舒服，语微客服蛮好的，都赞赞赞
2017-10-20 18:22:56,颜色分类:黑色尺码:均码,还行，不会起毛
2017-12-12 19:15:43,颜色分类:黑色尺码:均码,面料很舒服，很修身，超级喜欢
2019-01-21 21:19:06,颜色分类:黑色尺码:均码,质量衣服都不错，满意
2017-10-20 15:39:31,颜色分类:咖啡色尺码:均码,好评 好评
2018-10-16 22:38:03,颜色分类:咖啡色尺码:均码,质量特别好经常在他们家买衣服😊
2017-10-24 12:28:46,颜色分类:咖啡色尺码:均码,不错！
2017-11-30 19:11:52,颜色分类:黑色尺码:均码,双十一抢的很划算，裙子穿上去美美的，也很厚实，老公都夸漂亮，哈哈?
2018-09-05 10:58:23,颜色分类:咖啡色尺码:均码,在你们家买过好多件衣服了，都很满意，衣柜有半柜子是你们家的衣服了，特别喜欢你们家风格，穿上去美美哒！这件是去年就想买的款，今年看见搞活动了，买了超划算，质量也是很满意的，会一直光顾的
2017-12-14 21:39:33,颜色分类:咖啡色尺码:均码,质量很好，穿着也好看。
2017-11-27 20:37:42,颜色分类:咖啡色尺码:均码,衣服很正厚实没色差，已经是老顾客了，所以一直关注你。
2018-10-15 11:22:20,颜色分类:咖啡色尺码:均码,质量不错，非常满意
2018-02-01 10:20:45,颜色分类:咖啡色尺码:均码,上身效果还不粗，质感稍稍有点硬，性价比高，我认为送的腰带要是精致一点就好了，毕竟这种材质很容易折坏
2017-11-17 19:53:31,颜色分类:黑色尺码:均码,质量很好
2017-11-30 05:30:58,颜色分类:咖啡色尺码:均码,袖口设计好差，掌心很长，掌外却短
2017-11-06 14:13:20,颜色分类:咖啡色尺码:均码,此用户没有填写评论!
2017-11-18 19:45:45,颜色分类:黑色尺码:均码,可以
2018-10-29 17:03:43,颜色分类:咖啡色尺码:均码,非常合身！很满意！下次还要光顾！
2017-12-03 18:10:23,颜色分类:黑色尺码:均码,很修身很喜欢，以后还来光顾
2017-11-27 11:52:04,颜色分类:咖啡色尺码:均码,好
2017-12-17 21:47:26,颜色分类:咖啡色尺码:均码,宝贝还是很满意
2017-11-24 18:17:29,颜色分类:黑色尺码:均码,特别想差评，可看在衣服我喜欢，还是给个赞吧！会回购的。真心不错！
2018-11-21 15:30:46,颜色分类:黑色尺码:均码,挺好的
2017-11-19 17:14:37,颜色分类:黑色尺码:均码,毛衣修身，不起球！挺好的
2017-11-28 13:54:21,颜色分类:咖啡色尺码:均码,很好.
2017-12-05 14:53:49,颜色分类:咖啡色尺码:均码,挺好看的，质量很好不起球
2017-11-17 20:13:28,颜色分类:黑色尺码:均码,显瘦，显身材?
2018-09-25 19:41:48,颜色分类:咖啡色尺码:均码,此用户没有填写评论!
2017-10-26 13:41:31,颜色分类:咖啡色尺码:均码,值得购买
2017-11-24 15:41:44,颜色分类:咖啡色尺码:均码,才穿两三天就成这个样子了，还以为质量会好点呢，谁知道质量这么差，都起球了
2017-11-23 15:56:32,颜色分类:黑色尺码:均码,不错不错，穿起来很显身材，晚点上图
2017-11-25 14:21:31,颜色分类:黑色尺码:均码,还可以！就是蛮褪色！
2017-10-26 14:23:41,颜色分类:黑色尺码:均码,真的很不错，很显瘦，重量很足，
2017-11-16 08:06:22,颜色分类:咖啡色尺码:均码,蛮好的
2018-10-23 15:53:05,颜色分类:黑色尺码:均码,之前买了一件黄色的，现在入手一件黑色的，刚收到货，就被同事打劫走，穿回家了！没办法，我只能在重新拍了
2017-11-21 23:28:27,颜色分类:咖啡色尺码:均码,以为很长 十了刚好 就是有点薄
2017-11-28 16:12:08,颜色分类:咖啡色尺码:均码,还不错
2018-03-12 22:33:12,颜色分类:黑色尺码:均码,是他们家的老客户了，买了很多他家衣服，质量好，款式新颖，非常喜欢他家的衣服，满意
2017-11-29 11:12:01,颜色分类:黑色尺码:均码,配大衣很好看
2017-10-29 17:27:57,颜色分类:黑色尺码:均码,黑色毛衣百搭！如果对自己的身材不够满意的话，最好穿一个塑身衣，会穿出效果。
2019-01-22 06:22:40,颜色分类:咖啡色尺码:均码,衣服质量很好，这是第二件。好评
2017-10-21 11:06:50,颜色分类:咖啡色尺码:均码,此用户没有填写评论!
2018-09-02 16:45:54,颜色分类:咖啡色尺码:均码,语琳家的衣服质量一向不用担心，除了网纱或欧根纱对部分皮肤敏感外，活动的时候决不能错过哦，就算没有活动此价格也是对得起衣服的，相信大家的眼光，买过这家衣服你就懂，已经在这家店逛了三年了，上街再也买不了衣服。好衣服配好身材，效果棒棒哒👍
2018-11-19 16:11:43,颜色分类:黑色尺码:均码,就是领子太高了，自己买了纱裙内搭，好看多了
2018-09-04 09:52:29,颜色分类:咖啡色尺码:均码,很修身，保暖度超好的
2017-12-01 12:24:14,颜色分类:咖啡色尺码:均码,还可以。颜色很正呢。质量也不错。  洗了 没有掉色.  就是领太高了呢。 袖子也太长了。单穿还可以.      发货很快呢。
2017-11-21 16:10:14,颜色分类:黑色尺码:均码,衣服沉甸甸，正适合冬季打底穿，版型好看非常显身材，好喜欢！
2018-12-17 21:04:09,颜色分类:黑色尺码:均码,就是腰带有些劣质，其他的还不错
2018-10-29 15:40:30,颜色分类:黑色尺码:均码,衣服收到了，很是喜欢
2017-11-24 16:34:52,颜色分类:咖啡色尺码:均码,好看，是我想要的
2017-11-22 14:51:03,颜色分类:黑色尺码:均码,喜欢
2017-12-03 09:40:43,颜色分类:咖啡色尺码:均码,效果非常好 质量也很好 很显身材。做工也很好 还会光顾这家店的
2017-11-24 22:41:50,颜色分类:黑色尺码:均码,超级好看
2017-11-26 15:29:27,颜色分类:咖啡色尺码:均码,一般吧  就是忘記問身高太大了
2017-11-20 16:42:23,颜色分类:咖啡色尺码:均码,值，质量杠杠的。我是老顾客啦，这家衣服质量性比价高。
2017-12-01 11:47:14,颜色分类:咖啡色尺码:均码,此用户没有填写评论!
2019-01-07 00:02:25,颜色分类:咖啡色尺码:均码,很显身材，料子也不错，很重很垂，为了这件衣服，正在努力减肥
2019-04-09 08:05:16,颜色分类:黑色尺码:均码,活动时买的，整体不错
2017-11-18 21:25:46,颜色分类:黑色尺码:均码,裙子非常好看，我一年四季的衣服都是韩语琳的，大爱
2017-12-02 10:24:29,颜色分类:咖啡色尺码:均码,我本人身高，1米59左右，，体重，92，第一张图片是我，买回来毛衣就莫不期待的试了一下还没有拆开牌，这件毛衣，质量好的没话说，我朋友都说，穿这件毛衣显得我前偶后翘，毛衣真的好好哦，第一次买这么好的毛衣，而且价格值得，我闺蜜都问我要了的链接，祝老板生意兴趣。
2017-12-05 18:15:28,颜色分类:黑色尺码:均码,物美价廉
2017-10-25 22:16:33,颜色分类:黑色尺码:均码,衣服很修身显瘦漂亮
2017-12-12 20:23:51,颜色分类:咖啡色尺码:均码,此用户没有填写评论!
2017-12-12 20:24:12,颜色分类:咖啡色尺码:均码,此用户没有填写评论!
2017-11-20 00:54:58,颜色分类:咖啡色尺码:均码,还是一如既往的那么好看。穿起来很漂亮！
2017-12-01 11:10:31,颜色分类:黑色尺码:均码,好
2017-12-25 22:33:04,颜色分类:咖啡色尺码:均码,衣服收到，这是二次购买，款式好看，质量一流，大爱
2017-11-28 11:20:42,颜色分类:黑色尺码:均码,很好，合身。质量不错。
2017-10-30 21:18:11,颜色分类:咖啡色尺码:均码,衣服质量很好！穿起来很女人
2018-01-24 11:59:36,颜色分类:咖啡色尺码:均码,喜欢的颜色、质量也不错、袖子设计不太好
2018-10-28 17:03:03,颜色分类:咖啡色尺码:均码,衣服老婆很喜欢，【语曦宝宝】服务态度也很好，希望店家生意越来越好
2019-01-20 23:18:21,颜色分类:黑色尺码:均码,很沉手，质量很好，显身材！
2018-01-25 12:53:49,颜色分类:黑色尺码:均码,衣服的领子没有想象中的那么好，会变形
2017-11-13 17:50:27,颜色分类:黑色尺码:均码,双十一第一次物流这么快，赞赞赞，衣服也是美美的
2017-12-08 16:11:45,颜色分类:黑色尺码:均码,一般
2018-09-03 22:11:15,颜色分类:黑色尺码:均码,很漂亮，很显身材
2018-01-15 13:28:40,颜色分类:黑色尺码:均码,此用户没有填写评论!
2017-11-13 18:24:44,颜色分类:黑色尺码:均码,高大上，穿上特别显气质，满意
2017-11-19 10:46:19,颜色分类:黑色尺码:均码,太好看了?非常喜欢
2017-11-24 11:54:58,颜色分类:黑色尺码:均码,喜欢，裙子质量也好，款式好，重重的！上身效果很好！
2018-01-12 13:14:04,颜色分类:咖啡色尺码:均码,此用户没有填写评论!
2017-12-02 11:51:29,颜色分类:黑色尺码:均码,挺厚的，身材好的穿起来很有气质，好评
2017-11-16 19:46:22,颜色分类:黑色尺码:均码,质量可以，拿到手里面也很有质感
2017-11-24 16:46:26,颜色分类:咖啡色尺码:均码,挺漂亮的比较考验身材我有点小肚子有一点显努力减减肚子再穿
2017-11-21 08:40:19,颜色分类:咖啡色尺码:均码,挺修身
2017-10-22 18:26:38,颜色分类:咖啡色尺码:均码,好看，喜欢的可以下手
2018-01-24 14:33:02,颜色分类:黑色尺码:均码,还可以 弹性大 挺柔软，衣服线头细节上面有些不好
2017-11-20 20:56:27,颜色分类:黑色尺码:均码,挺好看的
2017-11-24 10:25:49,颜色分类:黑色尺码:均码,衣服好长，很高挑，非常喜欢，很显身材
2017-11-26 09:07:46,颜色分类:黑色尺码:均码,就那么回事
2017-10-23 16:17:26,颜色分类:咖啡色尺码:均码,太喜欢这里的衣服了，质量非常好，非常合身，买了2件都很漂亮。
2018-01-26 14:58:52,颜色分类:咖啡色尺码:均码,本来是看腰带好看买的，结果腰带戴上去根本不贴紧还一直松掉，最关键的还是腰带钉反了！衣服一般，这样质量的几十块就能买到！买贵啦！
2017-10-31 17:00:52,颜色分类:黑色尺码:均码,质量不错，包装也不错。好评
2017-11-28 19:14:35,颜色分类:咖啡色尺码:均码,一如既往的好
2018-02-02 21:56:08,颜色分类:咖啡色尺码:均码,衣服很美，穿上很性感，质量好得很，值得购买，衣服与描述的一样好，
2017-11-14 19:53:15,颜色分类:咖啡色尺码:均码,还行挺好看！！就是薄了！有点相对贵了些！&hellip;&hellip;物流很快双十一第四天到
2017-12-16 19:02:40,颜色分类:咖啡色尺码:均码,不错
2017-11-18 17:38:38,颜色分类:黑色尺码:均码,没有我预期中的那么好
2017-12-02 23:42:39,颜色分类:咖啡色尺码:均码,质量不错，合身
2017-11-14 17:35:11,颜色分类:黑色尺码:均码,好评
2018-10-14 13:18:02,颜色分类:黑色尺码:均码,不错
2017-11-05 08:20:17,颜色分类:咖啡色尺码:均码,不错，穿了很舒服，也显身材
2018-02-10 21:28:50,颜色分类:黑色尺码:均码,衣服很棒，很喜欢，太爱了！
2017-11-09 22:22:25,颜色分类:黑色尺码:均码,衣服跟描述的一样，不起球，很有型，价钱也很合适，其中客服语涵宝宝特给力，
2017-11-30 21:20:32,颜色分类:咖啡色尺码:均码,衣服美美哒，双十一买的，价钱公道，衣服质量好，物有所值，购物心情愉快，好评！
2017-12-02 03:04:35,颜色分类:咖啡色尺码:均码,此用户没有填写评论!
2018-09-07 05:51:43,颜色分类:黑色尺码:均码,上身效果不错，值得购买，秋冬必备神器，强力推荐，祝店家生意兴隆！
2017-11-14 23:18:49,颜色分类:咖啡色尺码:均码,现在怀孕呢，囤货
2017-11-27 11:21:48,颜色分类:咖啡色尺码:均码,此用户没有填写评论!
2019-01-19 21:19:38,颜色分类:黑色尺码:均码,好评
2017-12-08 10:53:46,颜色分类:黑色尺码:均码,还不错，就是袖子那儿忒长了些
2017-12-26 20:17:38,颜色分类:黑色尺码:均码,非常好，比我想象的好，非常合适，哪天传照片
2018-09-27 20:36:12,颜色分类:咖啡色尺码:均码,不错，大气
2017-11-05 14:33:38,颜色分类:咖啡色尺码:均码,不错
2018-09-17 15:49:08,颜色分类:黑色尺码:均码,衣服超级棒  穿上很显身材   这个价格买到这么漂亮的衣服太值了【语曦宝宝】客服赞一个👍
2017-11-22 09:27:02,颜色分类:黑色尺码:均码,一百多块质量款式都挺不错哦，穿在身上一点都不显胖
2017-11-13 21:34:49,颜色分类:黑色尺码:均码,美美哒！我很喜欢?
2017-11-16 11:49:10,颜色分类:咖啡色尺码:均码,挺好的，很合适
2017-11-16 23:13:19,颜色分类:咖啡色尺码:均码,挺好的
2017-11-26 01:02:56,颜色分类:咖啡色尺码:均码,裙子跟照片一样，上身效果也和照片模特穿的一致，非常满意！之后有空再来拍照追评哟！总之很好看！很满意！！
2018-09-28 14:44:12,颜色分类:咖啡色尺码:均码,不褪色不缩水不起球，很正很正的群群
2018-09-04 19:48:38,颜色分类:咖啡色尺码:均码,吊带漂亮，裙子不咋养
2017-12-02 23:36:35,颜色分类:咖啡色尺码:均码,好看，穿着舒服不扎人，超级显身材!
2017-12-12 10:39:34,颜色分类:黑色尺码:均码,此用户没有填写评论!
2017-11-13 20:25:40,颜色分类:咖啡色尺码:均码,衣服质量很好，沉甸甸的。特别喜欢，很满意的一次网购；本人身高163cm  体重110斤，穿上身非常合适。不懂是拍照角度问题还是我本身臀部就是这m大，总之很满意，祝卖家生意兴隆！
2017-11-19 11:00:04,颜色分类:黑色尺码:均码,衣服收到了，上身效果很棒，很显瘦，物超所值的一次购物，下次还会再来的～
2017-12-06 18:32:25,颜色分类:咖啡色尺码:均码,宝贝真心不错，推荐购买
2017-12-20 11:03:09,颜色分类:咖啡色尺码:均码,看着不错，一摸就感觉是不会起球那种面料
2017-12-06 09:52:00,颜色分类:黑色尺码:均码,我一米七二的大高个穿的太紧了，体现不顾效果。就是应该矮一点的小伙伴穿。
2017-11-27 18:59:00,颜色分类:黑色尺码:均码,很好很好真的很好！
2017-11-20 19:13:59,颜色分类:咖啡色尺码:均码,质量不错，
2017-10-31 20:35:57,颜色分类:咖啡色尺码:均码,很坠手的美衣，看样子不会起球，大爱，值得推荐
2018-12-15 14:53:40,颜色分类:黑色尺码:均码,很美
2017-12-13 10:25:13,颜色分类:黑色尺码:均码,此用户没有填写评论!
2018-09-21 09:13:47,颜色分类:咖啡色尺码:均码,宝贝已收到，很是喜欢，一直在他家买，看中的就是品质
2018-10-17 13:10:32,颜色分类:咖啡色尺码:均码,衣服很满意，质量很好，物流快!
2017-11-30 22:51:06,颜色分类:黑色尺码:均码,可以以
2017-10-30 17:31:13,颜色分类:咖啡色尺码:均码,面料很舒服 买了好几天了，也洗过了，给个赞
2017-11-01 22:08:13,颜色分类:咖啡色尺码:均码,面料舒服，感觉不会起球，很修身，蛮百搭，大爱哦，谢谢 客服语薇 美女哦
2017-11-14 01:04:25,颜色分类:咖啡色尺码:均码,还可以，挺厚的。
2017-11-27 09:40:47,颜色分类:黑色尺码:均码,挺好
2017-11-19 20:26:20,颜色分类:咖啡色尺码:均码,挺好 就是发货太慢?
2018-01-18 21:45:36,颜色分类:黑色尺码:均码,好长哦
2018-11-12 19:43:28,颜色分类:黑色尺码:均码,很棒！我很喜欢！棒棒棒哒棒棒哒棒棒哒棒棒哒棒棒哒棒棒哒棒棒哒棒棒哒棒棒哒棒棒哒棒棒哒棒棒哒棒棒哒棒棒哒棒棒哒棒棒哒棒棒哒棒棒哒棒棒哒棒棒哒棒棒哒棒棒哒棒棒哒棒棒哒棒棒哒棒棒哒棒棒哒棒棒哒棒棒哒棒棒哒棒棒哒棒棒哒棒棒哒棒棒哒棒棒哒棒棒哒棒棒哒棒棒哒！
2018-09-15 23:22:16,颜色分类:咖啡色尺码:均码,我是这店的忠实粉丝了，每次都特别满意，衣服款式好看，质量特好，服务态度热情
2017-11-16 22:08:51,颜色分类:黑色尺码:均码,上身效果超级好看，很修身，厚实。本来想买咖啡焦糖，但是大衣是绿色，就买了黑色百搭。
2017-12-21 13:37:48,颜色分类:咖啡色尺码:均码,款式不错，质量也没问题！
2018-10-15 11:04:14,颜色分类:咖啡色尺码:均码,好评
2017-11-20 20:43:39,颜色分类:黑色尺码:均码,衣服质量很好，拿到手上好重，挺好的，感觉应该不会气球，一直喜欢她家的衣服，赞?
2018-01-31 21:32:44,颜色分类:咖啡色尺码:均码,宝贝穿着很显身材喔，已经买了好几件了，感觉他们家的宝贝非常显气质，我非常喜欢，谢谢卖家！
2017-11-23 22:59:10,颜色分类:咖啡色尺码:均码,东东质量很好，值得再次入手，非常非常的喜欢，下次一定还回来光顾的
2017-11-25 22:31:34,颜色分类:咖啡色尺码:均码,还可以
2017-10-27 21:40:56,颜色分类:咖啡色尺码:均码,看中这款很久了，终于下手了，质量很好
2018-11-18 11:22:28,颜色分类:咖啡色尺码:均码,很喜欢这个衣服，回货发现有个线头没弄好有个窟窿，也不想退啦，来回麻烦，就去补一下。
2017-12-14 12:01:29,颜色分类:黑色尺码:均码,效果很好
2017-11-18 23:57:16,颜色分类:咖啡色尺码:均码,衣服收到了！款式和质量都还可以！我老婆很满意！好评！
2017-11-12 13:32:32,颜色分类:咖啡色尺码:均码,不错不错不错不错不错不错不错不错不错不错不错不错不错
2017-11-17 21:56:52,颜色分类:咖啡色尺码:均码,真的很好看，排的视频上传不了，很有重量的衣服，非常好，好几件你家衣服，希望你家衣服质量一直好下去，不要骄傲哦
2018-11-30 16:45:19,颜色分类:黑色尺码:均码,非常好
2018-11-28 21:58:52,颜色分类:咖啡色尺码:均码,很长，还挺好看，很满意，还会再来
2017-11-15 16:51:38,颜色分类:咖啡色尺码:均码,好看，没想到很厚实拿手上可能有两斤。喜欢重显身材。
2017-11-27 15:59:09,颜色分类:咖啡色尺码:均码,好看等天冷再穿
2017-11-20 14:45:18,颜色分类:咖啡色尺码:均码,质量不错 第一次购买
2017-11-10 12:31:50,颜色分类:黑色尺码:均码,面料很舒服，含棉量45%，版型不错。领子太高，袖子太长，需要改。本人身高151，83、58、85，平底鞋，长度到脚踝，供小个美女参考。衣服长度到哪，【1】决于身高【2】看胸围、臀围，数据越大，连衣裙越短
2018-09-26 09:40:11,颜色分类:黑色尺码:均码,此用户没有填写评论!
2018-01-24 18:55:37,颜色分类:咖啡色尺码:均码,不错
2018-09-21 13:17:37,颜色分类:咖啡色尺码:均码,质量很好，买完它就涨价了，很好看，但是要冷一点才能穿。
2017-12-15 12:44:52,颜色分类:黑色尺码:均码,没有模特身材 小肚子藏不住，考虑厚度留下了。
2017-10-23 16:35:57,颜色分类:咖啡色尺码:均码,一如既往的好
2017-11-08 11:15:33,颜色分类:黑色尺码:均码,此用户没有填写评论!
2017-10-25 15:53:20,颜色分类:黑色尺码:均码,面料柔软厚实，特别显型！价格不贵，真心的好，非常满意！打算再买一件别的款！
2017-11-15 13:13:47,颜色分类:咖啡色尺码:均码,宝贝非常好，非常满意，好评好评，物流快
2018-02-19 08:14:39,颜色分类:黑色尺码:均码,厚实保暖
2018-01-10 14:15:07,颜色分类:黑色尺码:均码,衣服收到了，款式很好，唯有是这衣服起球，
2017-12-11 14:27:01,颜色分类:咖啡色尺码:均码,质量好，服务态度好，快递也速度。因本人身高169体重126斤有点紧身，长度穿着到小腿。好评。
2017-12-13 17:32:46,颜色分类:黑色尺码:均码,实物还不错那条腰带就不敢恭维了，物流也是超级慢，买了六件衣服退了四件都是质量问题
2019-01-20 12:16:54,颜色分类:黑色尺码:均码,质量特别好，年货节89到手，开心😃永远支持韩语琳🙏
2017-11-01 18:47:02,颜色分类:咖啡色尺码:均码,质感很好
2018-02-01 21:10:17,颜色分类:黑色尺码:均码,很喜欢
2017-11-23 18:16:17,颜色分类:黑色尺码:均码,物超所值的一件，超喜欢韩家的衣服。这个质量特别好，那个赠送的皮带真是画龙点睛，超级漂亮！
2018-09-16 11:12:30,颜色分类:黑色尺码:均码,质量好 衣服很漂亮
2017-11-19 16:45:44,颜色分类:黑色尺码:均码,柔软舒服，还很性感，把曲线都显示出来了，老公也觉得非常好看
2018-11-16 19:25:59,颜色分类:咖啡色尺码:均码,好看
2018-09-15 14:15:52,颜色分类:黑色尺码:均码,款式质量不错，颜色好看，客服态度很好有耐心，满意！
2017-10-29 17:45:00,颜色分类:咖啡色尺码:均码,没有图上好看，但质量还可以！好评吧
2017-12-11 13:31:16,颜色分类:咖啡色尺码:均码,此用户没有填写评论!
2017-11-16 18:08:10,颜色分类:咖啡色尺码:均码,此用户没有填写评论!
2017-11-13 20:08:13,颜色分类:咖啡色尺码:均码,质量很好很好，穿着很舒服
2019-01-16 13:25:33,颜色分类:黑色尺码:均码,漂亮
2019-01-18 08:39:39,颜色分类:黑色尺码:均码,做工：不错。
2017-12-13 13:17:50,颜色分类:咖啡色尺码:均码,很好
2017-12-12 19:42:30,颜色分类:咖啡色尺码:均码,衣服穿了几次，朋友们都说好看
2017-11-13 14:05:48,颜色分类:咖啡色尺码:均码,可还行？本人净身高166，长度到这里，供大家参考下，图片没美颜
2017-12-04 20:12:10,颜色分类:黑色尺码:均码,双十一买的超划算，拿到手里挺厚实沉甸甸的，试穿了下感觉像旗袍，感觉还不错
2017-11-19 15:02:35,颜色分类:黑色尺码:均码,面料很好，很有分量，很重！有点掉色，建议和其他衣物分开洗！领子超高领，要折叠好几层！但是超显身材！
2017-11-15 21:08:59,颜色分类:黑色尺码:均码,衣服真的都很满意。就是收到货出了点小问题。客服语涵宝宝很快帮忙解决了、谢谢、
2018-09-07 15:13:29,颜色分类:咖啡色尺码:均码,喜欢
2018-09-26 14:35:44,颜色分类:黑色尺码:均码,此用户没有填写评论!
2017-12-23 19:05:07,颜色分类:咖啡色尺码:均码,比我想像的还好看，一米五五穿起来都好有气质，买裙子选这家一点都不会失望，质量棒棒的物流也很快。
2017-11-21 16:16:01,颜色分类:黑色尺码:均码,一般般吧！有点薄
2019-10-08 19:50:07,颜色分类:咖啡色尺码:均码,此用户没有填写评论!
2017-10-28 21:35:53,颜色分类:黑色尺码:均码,衣服很有份量，质量很好，162穿的到脚踝，好搭配，就是觉得有一点长，不知道会不会起球，希望不要
2017-11-28 10:20:25,颜色分类:咖啡色尺码:均码,质量好，显瘦呢，显得皮肤白
2017-12-01 11:58:01,颜色分类:咖啡色尺码:均码,质量挺好的，没什么多余的线头，也很有垂感，一开始我还怕太长了，因为我没有模特那么高，但是穿上后却刚刚好，脖子是高领的很暖和，外边再套个长大衣，反正不冷。唯一的缺陷就是本人腰细，腰带略宽了点。。
2017-12-07 09:18:51,颜色分类:黑色尺码:均码,漂亮！开两次了！我之前买了一件焦糖色，同事喜欢要我帮她拍了黑色
2017-12-10 11:01:26,颜色分类:黑色尺码:均码,亲迟来的平价，东西不错的，?
2017-10-25 10:51:19,颜色分类:黑色尺码:均码,挺厚的，在老家穿会保暖，在深圳要热死
2017-11-23 01:31:08,颜色分类:咖啡色尺码:均码,还好，挺喜欢。也有女人味。
2017-12-27 12:41:01,颜色分类:咖啡色尺码:均码,美美哒
2017-11-30 11:14:51,颜色分类:黑色尺码:均码,穿着很好看就是领子真的很高，要折3下。
2017-11-24 15:43:08,颜色分类:咖啡色尺码:均码,宝贝不错?物流快，服务态度也好。
2018-02-02 19:27:05,颜色分类:咖啡色尺码:均码,很多
2018-02-03 19:05:34,颜色分类:黑色尺码:均码,质量很好  就是觉得领有点太高咯  上身效果也很好  很显瘦的  很喜欢
2017-11-13 18:49:51,颜色分类:黑色尺码:均码,很喜欢
2017-12-31 14:49:23,颜色分类:黑色尺码:均码,好评 挺喜欢这件毛衣的。上次穿没有拍照 ，，，下次拍照片了在来追加评论。。。
2017-11-15 22:33:06,颜色分类:咖啡色尺码:均码,1.55米96斤的小个子，还以为驾驭不了这件衣服，穿上瞬间感觉自己1.7米，显高，貼身，稍微有点显小肚子，颜色也很正，虽然自己不是纸片人，但穿上觉得丰满性感，洋气，搭小皮衣和马甲都很好看。
2017-11-21 18:52:19,颜色分类:咖啡色尺码:均码,质量挺好的
2017-11-01 10:35:13,颜色分类:咖啡色尺码:均码,给我姐买的，她说还不错哦很喜欢，衣料不错哦
2017-10-29 07:47:54,颜色分类:咖啡色尺码:均码,衣服穿起来很好看
2017-12-16 20:14:28,颜色分类:咖啡色尺码:均码,特别喜欢&hellip;上身效果特别棒&hellip;&hellip;一直都是她家的忠实粉丝&hellip;&hellip;
2017-11-30 18:56:39,颜色分类:咖啡色尺码:均码,没看到图片里的袖子，不喜欢这样的袖子，然后衣服很宽松，我159，96斤，颜色很好看，所以把袖子缝一下穿，希望洗水后会缩水吧
2018-01-11 14:34:41,颜色分类:咖啡色尺码:均码,衣服质量是真的很好，物有所值，就是太显形，留着再瘦些穿吧！
2018-12-25 23:19:49,颜色分类:黑色尺码:均码,版型很好、搭衣服有气质
2017-12-03 09:46:47,颜色分类:黑色尺码:均码,上身效果好，面料很舒服
2017-12-23 11:51:39,颜色分类:黑色尺码:均码,穿着真的很好看！
2018-02-11 14:19:12,颜色分类:黑色尺码:均码,真心质量不错100分
2017-12-14 14:48:39,颜色分类:咖啡色尺码:均码,还行
2017-12-17 19:51:33,颜色分类:黑色尺码:均码,款式不错，不过要注意细节，前面领子线明显有一处歪的，影响美观
2017-10-23 10:00:54,颜色分类:咖啡色尺码:均码,质量不错，包装也挺好的，上身效果还不错，醒上高跟鞋还蛮有女人味！
2017-11-18 19:37:30,颜色分类:咖啡色尺码:均码,衣服挺厚，拿着感觉有点沉，非常显身材，穿起来也没有刺皮肤的感觉，配了一件小外套儿子说比你以前的衣服好看
2017-11-09 22:25:32,颜色分类:咖啡色尺码:均码,此用户没有填写评论!
2017-11-15 09:14:12,颜色分类:黑色尺码:均码,洗了试了下，弹性很好很厚实南方的冬天打底合适，就是开衩地方腿冷，真想缝起来?
2017-11-28 18:38:45,颜色分类:咖啡色尺码:均码,毛衣很暖和 穿在身上很舒服 搭配一件大衣刚刚好
2019-01-24 10:42:18,颜色分类:黑色尺码:均码,还不错，质量不错穿起来很舒服
2017-11-15 16:47:02,颜色分类:咖啡色尺码:均码,穿起来很显身材非常喜欢配短款皮衣 长款风衣都好看，质量好 不会起球，朋友看了喜欢 也要买
2017-11-15 18:21:06,颜色分类:咖啡色尺码:均码,帮姐买的，上身效果很好，美美哒！
2017-11-15 21:59:46,颜色分类:咖啡色尺码:均码,衣服厚实，而且很有质感，不是松跨的那种，唯一不足的地方是开叉的下摆有点窄，穿上真心买，推荐大家购买！！穿上很漂亮，大爱，非常满意的一次购物
2017-11-24 16:35:55,颜色分类:黑色尺码:均码,试了一下感觉挺好的，就是洗过后会不会变形。
2017-11-19 20:24:31,颜色分类:咖啡色尺码:均码,很好，保暖好看
2017-11-01 22:35:19,颜色分类:咖啡色尺码:均码,此用户没有填写评论!
2017-12-05 11:45:51,颜色分类:黑色尺码:均码,色差：哈哈，每年都会入一件类似的黑色毛衣，去年的，前年的，大前年的、、、、、、、、、每次的款都有一点点差别，不过这款我还是很喜欢的，料子也很厚实，希望不要起球，还有就是，这种手洗怎么洗尼，丢洗衣机里洗肯定也是不行的哈、、、、、、、、、。
2017-11-26 07:25:58,颜色分类:咖啡色尺码:均码,裙子很漂亮很女人味又显得内敛优雅，个人很喜欢。很有重量的一款连衣裙。
2017-11-25 13:27:22,颜色分类:咖啡色尺码:均码,不是想象中的好，开叉的地方直接不好看。
2017-12-15 08:05:04,颜色分类:黑色尺码:均码,质量很好，已经第N次买他家的衣服了
2017-11-26 19:08:15,颜色分类:黑色尺码:均码,有点硬
2018-02-01 11:10:42,颜色分类:咖啡色尺码:均码,第二件了，很满意，喜欢的美女们不要纠结了哦，质量，款式，颜色穿起很有气质和显瘦，显高，冬天外面套件大衣和长款棉衣也超棒，二，四，八月可以单穿，呵呵，大爱
2017-11-30 10:07:06,颜色分类:黑色尺码:均码,宝贝很好，拿着很有分量
2017-12-27 12:43:05,颜色分类:咖啡色尺码:均码,很好
2017-12-26 16:46:26,颜色分类:黑色尺码:均码,不知道穿多几次会不会越来越长
2017-12-03 12:02:21,颜色分类:咖啡色尺码:均码,双十一买的，物流也没有想象中的那么慢。大赞！真的很实惠，质量很好，和图片上颜色一样没有色差，真的是一次非常满意的购物。先借用一下这 图片，真的是穿着很有质感，好评
2017-11-17 22:18:28,颜色分类:咖啡色尺码:均码,很满意，挺沉的，试穿了，效果也很好，以后再淘淘你家的东西！
2017-11-27 13:39:22,颜色分类:黑色尺码:均码,很厚很舒服 喜欢
2017-12-03 19:07:22,颜色分类:咖啡色尺码:均码,此用户没有填写评论!
2017-11-16 14:34:25,颜色分类:黑色尺码:均码,修身的连衣裙，不错
2017-11-22 23:19:56,颜色分类:黑色尺码:均码,显身材，不过脖子有点松领立不起来
2018-10-21 13:36:43,颜色分类:黑色尺码:均码,喜欢得不得鸟
2018-02-05 22:31:02,颜色分类:黑色尺码:均码,这种料子的毛衣.168太贵，不值
2017-11-20 20:08:31,颜色分类:黑色尺码:均码,显瘦气质款，百搭。质量一如继往的好啊
2017-12-01 14:10:59,颜色分类:黑色尺码:均码,好评
2019-01-19 17:18:17,颜色分类:黑色尺码:均码,喜欢
2018-01-30 10:28:35,颜色分类:黑色尺码:均码,衣服质量是不错的。不好的地方就是领子要卷三卷。袖子也不方便。
2017-11-17 20:03:48,颜色分类:黑色尺码:均码,买的黑色，感觉和图片有点区别
2017-12-05 19:16:44,颜色分类:咖啡色尺码:均码,很显身材、挺厚的穿着也舒服、对得起这个价钱、物美价廉哦
2017-12-20 09:45:45,颜色分类:咖啡色尺码:均码,显身材，质量不错
2017-11-29 20:18:25,颜色分类:黑色尺码:均码,慢
2017-11-15 17:37:19,颜色分类:咖啡色尺码:均码,关注衣衣很久了，活动果断下手，衣衣不管是款式还是质量都好的没话说！果然是一分价钱一分货超赞！
2017-12-27 16:25:24,颜色分类:咖啡色尺码:均码,"高领勒脖子，不太舒服，质量非常好，与卖家描述的完全一致，非常满意,真的很喜欢，完全超出期望值，发货速度非常快，包装非常仔细、严实，物流公司服务态度很好，运送速度很快，很满意的一次购物"
2017-11-21 23:34:51,颜色分类:黑色尺码:均码,很不错衣服比较重 料子挺好的
2017-10-23 16:11:22,颜色分类:咖啡色尺码:均码,暖和显身材就是脖子那里太勒了，
2017-11-22 10:00:43,颜色分类:咖啡色尺码:均码,衣服质量杠杠的，没有色差，穿起很漂亮，物有所值，超喜欢
2017-11-23 20:27:36,颜色分类:咖啡色尺码:均码,这套衣服最满意   好舒服  保暖还好看
2017-12-25 21:49:12,颜色分类:咖啡色尺码:均码,好看，贴身，很显身材，在她家买的毛衣质量都不错的
2017-11-25 23:01:51,颜色分类:黑色尺码:均码,修身，漂亮
2017-12-10 21:17:07,颜色分类:咖啡色尺码:均码,买了三件，这衣服穿着有气质，质量很好
2019-01-15 18:57:03,颜色分类:黑色尺码:均码,很好看
2017-12-24 20:39:12,颜色分类:咖啡色尺码:均码,很美
2018-02-08 12:53:35,颜色分类:黑色尺码:均码,好
2017-10-24 14:17:29,颜色分类:咖啡色尺码:均码,衣服真的很不错，拿在手里沉甸甸的。穿上美美的。
2017-11-23 10:41:06,颜色分类:咖啡色尺码:均码,好贵！跟我之前38买了一件就款式上差点点竟贵那么多！！乡下没人帮忙退换所以才留下来的！
2018-01-13 15:53:13,颜色分类:咖啡色尺码:均码,质量超好，值得购买！
2017-11-17 15:55:24,颜色分类:咖啡色尺码:均码,质量是不错！旗袍款式&hellip;身材自己看着办！?
2017-11-13 18:38:18,颜色分类:黑色尺码:均码,质量摸起来很好，应该不会起球的，也很保暖，一开始觉得太长了，但是穿上了就不觉得了
2017-11-23 14:12:11,颜色分类:黑色尺码:均码,还可以吧  衣服的领子太高了    不知道会不会起球
2017-11-24 13:57:03,颜色分类:咖啡色尺码:均码,好评
2017-11-29 22:06:13,颜色分类:黑色尺码:均码,除了有点重之外，其他都还可以
2018-11-22 18:27:04,颜色分类:黑色尺码:均码,很修身
2017-12-25 22:30:48,颜色分类:咖啡色尺码:均码,宝贝收到，质量好，上身效果美美哒，超喜欢，我也是朋友推荐给我，以后就这家了，会继续关注
2018-09-16 09:36:47,颜色分类:黑色尺码:均码,这个价格很合适的，上身效果也很好，买了这家好多衣服了
2017-11-17 20:40:14,颜色分类:黑色尺码:均码,第一次挑战这种长款修身毛衣裙  很显气质  弹力很大  喜欢这个双十一  买的每件衣服都那么好看又合适  赞
2017-11-14 13:38:44,颜色分类:咖啡色尺码:均码,质量都特别的好，也很好看
2017-10-21 09:42:19,颜色分类:黑色尺码:均码,宝贝收到了，很好！修身，就是袖子太长了，
2017-11-29 23:17:56,颜色分类:咖啡色尺码:均码,衣服料子很重手感！穿上还行就是衣服高领感觉不好看！还没穿，不知会不会起球！
2018-01-28 08:47:44,颜色分类:黑色尺码:均码,第二次购买，质量还可以
2017-11-28 09:22:55,颜色分类:黑色尺码:均码,很好的
2017-11-26 21:15:06,颜色分类:咖啡色尺码:均码,毛衣版型挺好，上身效果超级好，就是领子太常，总体还不错。
2017-12-31 15:17:38,颜色分类:黑色尺码:均码,穿了很显瘦，质量也挺好的！性价比很高！
2017-11-08 17:24:02,颜色分类:咖啡色尺码:均码,此用户没有填写评论!
2018-01-09 15:19:21,颜色分类:黑色尺码:均码,宝贝收到了，好喜欢哦！好漂亮，下次还会关注的，好评，满分
2017-11-29 11:09:03,颜色分类:黑色尺码:均码,不错，厚
2017-10-22 16:32:49,颜色分类:咖啡色尺码:均码,毛衣质量很好，收到时拿到手上沉甸甸的很厚实保暖，比较显高挑的一条长裙又是今年流行的焦糖色
2018-09-25 21:47:36,颜色分类:咖啡色尺码:均码,此用户没有填写评论!
2017-11-28 19:47:22,颜色分类:黑色尺码:均码,还没穿呢?
2018-09-05 16:26:41,颜色分类:咖啡色尺码:均码,穿上很显身材，做工不错，搞活动买的，太划算了，一直穿的都是韩语琳家的衣服，每件很喜欢满意，
2017-11-01 12:33:17,颜色分类:咖啡色尺码:均码,面料柔软穿着舒服很好还便宜
2018-01-02 13:20:23,颜色分类:黑色尺码:均码,衣服质量棒棒的，就是袖子有点长，准备在她家再买点别的款
2018-03-23 17:23:50,颜色分类:黑色尺码:均码,还不错放心购买
2018-01-18 19:39:22,颜色分类:咖啡色尺码:均码,衣服质量很好
2017-10-26 08:54:37,颜色分类:黑色尺码:均码,衣服质量很好 真的是超长  本人160 拍的S码 快到脚踝了  得穿高跟鞋才行
2019-02-10 04:12:48,颜色分类:黑色尺码:均码,质量很好，就是长了
2017-11-29 16:22:44,颜色分类:咖啡色尺码:均码,面料比厚，像棉的应该不会起球。版型很好，上身效果很好。
2018-12-28 16:47:44,颜色分类:咖啡色尺码:均码,特别好看，料子很好
2017-12-01 23:22:07,颜色分类:咖啡色尺码:均码,不多说了，老顾客了&hellip;&hellip;
2017-11-14 21:23:54,颜色分类:黑色尺码:均码,此用户没有填写评论!
2018-01-29 10:23:55,颜色分类:咖啡色尺码:均码,均码 中等 还可以 不透明 直接购买，发货的，还没有试穿，不知道效果怎么样，试了再来评价
2017-11-21 13:35:36,颜色分类:黑色尺码:均码,质量非常好，很厚重，穿上很显瘦，很暖和，懂天是一件很不错的打底裙，满意！十一发货速度真心快哦！
2018-01-19 20:03:28,颜色分类:咖啡色尺码:均码,料子一般
2017-12-15 12:39:40,颜色分类:黑色尺码:均码,双十二买的一批货里第一个到的，点赞?，衣服质量不错?沉甸甸的，只怪自己胳膊太短，袖子显得很长，没有达到预期的效果，准备拿到外面修改一下，其它都不错
2017-12-29 22:37:20,颜色分类:黑色尺码:均码,衣服收到后迫不及待的试穿了一下，上身效果很好，一米六的身材硬是穿出了一米七的效果，超级显身材?
2017-12-19 14:13:36,颜色分类:咖啡色尺码:均码,"特别特别好看，爱死这衣服了，特别优雅，显身材，漂亮死了，非常满意，希望韩语琳家越来越好，他家的衣服买不停买不停，裁剪越来越好，非常满意，面料也越用越好了，美美的，希望大家都来这家买，还有直播可以看，直接能了解到款式面料,非常周到！"
2018-01-29 19:21:28,颜色分类:咖啡色尺码:均码,衣服收到了！质量好！好评
2017-11-13 09:21:19,颜色分类:咖啡色尺码:均码,面料不错 穿上去没有不舒服的感觉。朋友都说漂亮
2017-11-19 11:59:17,颜色分类:咖啡色尺码:均码,一直都买她家的衣服，不仅时尚而且质量特别好，
2017-11-30 01:03:11,颜色分类:黑色尺码:均码,衣服好又怎样，买的不舒心，以后也不会再来，我在她们家买了十几次了衣服了，对人就这样态度，我很真诚的态度第一时间告诉她们我不退衣服了，让优惠六块钱说了十几分钟，态度太差了，以后不会再来了
2018-02-04 22:41:41,颜色分类:咖啡色尺码:均码,这条裙子个人很喜欢，面料厚实，不掉色不变形，特别显身材，去年拍过一条黑色，穿起来很舒服，今年为了搭配黑色大衣穿又拍了件焦糖色至于领子确实有些长，太浪费材质了，但折三层之后还是很完美的，性价比很高，值得购买！
2017-11-25 17:47:33,颜色分类:黑色尺码:均码,衣服很合身，穿上很漂亮，我很喜欢
2017-12-22 11:46:18,颜色分类:黑色尺码:均码,毛衣穿上太显身材了，质量也很好，同事个个都说好看，准备再发一件，打底外穿都是非常棒物流也很快
2018-02-19 15:17:56,颜色分类:黑色尺码:均码,此用户没有填写评论!
2017-11-21 11:35:54,颜色分类:黑色尺码:均码,出了发货有点慢，其它都还好
2017-11-27 12:02:13,颜色分类:咖啡色尺码:均码,便宜又质量好挺喜欢
2017-11-21 08:29:24,颜色分类:咖啡色尺码:均码,很满意。
2017-11-24 23:00:27,颜色分类:黑色尺码:均码,好
2018-02-21 18:56:57,颜色分类:咖啡色尺码:均码,毛衣很漂亮！质量也很好！
2018-01-17 20:53:55,颜色分类:咖啡色尺码:均码,衣服不错，很有手感，想买的赶紧哦
2017-12-02 01:40:45,颜色分类:黑色尺码:均码,看了好多家，犹豫了很久，才决定下单，果然没让我失望，试穿了一下，超级显身材，单穿打底都可以
2017-12-02 14:08:54,颜色分类:咖啡色尺码:均码,我还怕不合我穿  昨天到了试了  好看喜欢喜欢的朋友们下单吧
2017-12-05 10:11:21,颜色分类:黑色尺码:均码,衣服挺好的，毛衣，弹性很大，很显瘦，穿了很有女人味 无 正码
2017-12-01 17:09:51,颜色分类:咖啡色尺码:均码,穿了两次，有点气球哦，划不来
2017-11-27 10:20:21,颜色分类:咖啡色尺码:均码,还行吧，中间有些问题客服也解决了
2017-11-14 23:16:02,颜色分类:黑色尺码:均码,第二次买了
2017-10-21 11:35:40,颜色分类:黑色尺码:均码,衣服面料一般，衣服包身效果很好，弹性很也很大！就不上图了，谢谢理解！
2017-11-23 22:29:52,颜色分类:咖啡色尺码:均码,很性感
2017-11-16 18:11:11,颜色分类:咖啡色尺码:均码,质量一般 洗了一次 开了个口子
2017-11-27 11:52:20,颜色分类:咖啡色尺码:均码,这件衣服不错，穿两次了不起球，赞一个
2017-12-06 22:20:18,颜色分类:咖啡色尺码:均码,很喜欢的一条裙子，穿起来很好看。
2017-12-03 16:06:20,颜色分类:咖啡色尺码:均码,面料很好不起球，物有所值！
2017-11-19 17:44:07,颜色分类:咖啡色尺码:均码,穿上还蛮时尚蛮显身材的，还不错！
2018-01-31 08:01:35,颜色分类:黑色尺码:均码,版型很好，很显身材！有肚腩的不建议入手！质量不错！
2017-11-28 17:50:05,颜色分类:咖啡色尺码:均码,一般，小腿粗的不建议买
2017-11-12 06:37:16,颜色分类:咖啡色尺码:均码,质量很好，很显身材，又拍了一件黑色
2017-12-08 05:25:21,颜色分类:咖啡色尺码:均码,双11买的，太值了
2017-11-24 11:43:27,颜色分类:咖啡色尺码:均码,大爱这家的衣服，每次穿出去都让人惊艳，关键是价格便宜，性价比非常高，哈哈，店家如果考虑给我打折，我每次都可以上传图片做宣传?
2017-11-15 12:55:45,颜色分类:黑色尺码:均码,质量挺好的！拿到手里沉甸甸的！喜欢
2017-11-16 21:05:16,颜色分类:咖啡色尺码:均码,长款毛衣质量很好
2017-11-15 20:56:18,颜色分类:黑色尺码:均码,毛衣厚实显身材，棒棒的
2017-12-07 09:32:44,颜色分类:咖啡色尺码:均码,价格偏贵，发货速度慢，洗了一次就变形，质量还可以。
2017-11-18 10:48:41,颜色分类:咖啡色尺码:均码,不错
2017-11-19 19:55:56,颜色分类:黑色尺码:均码,这个可以
2017-11-20 17:42:17,颜色分类:咖啡色尺码:均码,物流慢 可以理解  5天没有更新 联系客服  敷衍的态度理解不了。商品刚收到 试穿一下 不错的 修身 很有气质  衣领很长  舒服 已经洗了 基本不脱色
2017-10-24 20:02:32,颜色分类:咖啡色尺码:均码,还行不能长肉了，领有一点长了
2017-11-19 09:25:38,颜色分类:咖啡色尺码:均码,质量挺好，显型！很漂亮！
2017-11-12 22:56:59,颜色分类:咖啡色尺码:均码,物流很快 没有拍照片 衣服好紧 放洗衣机洗 希望甩松一点 我不够100斤 身高160 均码穿着都紧 个人觉得这款适合纸片人 好尴尬的说 PS：如果松一点都完美了
2017-11-17 04:20:11,颜色分类:咖啡色尺码:均码,挺不错了
2017-12-12 10:40:58,颜色分类:咖啡色尺码:均码,此用户没有填写评论!
2017-11-17 09:02:45,颜色分类:咖啡色尺码:均码,穿不了太小，应该像别的店分码卖。
2017-11-30 19:46:47,颜色分类:黑色尺码:均码,好看！物流快速～
2017-11-10 21:43:52,颜色分类:咖啡色尺码:均码,颜色真的好好看，很显瘦，值得够买
2017-11-21 18:07:43,颜色分类:黑色尺码:均码,裙子拿出来重重的，料子密度较高，既保暖又修身。
2017-12-15 14:51:57,颜色分类:咖啡色尺码:均码,不错
2017-11-15 22:43:54,颜色分类:咖啡色尺码:均码,很和适。很巴适。
2017-12-12 15:40:38,颜色分类:咖啡色尺码:均码,此用户没有填写评论!
2017-12-07 00:36:19,颜色分类:咖啡色尺码:均码,质量还不错
2017-12-06 20:39:12,颜色分类:咖啡色尺码:均码,透明度：裙子拿在手里第一个感觉就是重，比一般针织衫要重，看着质量要好很多，很修身，显身型。。
2018-01-18 18:28:16,颜色分类:咖啡色尺码:均码,宝贝收到了，挺喜欢的。衣服质量挺厚实的
2017-12-15 10:55:39,颜色分类:黑色尺码:均码,还不错，比较显身材
2017-12-03 23:06:28,颜色分类:黑色尺码:均码,衣服还行，相对来说有点贵了
2018-02-05 12:47:34,颜色分类:咖啡色尺码:均码,衣服收到了 帮同事买的 穿的很好看
2017-11-08 16:37:26,颜色分类:黑色尺码:均码,收到宝贝实在惊艳到了，上身效果超好，超显s身材，瞬间觉得自己是模特一样！也很厚实，冬天打底太棒了！
2017-12-08 11:08:02,颜色分类:黑色尺码:均码,厚实，喜欢，不过是双开叉
2017-11-07 12:39:15,颜色分类:咖啡色尺码:均码,宝贝以收到很好
2018-01-31 18:47:13,颜色分类:咖啡色尺码:均码,衣服质量非常好，物流也很快，值得购买！亲们放心吧！
2019-10-16 13:38:05,颜色分类:黑色尺码:均码,很喜欢
2019-10-16 19:26:36,颜色分类:黑色尺码:均码,不错
